id_contrato,id_cliente,data_referencia,inadimplente_30d,n_parcelas,valor_parcela,renda_declarada_tratada,canal_venda,tenure_dias,comprometimento_renda,qtd_contratos_parcelados,qtd_compras,ticket_medio_compras,qtd_compra_informatica,qtd_compra_moveis,qtd_compra_eletro,qtd_compra_cama_mesa_banho,dias_desde_ultima_compra,qtd_parcelas_vencidas,qtd_parcelas_pagas,qtd_parcelas_pendentes,qtd_atrasos_positivos,qtd_atrasos_pagos,payment_late_rate,payment_mean_delay,payment_max_delay,payment_sum_delay,payment_mean_delay_paid,payment_max_delay_paid,qtd_sac_telefone,qtd_sac_whatsapp,qtd_sac_loja,qtd_sac_site,score_bureau,tem_consulta_bureau,dias_desde_consulta_bureau
C00001,CLI00533,2026-01-22,0,10,101.5,6104.01,Loja física,263,0.016628413125142325,2,6,799.7866666666667,0,3,2,1,51.0,8,8,0,4,4,0.5,5.75,23,46,11.5,23.0,0,1,0,0,600,1,263
C00003,CLI00116,2026-02-02,0,12,207.86,3944.55,Site,323,0.05269549124741733,1,0,,0,0,0,0,,10,10,0,2,2,0.2,0.3,2,3,1.5,2.0,0,0,1,0,878,1,326
C00004,CLI00930,2025-09-05,1,10,151.67,1492.09,Loja física,293,0.10164936431448506,1,2,588.21,1,0,0,1,150.0,9,9,0,5,5,0.5555555555555556,6.222222222222222,21,56,11.2,21.0,0,0,0,0,689,1,296
C00005,CLI02675,2025-09-03,1,12,779.16,2230.13,Site,353,0.3493787357687668,2,5,607.45,1,0,2,2,12.0,11,11,0,5,5,0.45454545454545453,3.8181818181818183,15,42,8.4,15.0,0,0,1,0,594,1,355
C00007,CLI00506,2026-01-29,1,12,164.53,1861.14,Loja física,263,0.08840280688180362,2,4,532.9975,1,1,1,1,68.0,8,8,0,2,2,0.25,3.0,23,24,12.0,23.0,0,0,0,0,518,1,265
C00008,CLI02207,2026-01-10,0,18,189.31,3337.85,Loja física,413,0.056716149617268605,2,0,,0,0,0,0,,13,12,1,4,3,0.3076923076923077,3.5384615384615383,23,46,7.666666666666667,21.0,0,0,0,0,714,1,414
C00009,CLI01444,2025-08-02,1,6,338.82,2976.42,Televendas,173,0.11383474106476908,4,2,703.865,1,0,1,0,363.0,5,5,0,4,4,0.8,4.8,12,24,6.0,12.0,1,0,0,0,633,1,176
C00010,CLI01892,2025-06-06,0,12,110.31,1996.69,Loja física,353,0.05524643284636073,3,2,700.565,1,1,0,0,316.0,11,11,0,4,4,0.36363636363636365,0.5454545454545454,2,6,1.5,2.0,0,0,0,0,730,1,356
C00012,CLI00993,2025-07-14,0,10,146.67,3817.89,Loja física,293,0.03841650754736255,2,0,,0,0,0,0,,9,9,0,5,5,0.5555555555555556,5.111111111111111,15,46,9.2,15.0,0,0,0,0,824,1,296
C00013,CLI01305,2026-01-23,1,18,202.92,3919.16,Loja física,473,0.05177640106553445,1,3,367.74333333333334,1,0,1,1,201.0,15,15,0,14,14,0.9333333333333333,12.733333333333333,23,191,13.642857142857142,23.0,0,0,1,0,450,1,475
C00014,CLI01984,2026-01-10,1,18,89.24,4675.92,Loja física,203,0.0190850142859587,3,6,1367.9400000000003,1,3,0,2,134.0,6,6,0,2,2,0.3333333333333333,2.0,10,12,6.0,10.0,0,0,0,0,844,1,203
C00015,CLI01701,2026-01-23,0,18,108.63,1973.2,Loja física,83,0.05505270626393675,2,2,535.02,0,0,2,0,302.0,2,2,0,1,1,0.5,0.5,1,1,1.0,1.0,0,0,0,0,636,1,84
C00016,CLI00715,2026-01-30,1,18,113.3,2095.82,Loja física,503,0.05405998606750579,3,5,301.91400000000004,0,2,2,1,216.0,16,16,0,3,3,0.1875,0.8125,11,13,4.333333333333333,11.0,0,0,0,1,706,1,505
C00017,CLI00827,2026-01-16,1,12,254.29,4632.83,Loja física,113,0.05488869654185455,2,2,1026.25,0,0,0,2,643.0,3,3,0,3,3,1.0,22.333333333333332,26,67,22.333333333333332,26.0,0,0,0,0,529,1,115
C00018,CLI02112,2026-01-29,1,10,439.33,1414.77,Loja física,83,0.310531040381122,1,1,933.33,1,0,0,0,209.0,2,1,1,2,1,1.0,17.5,23,35,12.0,12.0,1,0,0,0,521,1,85
C00019,CLI02101,2026-01-31,1,10,86.39,3108.39,Loja física,143,0.027792522817278398,3,5,573.51,0,2,1,2,213.0,4,4,0,3,3,0.75,5.75,20,23,7.666666666666667,20.0,0,0,0,0,754,1,145
C00020,CLI01145,2026-01-18,0,6,290.9,2283.33,Loja física,143,0.12740164584181873,1,3,684.1733333333333,1,1,1,0,251.0,4,4,0,0,0,0.0,0.0,0,0,,,0,1,0,0,683,1,145
C00021,CLI01278,2025-11-24,1,6,611.73,9243.37,Televendas,173,0.06618040822773512,1,1,2270.15,0,1,0,0,709.0,5,5,0,2,2,0.4,4.0,19,20,10.0,19.0,0,0,2,0,628,1,174
C00022,CLI01227,2026-02-03,0,24,146.09,2112.06,Loja física,503,0.0691694364743426,1,1,261.64,0,1,0,0,297.0,16,16,0,7,7,0.4375,3.75,25,60,8.571428571428571,25.0,0,0,1,0,579,1,505
C00023,CLI01990,2026-01-21,1,18,122.84,4230.53,Loja física,113,0.029036550975882456,4,4,1021.1125000000001,2,1,1,0,222.0,3,3,0,1,1,0.3333333333333333,5.0,15,15,15.0,15.0,0,1,0,0,721,1,113
C00024,CLI01400,2026-01-20,0,10,210.78,3024.79,Loja física,143,0.06968417642216485,2,3,1174.6133333333335,2,1,0,0,252.0,4,4,0,0,0,0.0,0.0,0,0,,,0,0,0,0,729,1,144
C00025,CLI02088,2026-01-12,0,18,96.73,1604.78,Loja física,323,0.060276174927404384,1,4,1202.115,1,1,1,1,112.0,10,10,0,2,2,0.2,0.2,1,2,1.0,1.0,0,0,0,0,851,1,326
C00026,CLI00358,2026-02-01,0,24,232.13,5892.46,Televendas,563,0.039394412520407436,2,3,576.93,1,1,0,1,474.0,18,18,0,5,5,0.2777777777777778,0.4444444444444444,2,8,1.6,2.0,1,0,2,0,694,1,565
C00027,CLI01773,2025-11-20,1,10,1400.0,3401.61,Loja física,293,0.4115698154697334,3,4,637.95,2,1,0,1,240.0,9,9,0,8,8,0.8888888888888888,13.0,21,117,14.625,21.0,0,0,0,0,581,1,296
C00028,CLI02656,2025-08-25,0,10,419.23,3303.66,Loja física,293,0.12689865179830856,1,1,435.49,0,1,0,0,788.0,9,9,0,4,4,0.4444444444444444,6.333333333333333,23,57,14.25,23.0,1,3,0,1,705,1,293
C00029,CLI01900,2026-01-10,1,12,65.99,4234.96,Site,203,0.015582201484783799,1,2,1769.715,0,1,1,0,99.0,6,6,0,3,3,0.5,7.666666666666667,26,46,15.333333333333334,26.0,2,0,1,0,662,1,205
C00030,CLI01614,2026-01-24,0,18,54.97,2915.72,Televendas,413,0.018852976280301265,2,3,367.3833333333334,1,0,2,0,256.0,13,13,0,6,6,0.46153846153846156,2.923076923076923,18,38,6.333333333333333,18.0,0,0,0,0,711,1,416
C00031,CLI02438,2026-01-26,1,10,123.08,4657.57,Televendas,293,0.02642579714314546,2,4,1274.0049999999999,1,1,1,1,78.0,9,9,0,3,3,0.3333333333333333,0.5555555555555556,3,5,1.6666666666666667,3.0,0,1,1,0,622,1,293
C00032,CLI00209,2025-02-21,1,6,563.86,1384.1,Loja física,173,0.40738385954772055,1,1,527.63,0,0,0,1,226.0,5,5,0,5,5,1.0,14.2,22,71,14.2,22.0,0,1,0,1,490,1,176
C00033,CLI01853,2026-02-05,0,24,89.9,4443.84,Televendas,233,0.02023025131417873,2,8,814.50125,1,2,2,3,100.0,7,7,0,0,0,0.0,0.0,0,0,,,0,1,0,0,881,1,235
C00034,CLI01907,2025-08-09,1,12,167.45,1801.53,Loja física,353,0.09294877132215394,1,2,708.6949999999999,0,0,2,0,214.0,11,11,0,6,6,0.5454545454545454,8.909090909090908,23,98,16.333333333333332,23.0,0,0,0,0,657,1,355
C00035,CLI00344,2026-01-19,0,12,117.64,1582.5,Loja física,233,0.07433807266982623,2,1,422.03,0,0,1,0,341.0,7,7,0,5,5,0.7142857142857143,3.5714285714285716,11,25,5.0,11.0,0,0,0,0,773,1,234
C00036,CLI01444,2025-07-16,1,6,708.69,2934.54,Loja física,173,0.24149951951583556,3,2,703.865,1,0,1,0,346.0,5,5,0,5,5,1.0,14.6,21,73,14.6,21.0,0,0,0,0,617,1,175
C00037,CLI02115,2025-09-12,0,6,243.19,4504.23,Loja física,173,0.05399147024019644,2,4,1403.0525,1,0,2,1,9.0,5,5,0,2,2,0.4,0.8,2,4,2.0,2.0,0,0,0,0,957,1,175
C00038,CLI01080,2026-01-14,0,24,73.95,1814.39,Televendas,563,0.04075749976576149,1,1,473.09,0,0,1,0,717.0,18,18,0,6,6,0.3333333333333333,2.5,17,45,7.5,17.0,0,0,1,0,781,1,566
C00039,CLI00003,2026-01-10,1,12,396.62,2902.17,Loja física,353,0.13666325542611218,2,5,322.07,2,0,2,1,85.0,11,11,0,7,7,0.6363636363636364,3.909090909090909,20,43,6.142857142857143,20.0,0,0,0,0,647,1,355
C00040,CLI02694,2025-08-06,1,6,206.05,1488.84,Loja física,173,0.13839633540205798,2,2,826.4849999999999,0,0,1,1,163.0,5,5,0,4,4,0.8,5.6,16,28,7.0,16.0,1,0,0,0,713,1,175
C00041,CLI00134,2025-11-06,0,12,84.41,3819.5,Loja física,353,0.02209975127634507,3,7,844.4585714285714,2,0,3,2,109.0,11,11,0,1,1,0.09090909090909091,0.18181818181818182,2,2,2.0,2.0,1,0,0,0,738,1,354
C00042,CLI00286,2026-02-05,0,12,96.18,2405.54,Loja física,173,0.0399827065856315,3,8,805.08875,2,4,0,2,53.0,5,5,0,2,2,0.4,0.6,2,3,1.5,2.0,0,0,0,0,665,1,175
C00043,CLI01319,2026-01-22,1,12,176.88,2844.25,Loja física,83,0.06218862617561747,1,4,663.015,1,1,1,1,216.0,2,2,0,1,1,0.5,0.5,1,1,1.0,1.0,0,0,0,0,645,1,83
C00044,CLI01100,2026-01-10,0,18,61.6,3815.58,Loja física,503,0.016144334544158426,5,6,782.315,1,2,3,0,77.0,16,16,0,9,9,0.5625,9.6875,24,155,17.22222222222222,24.0,0,0,1,0,828,1,505
C00045,CLI02448,2026-01-26,0,12,399.09,2340.61,Loja física,323,0.1705068336886538,1,3,1802.1899999999998,1,1,0,1,205.0,10,10,0,5,5,0.5,5.7,26,57,11.4,26.0,0,1,0,0,717,1,326
C00046,CLI00660,2025-10-05,1,6,287.02,1378.87,Televendas,173,0.2081559537882469,2,2,473.18499999999995,0,0,2,0,125.0,5,5,0,3,3,0.6,6.0,24,30,10.0,24.0,0,0,0,0,779,1,176
C00047,CLI00469,2026-01-08,0,12,165.67,4675.5,Site,323,0.03543364346059245,2,2,750.145,1,0,1,0,718.0,10,10,0,4,4,0.4,0.5,2,5,1.25,2.0,1,0,0,0,793,1,323
C00048,CLI00680,2026-01-29,1,18,299.17,1311.11,Loja física,83,0.22818070184805245,2,1,414.22,0,1,0,0,827.0,2,2,0,2,2,1.0,8.5,10,17,8.5,10.0,0,0,1,0,677,1,83
C00049,CLI01263,2025-11-25,1,12,133.95,4080.78,Loja física,353,0.032824607060414915,1,0,,0,0,0,0,,11,11,0,4,4,0.36363636363636365,3.727272727272727,23,41,10.25,23.0,0,0,0,0,718,1,355
C00050,CLI02742,2025-11-22,1,12,129.52,2104.46,Site,353,0.061545479600467586,1,0,,0,0,0,0,,11,11,0,5,5,0.45454545454545453,7.0,23,77,15.4,23.0,0,0,1,0,714,1,355
C00051,CLI00048,2026-02-01,0,24,71.72,3085.28,Loja física,443,0.023245864232743867,2,1,931.25,1,0,0,0,51.0,14,14,0,3,3,0.21428571428571427,0.35714285714285715,2,5,1.6666666666666667,2.0,0,1,0,0,659,1,443
C00052,CLI01279,2026-01-24,1,12,126.96,1604.94,Site,323,0.07910576096302664,2,3,499.92,3,0,0,0,290.0,10,10,0,4,4,0.4,2.8,22,28,7.0,22.0,0,0,2,0,626,1,324
C00053,CLI00780,2026-01-26,0,18,90.0,1815.05,Site,113,0.04958541087022396,1,0,,0,0,0,0,,3,3,0,2,2,0.6666666666666666,16.666666666666668,26,50,25.0,26.0,0,2,0,0,658,1,116
C00054,CLI02689,2026-01-10,0,12,522.2,5109.21,Loja física,113,0.1022075819940852,2,1,334.28,0,0,0,1,102.0,3,3,0,1,1,0.3333333333333333,0.6666666666666666,2,2,2.0,2.0,0,0,0,0,642,1,116
C00055,CLI01133,2026-01-17,1,10,622.74,2864.29,Loja física,203,0.21741513603720294,2,6,1150.685,0,3,2,1,160.0,6,6,0,3,3,0.5,10.333333333333334,22,62,20.666666666666668,22.0,0,1,0,0,767,1,206
C00056,CLI01048,2025-12-07,1,6,361.63,2054.17,Loja física,173,0.1760467731492525,3,3,556.7399999999999,1,0,1,1,77.0,5,4,1,4,3,0.8,16.2,24,81,19.333333333333332,24.0,1,1,2,0,641,1,173
C00057,CLI02734,2026-01-11,0,12,141.27,2176.0,Loja física,323,0.064921875,2,5,821.7180000000001,2,0,1,2,411.0,10,10,0,1,1,0.1,0.1,1,1,1.0,1.0,0,0,0,0,855,1,326
C00058,CLI00827,2026-01-08,0,10,134.66,1692.27,Loja física,113,0.07957359050269756,2,2,1026.25,0,0,0,2,635.0,3,3,0,1,1,0.3333333333333333,0.6666666666666666,2,2,2.0,2.0,0,0,0,0,734,1,115
C00059,CLI01924,2026-02-03,0,18,119.89,4719.74,Loja física,263,0.02540182298177442,3,4,1122.4775,2,0,0,2,214.0,8,8,0,5,5,0.625,9.625,22,77,15.4,22.0,0,0,0,0,668,1,263
C00060,CLI01490,2026-01-11,1,18,54.7,1354.76,Loja física,83,0.04037615518615844,1,2,1323.01,0,1,0,1,82.0,2,2,0,1,1,0.5,12.0,24,24,24.0,24.0,0,0,1,0,725,1,86
C00061,CLI01818,2025-01-04,0,6,829.27,4709.41,Loja física,173,0.17608787512660823,1,1,500.45,1,0,0,0,146.0,5,5,0,1,1,0.2,4.4,22,22,22.0,22.0,0,0,0,0,665,1,174
C00062,CLI00583,2026-02-03,1,18,115.49,2731.73,Loja física,143,0.042277238233646805,1,2,355.415,0,1,0,1,477.0,4,4,0,2,2,0.5,3.75,14,15,7.5,14.0,0,0,0,0,623,1,144
C00063,CLI01770,2026-01-24,1,24,177.94,4935.69,Site,413,0.03605169692586042,2,3,2007.6333333333332,3,0,0,0,209.0,13,13,0,9,9,0.6923076923076923,5.076923076923077,19,66,7.333333333333333,19.0,0,0,2,0,613,1,415
C00065,CLI01318,2026-01-21,0,12,176.22,3193.19,Televendas,323,0.0551861931172276,2,3,554.2266666666667,1,0,1,1,240.0,10,10,0,6,6,0.6,4.7,23,47,7.833333333333333,23.0,0,0,1,0,548,1,324
C00068,CLI01173,2026-02-04,1,24,91.79,2957.23,Site,593,0.031039181937150648,3,8,722.0912500000001,0,5,3,0,71.0,19,19,0,6,6,0.3157894736842105,1.368421052631579,13,26,4.333333333333333,13.0,0,0,0,0,735,1,593
C00069,CLI01163,2025-06-11,1,12,127.2,4655.7,Site,353,0.027321348025001614,2,5,520.588,1,1,1,2,249.0,11,11,0,5,5,0.45454545454545453,4.0,26,44,8.8,26.0,0,0,0,0,845,1,356
C00070,CLI00493,2026-01-12,0,24,29.62,2628.07,Loja física,473,0.011270628255716172,3,5,721.626,0,2,2,1,349.0,15,15,0,7,7,0.4666666666666667,1.6666666666666667,16,25,3.5714285714285716,16.0,0,1,1,1,765,1,474
C00071,CLI00304,2026-01-10,0,24,51.86,1388.61,Loja física,233,0.037346699217202815,1,2,929.29,1,0,1,0,242.0,7,7,0,3,3,0.42857142857142855,2.5714285714285716,15,18,6.0,15.0,1,0,1,0,826,1,234
C00072,CLI00293,2026-01-11,1,12,269.32,1761.12,Loja física,353,0.15292541110202598,2,1,431.35,0,0,1,0,819.0,11,11,0,11,11,1.0,13.181818181818182,22,145,13.181818181818182,22.0,1,0,3,0,424,1,356
C00073,CLI01870,2025-08-21,1,10,84.99,1209.82,Loja física,293,0.07025011985254005,3,3,1120.2166666666667,0,2,1,0,417.0,9,9,0,5,5,0.5555555555555556,10.333333333333334,26,93,18.6,26.0,0,0,0,1,662,1,294
C00074,CLI02399,2025-06-19,1,6,563.28,5321.92,Loja física,173,0.10584150081173711,2,2,783.28,0,0,1,1,356.0,5,5,0,3,3,0.6,5.4,23,27,9.0,23.0,0,0,0,0,708,1,173
C00075,CLI01352,2026-02-04,0,18,126.56,6092.87,Loja física,413,0.02077182017669834,2,3,1171.5133333333333,0,2,0,1,80.0,13,13,0,6,6,0.46153846153846156,1.9230769230769231,16,25,4.166666666666667,16.0,0,0,0,2,724,1,415
C00076,CLI00426,2026-01-21,0,24,35.54,3014.02,Loja física,563,0.011791560772655788,3,1,316.84,0,0,0,1,734.0,18,18,0,3,3,0.16666666666666666,0.16666666666666666,1,3,1.0,1.0,0,0,0,0,790,1,563
C00077,CLI02441,2026-01-23,1,18,55.04,4063.94,Loja física,113,0.013543507039966141,1,2,778.635,0,1,0,1,482.0,3,3,0,3,3,1.0,13.666666666666666,18,41,13.666666666666666,18.0,0,0,0,0,487,1,115
C00078,CLI02589,2026-01-23,0,12,160.05,2682.19,Televendas,83,0.059671387932995056,4,3,970.4333333333333,0,1,2,0,237.0,2,2,0,0,0,0.0,0.0,0,0,,,0,1,0,0,604,1,83
C00080,CLI00033,2026-01-17,0,12,372.23,1956.31,Loja física,203,0.1902714804913332,1,0,,0,0,0,0,,6,6,0,4,4,0.6666666666666666,10.5,25,63,15.75,25.0,0,1,0,0,672,1,204
C00081,CLI00724,2024-12-26,1,6,446.69,3010.44,Site,173,0.14838030321149068,1,1,1563.83,0,0,0,1,100.0,5,5,0,3,3,0.6,6.0,13,30,10.0,13.0,0,0,0,0,548,1,173
C00083,CLI00279,2025-05-08,1,10,619.74,2671.85,Loja física,293,0.23195164399199059,2,1,434.65,0,0,0,1,808.0,9,9,0,8,8,0.8888888888888888,12.333333333333334,21,111,13.875,21.0,1,2,0,0,505,1,295
C00086,CLI00163,2026-01-12,0,10,95.1,4398.58,Loja física,263,0.0216206139254032,1,2,864.365,1,0,0,1,263.0,8,8,0,1,1,0.125,0.125,1,1,1.0,1.0,0,0,0,0,725,1,266
C00087,CLI01860,2025-09-03,1,12,389.86,2821.12,Televendas,353,0.13819334165154265,2,2,1419.3049999999998,1,0,0,1,404.0,11,11,0,7,7,0.6363636363636364,3.6363636363636362,17,40,5.714285714285714,17.0,1,0,1,0,622,1,354
C00088,CLI01840,2025-08-28,0,12,202.07,4141.75,Televendas,353,0.048788555562262324,2,1,635.38,0,0,0,1,188.0,11,11,0,3,3,0.2727272727272727,0.2727272727272727,1,3,1.0,1.0,0,0,0,0,689,1,356
C00089,CLI02456,2026-01-15,1,12,179.28,3329.77,Site,203,0.05384155662403109,2,3,1096.5366666666666,0,2,1,0,7.0,6,6,0,4,4,0.6666666666666666,3.8333333333333335,15,23,5.75,15.0,0,0,0,0,738,1,204
C00090,CLI01492,2026-01-21,1,18,142.22,3097.3,Site,173,0.045917411939431114,2,4,859.4200000000001,1,1,1,1,65.0,5,5,0,0,0,0.0,0.0,0,0,,,0,0,1,0,641,1,176
C00091,CLI02589,2026-01-10,0,18,96.6,4460.33,Loja física,263,0.021657590357664118,4,3,970.4333333333333,0,1,2,0,224.0,8,8,0,2,2,0.25,2.625,20,21,10.5,20.0,0,0,0,0,855,1,264
C00092,CLI02494,2025-11-16,0,10,127.48,2395.12,Loja física,293,0.053224890610908855,3,3,1172.5666666666666,0,2,1,0,379.0,9,9,0,1,1,0.1111111111111111,1.2222222222222223,11,11,11.0,11.0,0,0,0,0,782,1,294
C00093,CLI00947,2026-01-25,0,12,172.4,3643.11,Loja física,113,0.04732220547828641,1,1,2286.2,1,0,0,0,776.0,3,3,0,1,1,0.3333333333333333,0.3333333333333333,1,1,1.0,1.0,1,0,0,0,844,1,114
C00094,CLI02765,2026-01-22,0,12,40.49,3843.89,Loja física,113,0.010533600077005326,3,3,1412.6499999999999,0,0,3,0,364.0,3,3,0,1,1,0.3333333333333333,5.666666666666667,17,17,17.0,17.0,0,0,0,0,616,1,113
C00095,CLI02068,2026-01-20,1,10,123.65,1075.49,Televendas,83,0.11497085049605296,1,1,347.75,1,0,0,0,439.0,2,2,0,1,1,0.5,6.5,13,13,13.0,13.0,0,0,0,0,749,1,84
C00096,CLI00502,2026-01-20,0,12,57.37,1129.48,Loja física,203,0.050793285405673405,2,1,490.93,0,1,0,0,239.0,6,6,0,0,0,0.0,0.0,0,0,,,0,0,0,0,854,1,203
C00097,CLI00327,2025-02-19,0,6,161.07,2832.47,Loja física,173,0.056865562565534676,1,0,,0,0,0,0,,5,5,0,1,1,0.2,0.2,1,1,1.0,1.0,0,0,1,0,595,1,173
C00099,CLI02096,2026-01-23,0,6,393.7,5183.08,Loja física,113,0.07595869637358482,2,1,1440.3,0,1,0,0,426.0,3,3,0,1,1,0.3333333333333333,0.6666666666666666,2,2,2.0,2.0,0,0,0,0,793,1,116
C00100,CLI01724,2025-07-14,0,12,170.75,2589.65,Televendas,353,0.06593555113625393,2,0,,0,0,0,0,,11,11,0,3,3,0.2727272727272727,1.8181818181818181,17,20,6.666666666666667,17.0,1,0,0,0,730,1,354
C00101,CLI00241,2026-01-16,1,12,299.29,2157.63,Loja física,293,0.13871238349485315,2,2,893.87,2,0,0,0,43.0,9,9,0,5,5,0.5555555555555556,2.5555555555555554,14,23,4.6,14.0,0,0,2,0,783,1,293
C00102,CLI00333,2025-08-27,0,10,225.65,2616.64,Televendas,293,0.08623654763360647,3,5,764.7700000000001,1,2,2,0,33.0,9,9,0,4,4,0.4444444444444444,0.8888888888888888,2,8,2.0,2.0,0,0,0,0,855,1,295
C00103,CLI00015,2026-01-26,0,18,57.76,3705.84,Loja física,233,0.015586209874144592,1,3,763.61,1,0,0,2,80.0,7,7,0,1,1,0.14285714285714285,0.2857142857142857,2,2,2.0,2.0,0,0,0,0,742,1,233
C00104,CLI02155,2026-01-21,1,10,334.44,2117.18,Site,263,0.15796484002304953,1,3,883.4699999999999,1,0,1,1,46.0,8,8,0,7,7,0.875,12.125,24,97,13.857142857142858,24.0,1,1,1,0,484,1,263
C00105,CLI01481,2025-12-22,0,18,117.49,3644.85,Site,533,0.032234522682689275,2,3,748.2233333333334,0,2,1,0,92.0,17,17,0,4,4,0.23529411764705882,2.2941176470588234,22,39,9.75,22.0,0,1,0,0,716,1,533
C00106,CLI00130,2026-01-15,0,12,125.51,5081.81,Televendas,233,0.024697893073530888,1,3,703.0433333333334,0,0,0,3,192.0,7,7,0,3,3,0.42857142857142855,0.5714285714285714,2,4,1.3333333333333333,2.0,0,1,0,0,858,1,234
C00107,CLI00028,2026-01-12,1,18,106.91,2621.68,Loja física,443,0.04077919501998718,1,1,4078.99,0,0,1,0,279.0,14,14,0,8,8,0.5714285714285714,7.5,26,105,13.125,26.0,1,0,0,0,541,1,444
C00108,CLI01571,2026-01-28,0,12,54.7,4392.36,Televendas,173,0.012453441885455656,2,4,1277.825,0,3,0,1,260.0,5,5,0,0,0,0.0,0.0,0,0,,,1,0,1,0,737,1,174
C00109,CLI01385,2025-12-22,1,6,154.35,5320.7,Loja física,173,0.0290093408762005,4,5,1241.2400000000002,1,2,1,1,80.0,5,5,0,3,3,0.6,4.0,13,20,6.666666666666667,13.0,0,0,0,0,536,1,176
C00110,CLI01984,2025-06-12,0,10,116.28,2995.31,Loja física,293,0.038820689678196914,2,5,1500.93,1,3,0,1,5.0,9,9,0,4,4,0.4444444444444444,2.3333333333333335,16,21,5.25,16.0,0,2,0,0,1000,1,295
C00111,CLI02647,2026-01-12,1,18,88.44,1331.6,Loja física,323,0.0664163412436167,2,2,728.8,0,1,1,0,122.0,10,10,0,6,6,0.6,3.7,16,37,6.166666666666667,16.0,0,0,0,0,814,1,323
C00112,CLI01169,2025-04-24,1,6,275.62,5288.74,Loja física,173,0.05211449229873278,2,2,341.11,0,0,1,1,466.0,5,5,0,2,2,0.4,4.8,13,24,12.0,13.0,0,0,0,0,729,1,174
C00113,CLI02539,2026-01-09,1,12,156.01,1937.37,Loja física,233,0.08052669340394453,2,4,1364.905,0,0,1,3,242.0,7,7,0,6,6,0.8571428571428571,9.714285714285714,24,68,11.333333333333334,24.0,0,0,0,0,570,1,235
C00114,CLI01095,2026-01-24,1,10,151.15,985.99,Site,173,0.15329770078804045,2,4,1353.6799999999998,1,1,0,2,133.0,5,5,0,4,4,0.8,6.6,19,33,8.25,19.0,1,0,0,0,536,1,176
C00115,CLI00207,2026-01-18,0,12,169.89,1507.03,Loja física,83,0.11273166426680291,2,4,1117.6775,1,2,0,1,51.0,2,2,0,2,2,1.0,8.5,16,17,8.5,16.0,0,0,0,0,627,1,86
C00116,CLI02341,2026-01-26,0,10,131.03,4393.41,Loja física,83,0.02982421399323077,1,0,,0,0,0,0,,2,2,0,2,2,1.0,4.5,7,9,4.5,7.0,0,0,0,0,748,1,84
C00117,CLI02526,2026-02-02,0,18,255.02,5400.41,Loja física,263,0.0472223405259971,1,1,937.29,1,0,0,0,138.0,8,8,0,2,2,0.25,1.375,10,11,5.5,10.0,2,0,0,0,576,1,265
C00118,CLI02354,2026-01-27,1,10,268.49,2013.2,Loja física,203,0.13336479237035564,1,3,850.21,0,2,0,1,471.0,6,6,0,4,4,0.6666666666666666,9.833333333333334,26,59,14.75,26.0,0,0,0,0,751,1,203
C00119,CLI00737,2025-04-14,1,6,338.8,3353.67,Televendas,173,0.10102365468278036,2,3,794.1266666666667,1,1,1,0,48.0,5,5,0,2,2,0.4,4.0,19,20,10.0,19.0,0,0,0,0,562,1,173
C00120,CLI02107,2026-01-26,0,18,120.75,2429.23,Loja física,173,0.049707108836956566,1,0,,0,0,0,0,,5,5,0,2,2,0.4,6.0,22,30,15.0,22.0,1,0,0,0,763,1,175
C00121,CLI02149,2026-01-25,0,18,122.69,2632.17,Loja física,143,0.04661173100521623,1,2,826.325,0,1,0,1,92.0,4,4,0,0,0,0.0,0.0,0,0,,,0,0,1,0,610,1,146
C00122,CLI01828,2025-05-09,1,10,222.71,1840.96,Loja física,293,0.12097492612549975,1,0,,0,0,0,0,,9,9,0,6,6,0.6666666666666666,5.444444444444445,16,49,8.166666666666666,16.0,1,0,0,0,527,1,293
C00123,CLI01593,2026-01-17,1,24,61.59,900.0,Televendas,83,0.06843333333333333,2,4,493.02750000000003,2,1,0,1,405.0,2,2,0,2,2,1.0,18.5,22,37,18.5,22.0,0,0,0,0,739,1,85
C00124,CLI01254,2026-01-22,0,18,304.29,4264.42,Loja física,443,0.07135554190253306,1,3,583.0133333333333,0,0,0,3,115.0,14,14,0,4,4,0.2857142857142857,3.642857142857143,24,51,12.75,24.0,0,0,0,0,624,1,443
C00125,CLI00463,2026-02-02,1,6,194.91,1712.04,Loja física,143,0.11384663909721736,2,4,1306.665,0,3,0,1,99.0,4,4,0,2,2,0.5,9.5,21,38,19.0,21.0,0,2,0,0,721,1,144
C00126,CLI02483,2026-01-30,1,12,132.05,2067.86,Loja física,263,0.06385828827870359,3,2,1048.885,0,1,0,1,75.0,8,8,0,2,2,0.25,2.0,15,16,8.0,15.0,0,0,0,0,687,1,266
C00127,CLI01682,2025-09-17,1,10,248.52,2850.68,Loja física,293,0.08717919934892729,2,3,344.40333333333336,0,2,0,1,213.0,9,9,0,7,7,0.7777777777777778,8.88888888888889,23,80,11.428571428571429,23.0,1,0,0,0,512,1,295
C00128,CLI01476,2026-01-08,1,12,105.8,2890.94,Loja física,173,0.03659709298705611,1,2,739.1,0,1,1,0,300.0,5,5,0,3,3,0.6,4.0,15,20,6.666666666666667,15.0,1,0,1,0,654,1,176
C00129,CLI01539,2026-01-25,1,12,162.35,2216.27,Loja física,143,0.07325371006240214,1,1,792.34,1,0,0,0,672.0,4,4,0,0,0,0.0,0.0,0,0,,,0,0,0,0,669,1,146
C00130,CLI02302,2026-01-26,0,24,61.49,5096.01,Loja física,143,0.012066302852623915,3,2,546.27,0,1,0,1,171.0,4,4,0,1,1,0.25,0.5,2,2,2.0,2.0,0,0,0,0,773,1,143
C00131,CLI00980,2025-01-26,0,6,480.12,1739.35,Televendas,173,0.2760341506884756,1,1,426.74,0,0,0,1,127.0,5,5,0,4,4,0.8,12.6,24,63,15.75,24.0,0,1,0,0,679,1,176
C00132,CLI00540,2025-04-18,1,10,111.02,1297.11,Loja física,293,0.08559027376244112,2,3,1769.2766666666666,0,2,1,0,22.0,9,9,0,7,7,0.7777777777777778,12.555555555555555,26,113,16.142857142857142,26.0,1,0,1,0,629,1,294
C00133,CLI01904,2025-07-23,1,12,194.41,3366.09,Loja física,353,0.05775543731748111,2,2,552.405,2,0,0,0,136.0,11,11,0,4,4,0.36363636363636365,3.090909090909091,19,34,8.5,19.0,1,0,0,1,770,1,353
C00134,CLI01443,2026-01-14,1,12,230.93,2666.33,Televendas,323,0.08660968447266468,1,0,,0,0,0,0,,10,10,0,5,5,0.5,5.4,23,54,10.8,23.0,0,0,0,0,564,1,325
C00135,CLI00749,2025-02-11,0,6,586.92,3256.2,Loja física,173,0.18024691358024691,1,2,978.34,1,0,1,0,352.0,5,5,0,3,3,0.6,9.8,24,49,16.333333333333332,24.0,0,0,1,0,774,1,176
C00136,CLI01694,2026-01-23,1,18,116.56,3002.97,Loja física,173,0.038814906575823274,1,1,1052.83,1,0,0,0,135.0,5,5,0,2,2,0.4,0.6,2,3,1.5,2.0,0,0,0,0,818,1,175
C00138,CLI00894,2025-07-26,1,10,358.87,3348.71,Loja física,293,0.10716664028834984,2,5,1614.1680000000001,1,0,2,2,231.0,9,9,0,2,2,0.2222222222222222,0.3333333333333333,2,3,1.5,2.0,0,0,0,0,703,1,296
C00139,CLI01328,2025-06-06,0,10,82.91,1944.18,Site,293,0.042645228322480425,2,2,480.86,0,0,1,1,127.0,9,9,0,3,3,0.3333333333333333,3.111111111111111,26,28,9.333333333333334,26.0,0,0,0,0,750,1,295
C00140,CLI01306,2026-01-22,0,12,142.81,3551.91,Site,293,0.04020653676472659,1,2,902.76,0,0,1,1,162.0,9,9,0,4,4,0.4444444444444444,2.5555555555555554,18,23,5.75,18.0,0,0,0,0,772,1,294
C00141,CLI02552,2025-06-14,1,10,328.51,2624.96,Televendas,293,0.1251485736925515,1,2,755.405,1,0,1,0,219.0,9,9,0,7,7,0.7777777777777778,10.11111111111111,25,91,13.0,25.0,0,1,0,0,777,1,296
C00142,CLI01683,2026-01-20,1,18,72.88,2437.12,Loja física,203,0.029904149159663863,3,4,404.6675,3,0,1,0,67.0,6,6,0,4,4,0.6666666666666666,8.333333333333334,17,50,12.5,17.0,0,0,0,0,619,1,204
C00144,CLI02391,2025-01-29,1,6,695.78,4793.28,Loja física,173,0.14515738700847855,1,0,,0,0,0,0,,5,5,0,1,1,0.2,0.2,1,1,1.0,1.0,1,0,0,0,768,1,173
C00146,CLI01695,2025-07-11,0,12,241.25,4494.9,Site,353,0.053671939308994644,1,3,493.97333333333336,0,2,1,0,167.0,11,11,0,2,2,0.18181818181818182,1.3636363636363635,14,15,7.5,14.0,0,0,1,0,661,1,355
C00149,CLI02685,2026-01-19,0,10,248.01,2283.31,Site,173,0.10861862821955845,3,4,696.1025,2,0,0,2,590.0,5,5,0,5,5,1.0,19.8,25,99,19.8,25.0,1,0,0,0,594,1,173
C00150,CLI00987,2026-01-22,0,18,46.72,2919.4,Loja física,383,0.0160032883469206,2,4,1106.9499999999998,3,0,0,1,191.0,12,12,0,2,2,0.16666666666666666,0.16666666666666666,1,2,1.0,1.0,0,0,0,0,822,1,386
C00151,CLI00132,2026-01-29,0,12,93.38,4647.21,Loja física,323,0.0200937766961252,1,2,838.3349999999999,0,1,1,0,63.0,10,10,0,5,5,0.5,2.7,18,27,5.4,18.0,0,0,0,0,636,1,323
C00152,CLI00921,2026-01-18,0,12,206.46,2031.62,Loja física,233,0.10162333507250372,4,1,703.29,0,0,0,1,630.0,7,6,1,5,4,0.7142857142857143,14.285714285714286,25,100,19.25,25.0,0,0,1,0,766,1,236
C00153,CLI00323,2025-09-20,1,12,145.65,2665.15,Loja física,353,0.054649832092002325,1,2,2187.67,0,1,0,1,830.0,11,11,0,2,2,0.18181818181818182,0.2727272727272727,2,3,1.5,2.0,0,0,0,0,646,1,353
C00154,CLI00120,2025-07-29,1,10,100.06,1809.9,Loja física,293,0.05528482236587657,2,2,742.0799999999999,0,0,1,1,542.0,9,9,0,5,5,0.5555555555555556,9.777777777777779,26,88,17.6,26.0,0,2,0,0,679,1,296
C00155,CLI02496,2026-01-21,0,18,141.4,4603.39,Loja física,263,0.03071649371441481,5,7,814.7785714285714,2,3,0,2,58.0,8,8,0,4,4,0.5,3.625,21,29,7.25,21.0,2,1,1,0,620,1,263
C00156,CLI01066,2026-01-10,0,18,39.22,1835.68,Loja física,443,0.021365379586856095,1,2,2597.305,0,1,1,0,508.0,14,14,0,7,7,0.5,4.428571428571429,21,62,8.857142857142858,21.0,0,1,0,0,800,1,445
C00158,CLI02678,2026-01-29,1,18,164.21,1820.26,Loja física,473,0.0902123872413831,2,0,,0,0,0,0,,15,15,0,4,4,0.26666666666666666,1.0666666666666667,10,16,4.0,10.0,0,1,1,0,739,1,475
C00159,CLI02336,2026-01-11,0,18,109.36,2384.09,Loja física,323,0.045870751523642145,2,3,805.0066666666667,1,0,2,0,282.0,10,10,0,4,4,0.4,3.7,15,37,9.25,15.0,0,0,0,0,614,1,325
C00160,CLI00965,2026-02-03,1,18,56.62,3504.65,Loja física,113,0.016155678883768707,2,1,527.81,0,1,0,0,94.0,3,3,0,2,2,0.6666666666666666,7.0,20,21,10.5,20.0,0,0,0,1,621,1,116
C00161,CLI00250,2026-01-13,0,18,32.7,4987.28,Televendas,353,0.006556680194414592,3,4,1282.3474999999999,2,0,1,1,31.0,11,11,0,2,2,0.18181818181818182,0.18181818181818182,1,2,1.0,1.0,0,0,0,0,950,1,354
C00162,CLI02423,2026-01-19,0,10,189.76,5215.51,Site,233,0.036383786053521126,2,1,632.12,0,1,0,0,600.0,7,7,0,5,5,0.7142857142857143,7.142857142857143,25,50,10.0,25.0,0,0,0,0,662,1,235
C00163,CLI01440,2026-01-26,1,18,103.47,3172.44,Site,263,0.03261527404773613,2,2,447.46500000000003,0,1,0,1,718.0,8,8,0,5,5,0.625,1.25,3,10,2.0,3.0,0,0,0,0,700,1,266
C00164,CLI02331,2025-08-06,1,12,186.93,1758.14,Site,353,0.10632259091994949,1,0,,0,0,0,0,,11,11,0,4,4,0.36363636363636365,0.7272727272727273,4,8,2.0,4.0,1,0,0,1,843,1,354
C00165,CLI00632,2026-01-12,1,24,152.61,2329.52,Televendas,173,0.06551134997767781,1,0,,0,0,0,0,,5,5,0,2,2,0.4,5.8,22,29,14.5,22.0,0,0,0,0,576,1,176
C00167,CLI00595,2026-02-02,1,24,181.98,1656.06,Loja física,293,0.1098873229230825,3,3,734.1666666666666,1,1,1,0,119.0,9,9,0,5,5,0.5555555555555556,5.444444444444445,21,49,9.8,21.0,0,0,0,0,591,1,296
C00168,CLI00303,2026-01-25,1,12,119.3,2963.42,Site,173,0.04025754027441267,2,0,,0,0,0,0,,5,5,0,0,0,0.0,0.0,0,0,,,0,0,0,0,833,1,175
C00169,CLI00216,2026-01-20,1,18,386.88,2904.39,Loja física,323,0.13320525136087097,3,2,1144.915,0,0,2,0,707.0,10,10,0,6,6,0.6,6.8,20,68,11.333333333333334,20.0,0,0,0,0,564,1,325
C00170,CLI00343,2025-12-30,0,6,225.65,2373.58,Site,173,0.09506736659392143,3,2,904.0149999999999,0,1,0,1,493.0,5,5,0,1,1,0.2,0.4,2,2,2.0,2.0,0,0,1,0,866,1,175
C00171,CLI02463,2026-02-05,0,12,258.36,3015.92,Loja física,353,0.08566540226531208,2,3,708.06,1,0,1,1,409.0,11,11,0,5,5,0.45454545454545453,4.7272727272727275,25,52,10.4,25.0,0,1,0,0,678,1,356
C00172,CLI00971,2025-01-02,1,6,516.06,1935.92,Loja física,173,0.26657093268316867,1,4,1100.615,0,0,2,2,126.0,5,5,0,4,4,0.8,4.6,10,23,5.75,10.0,0,2,0,0,615,1,176
C00173,CLI01580,2025-12-07,0,6,316.52,3998.57,Loja física,173,0.07915829909192536,2,2,874.49,2,0,0,0,532.0,5,5,0,2,2,0.4,0.6,2,3,1.5,2.0,0,0,1,0,642,1,173
C00176,CLI00370,2025-04-27,1,10,179.74,2085.95,Loja física,293,0.08616697428030395,3,2,1468.47,1,1,0,0,205.0,9,9,0,8,8,0.8888888888888888,14.88888888888889,22,134,16.75,22.0,2,1,0,0,575,1,296
C00178,CLI01692,2026-02-02,1,10,213.4,2054.38,Loja física,173,0.10387562184211295,1,3,789.5099999999999,1,0,1,1,68.0,5,5,0,3,3,0.6,7.8,20,39,13.0,20.0,1,0,0,0,806,1,174
C00179,CLI02129,2026-01-09,1,12,187.76,3324.8,Televendas,113,0.0564725697786333,1,2,1839.52,1,0,1,0,694.0,3,3,0,0,0,0.0,0.0,0,0,,,0,0,0,0,881,1,116
C00180,CLI00684,2025-01-09,1,6,267.24,3145.22,Loja física,173,0.08496702933340117,1,2,474.84000000000003,0,1,1,0,58.0,5,5,0,0,0,0.0,0.0,0,0,,,2,0,1,0,643,1,175
C00181,CLI02682,2025-09-03,0,12,286.81,2638.62,Loja física,353,0.10869697038603512,3,3,724.5533333333333,0,1,2,0,228.0,11,11,0,5,5,0.45454545454545453,2.4545454545454546,22,27,5.4,22.0,1,0,0,0,724,1,356
C00183,CLI00764,2026-01-09,0,12,86.24,5108.51,Loja física,293,0.01688163476238668,3,3,1464.26,2,1,0,0,268.0,9,9,0,3,3,0.3333333333333333,0.5555555555555556,2,5,1.6666666666666667,2.0,1,2,0,0,774,1,296
C00184,CLI00493,2025-07-14,0,10,162.48,3011.97,Loja física,293,0.05394476040598014,3,5,721.626,0,2,2,1,167.0,9,9,0,2,2,0.2222222222222222,2.2222222222222223,18,20,10.0,18.0,0,0,1,0,692,1,296
C00185,CLI00266,2026-01-20,1,18,63.91,1401.77,Loja física,353,0.04559235823280566,2,5,901.2439999999999,1,1,1,2,408.0,11,11,0,4,4,0.36363636363636365,4.7272727272727275,22,52,13.0,22.0,0,0,0,0,603,1,353
C00186,CLI00517,2026-02-05,0,18,245.49,5236.18,Site,443,0.04688341500865134,2,2,834.475,0,0,1,1,323.0,14,14,0,2,2,0.14285714285714285,0.14285714285714285,1,2,1.0,1.0,0,0,0,1,768,1,444
C00187,CLI02073,2026-01-17,0,24,142.04,1684.21,Loja física,473,0.08433627635508635,1,1,1676.72,0,0,0,1,861.0,15,15,0,10,10,0.6666666666666666,5.533333333333333,22,83,8.3,22.0,0,1,0,0,750,1,474
C00188,CLI00095,2026-01-30,0,12,88.61,2688.76,Loja física,203,0.03295571192668739,2,5,1246.938,1,2,0,2,102.0,6,6,0,2,2,0.3333333333333333,1.1666666666666667,6,7,3.5,6.0,0,0,0,0,817,1,205
C00189,CLI02576,2026-02-02,1,24,40.13,2444.99,Loja física,503,0.016413155064028895,2,0,,0,0,0,0,,16,16,0,8,8,0.5,4.0,22,64,8.0,22.0,1,2,0,0,724,1,506
C00190,CLI00888,2026-01-28,0,24,139.78,5108.95,Loja física,593,0.02735982931913603,2,1,479.4,1,0,0,0,621.0,19,19,0,11,11,0.5789473684210527,5.842105263157895,20,111,10.090909090909092,20.0,0,0,1,0,692,1,595
C00191,CLI00310,2025-10-01,0,10,166.41,2937.23,Loja física,293,0.0566554202428819,2,4,1200.4825,3,1,0,0,118.0,9,9,0,2,2,0.2222222222222222,0.3333333333333333,2,3,1.5,2.0,0,0,0,0,830,1,293
C00193,CLI01284,2025-06-24,1,10,404.42,1140.5,Loja física,293,0.35459886014905745,1,0,,0,0,0,0,,9,9,0,3,3,0.3333333333333333,2.2222222222222223,16,20,6.666666666666667,16.0,0,0,1,0,753,1,294
C00194,CLI01551,2026-01-18,1,6,336.68,2359.12,Loja física,173,0.14271423242565026,2,0,,0,0,0,0,,5,5,0,4,4,0.8,12.4,26,62,15.5,26.0,1,0,0,0,535,1,175
C00195,CLI02773,2025-08-28,0,10,375.35,2161.61,Loja física,293,0.17364371926480726,4,7,607.2257142857143,1,2,2,2,43.0,9,9,0,3,3,0.3333333333333333,5.222222222222222,23,47,15.666666666666666,23.0,0,1,0,0,607,1,296
C00196,CLI02274,2026-01-23,0,10,246.84,1443.5,Televendas,173,0.1710010391409768,3,2,696.7049999999999,0,1,0,1,128.0,5,5,0,2,2,0.4,3.8,18,19,9.5,18.0,0,0,0,0,589,1,176
C00197,CLI00645,2025-09-03,1,12,47.66,3343.73,Loja física,353,0.014253543198763057,2,3,1104.9033333333334,1,0,2,0,290.0,11,11,0,4,4,0.36363636363636365,6.0,26,66,16.5,26.0,0,1,0,0,714,1,355
C00198,CLI02499,2026-01-02,0,12,280.99,4771.86,Televendas,353,0.058884795446639264,3,1,492.91,0,1,0,0,90.0,11,11,0,2,2,0.18181818181818182,0.2727272727272727,2,3,1.5,2.0,0,0,1,0,697,1,355
C00199,CLI01014,2026-02-03,0,18,56.84,1942.45,Loja física,443,0.02926201446626683,2,5,479.438,1,3,1,0,617.0,14,14,0,2,2,0.14285714285714285,0.21428571428571427,2,3,1.5,2.0,0,0,0,0,997,1,444
C00200,CLI00308,2026-01-24,0,12,112.28,2525.51,Site,263,0.04445834702693713,3,6,828.4683333333334,4,1,0,1,283.0,8,8,0,3,3,0.375,4.375,17,35,11.666666666666666,17.0,0,1,0,0,790,1,266
C00201,CLI01150,2026-01-30,1,12,618.41,2632.52,Site,143,0.23491179554191421,2,2,571.55,1,1,0,0,227.0,4,4,0,3,3,0.75,5.25,18,21,7.0,18.0,0,0,0,0,545,1,145
C00202,CLI00331,2026-01-09,1,24,242.04,4607.32,Site,473,0.052533794049469104,2,4,1688.9025000000001,3,0,1,0,286.0,15,15,0,13,13,0.8666666666666667,8.133333333333333,25,122,9.384615384615385,25.0,0,0,0,1,459,1,475
C00204,CLI02499,2026-01-11,0,12,113.64,4328.27,Loja física,143,0.026255293685467862,3,1,492.91,0,1,0,0,99.0,4,4,0,3,3,0.75,12.75,26,51,17.0,26.0,0,1,0,0,763,1,144
C00205,CLI00882,2026-02-06,1,24,66.31,6106.58,Loja física,263,0.010858778563451228,2,3,987.0166666666668,0,1,1,1,409.0,8,8,0,2,2,0.25,1.125,7,9,4.5,7.0,1,0,0,0,697,1,264
C00206,CLI02306,2026-02-05,1,12,370.93,3137.46,Loja física,263,0.11822620846162182,2,2,480.765,2,0,0,0,678.0,8,8,0,6,6,0.75,4.125,25,33,5.5,25.0,1,0,0,0,725,1,264
C00207,CLI02588,2025-08-07,0,6,295.91,4999.32,Televendas,173,0.05919004984677917,1,0,,0,0,0,0,,5,5,0,3,3,0.6,1.2,4,6,2.0,4.0,0,0,0,0,700,1,173
C00208,CLI00891,2025-08-14,0,6,257.54,2167.79,Loja física,173,0.11880302058778758,3,3,679.6866666666666,1,0,2,0,111.0,5,5,0,1,1,0.2,5.2,26,26,26.0,26.0,0,0,0,0,875,1,175
C00210,CLI01876,2026-02-06,0,12,204.73,5605.8,Loja física,83,0.03652110314317314,3,3,1141.2666666666667,2,1,0,0,468.0,2,2,0,1,1,0.5,1.0,2,2,2.0,2.0,0,0,0,0,845,1,85
C00211,CLI00944,2026-01-08,0,10,86.91,1880.49,Loja física,233,0.04621667756808066,3,4,941.6475,2,2,0,0,14.0,7,7,0,2,2,0.2857142857142857,6.0,24,42,21.0,24.0,0,0,0,0,600,1,236
C00212,CLI01613,2026-01-13,1,12,281.18,1992.48,Site,263,0.1411206135067855,3,4,488.95,1,0,3,0,24.0,8,8,0,4,4,0.5,4.5,16,36,9.0,16.0,0,0,0,0,633,1,264
C00213,CLI02474,2026-01-31,1,10,290.44,2425.13,Loja física,143,0.11976265189907345,2,2,723.01,0,1,0,1,332.0,4,4,0,2,2,0.5,3.75,13,15,7.5,13.0,0,1,0,0,745,1,144
C00215,CLI01759,2025-08-24,1,6,304.82,1495.53,Loja física,173,0.20382071907618035,1,0,,0,0,0,0,,5,5,0,3,3,0.6,10.4,23,52,17.333333333333332,23.0,0,0,0,0,746,1,173
C00216,CLI02559,2026-01-27,0,18,111.05,5926.15,Loja física,83,0.01873897893235912,2,1,1154.91,0,0,1,0,422.0,2,2,0,0,0,0.0,0.0,0,0,,,0,0,0,0,843,1,83
C00217,CLI01154,2025-09-30,0,12,162.83,3828.66,Loja física,353,0.042529239995194146,4,4,895.155,0,1,3,0,131.0,11,11,0,5,5,0.45454545454545453,1.4545454545454546,6,16,3.2,6.0,0,0,0,0,814,1,353
C00219,CLI00804,2026-01-16,1,24,140.7,2357.06,Site,323,0.05969300739056282,1,0,,0,0,0,0,,10,10,0,8,8,0.8,8.8,24,88,11.0,24.0,0,2,0,0,644,1,323
C00220,CLI01275,2025-11-07,0,10,95.64,2892.53,Loja física,293,0.03306447988439186,3,4,608.5925,1,0,2,1,253.0,9,9,0,2,2,0.2222222222222222,2.0,16,18,9.0,16.0,0,0,0,0,789,1,296
C00221,CLI02126,2026-01-15,1,18,189.63,1731.76,Site,113,0.10950131657966462,1,2,430.615,0,0,2,0,47.0,3,3,0,2,2,0.6666666666666666,6.333333333333333,15,19,9.5,15.0,1,0,1,0,634,1,113
C00222,CLI00534,2025-07-11,1,6,251.39,2612.5,Loja física,173,0.09622583732057416,2,2,677.015,0,1,1,0,0.0,5,5,0,2,2,0.4,2.4,8,12,6.0,8.0,0,0,0,0,601,1,174
C00223,CLI00549,2026-01-21,1,12,238.41,1706.67,Loja física,143,0.13969308653694035,6,6,1039.4950000000001,3,1,1,1,163.0,4,4,0,0,0,0.0,0.0,0,0,,,0,0,0,0,673,1,146
C00224,CLI02782,2026-01-27,1,24,44.51,1505.48,Loja física,173,0.029565321359300685,2,1,2240.45,0,0,1,0,759.0,5,5,0,2,2,0.4,5.0,23,25,12.5,23.0,1,1,0,0,599,1,175
C00225,CLI01631,2025-08-07,0,10,102.8,3317.77,Loja física,293,0.030984667412147317,1,0,,0,0,0,0,,9,9,0,1,1,0.1111111111111111,0.1111111111111111,1,1,1.0,1.0,0,0,0,0,675,1,295
C00226,CLI01401,2026-01-27,0,24,74.1,3294.73,Loja física,413,0.02249046204089561,3,1,531.44,0,1,0,0,888.0,13,13,0,0,0,0.0,0.0,0,0,,,0,0,0,0,652,1,413
C00227,CLI00250,2025-12-13,1,12,243.93,3426.3,Loja física,353,0.07119341563786008,3,4,1282.3474999999999,2,0,1,1,0.0,11,11,0,5,5,0.45454545454545453,3.727272727272727,24,41,8.2,24.0,0,1,0,0,734,1,355
C00228,CLI00219,2026-01-31,1,24,138.19,2239.66,Loja física,83,0.061701329666110034,1,0,,0,0,0,0,,2,2,0,2,2,1.0,8.5,11,17,8.5,11.0,0,0,0,0,711,1,84
C00229,CLI02352,2025-04-19,0,6,177.96,3188.22,Loja física,173,0.055817979938649155,1,4,657.89,1,2,1,0,391.0,5,5,0,1,1,0.2,0.2,1,1,1.0,1.0,0,0,0,1,923,1,173
C00230,CLI00351,2024-12-24,1,6,1675.73,2542.6,Loja física,173,0.6590615904979156,1,2,1125.865,1,0,0,1,386.0,5,5,0,5,5,1.0,13.8,25,69,13.8,25.0,1,0,0,0,299,1,174
C00231,CLI00717,2026-02-03,0,24,79.87,4024.16,Loja física,263,0.0198476203729474,2,1,844.71,1,0,0,0,592.0,8,8,0,2,2,0.25,0.375,2,3,1.5,2.0,0,0,0,1,520,1,263
C00232,CLI02698,2026-02-01,1,18,78.92,2877.16,Televendas,413,0.027429826634598007,5,2,798.675,2,0,0,0,114.0,13,13,0,5,5,0.38461538461538464,2.076923076923077,21,27,5.4,21.0,0,0,0,0,767,1,414
C00233,CLI00477,2025-04-14,0,10,103.72,3731.98,Loja física,293,0.027792217535999655,1,3,834.1366666666667,1,0,1,1,345.0,9,9,0,3,3,0.3333333333333333,0.4444444444444444,2,4,1.3333333333333333,2.0,0,0,0,1,772,1,293
C00234,CLI02729,2026-01-29,1,24,57.27,3190.23,Site,563,0.017951683734401595,1,0,,0,0,0,0,,18,18,0,17,17,0.9444444444444444,14.277777777777779,26,257,15.117647058823529,26.0,0,0,0,0,562,1,566
C00235,CLI00187,2025-08-15,0,6,358.06,1497.12,Loja física,173,0.2391658651277119,1,2,956.075,0,0,2,0,50.0,5,5,0,1,1,0.2,4.6,23,23,23.0,23.0,0,0,0,1,707,1,173
C00236,CLI00042,2025-10-27,0,12,77.11,1724.83,Loja física,353,0.044705855069774994,2,5,636.76,2,2,0,1,204.0,11,11,0,2,2,0.18181818181818182,2.3636363636363638,25,26,13.0,25.0,0,0,0,1,686,1,354
C00237,CLI01512,2026-01-19,0,12,110.78,3661.62,Site,113,0.030254368285076005,2,3,1052.01,1,0,2,0,125.0,3,3,0,1,1,0.3333333333333333,0.6666666666666666,2,2,2.0,2.0,0,1,0,0,683,1,116
C00238,CLI00902,2025-03-24,1,6,664.66,5077.08,Loja física,173,0.1309138323603331,2,1,816.72,0,1,0,0,378.0,5,5,0,3,3,0.6,6.0,19,30,10.0,19.0,0,0,0,1,838,1,175
C00239,CLI01598,2025-11-18,0,6,276.22,3244.49,Loja física,173,0.08513510597967633,3,5,859.2139999999999,1,4,0,0,49.0,5,5,0,2,2,0.4,3.4,14,17,8.5,14.0,0,0,0,0,705,1,176
C00240,CLI02689,2025-06-17,0,10,150.62,2246.82,Site,293,0.06703696780338433,1,0,,0,0,0,0,,9,9,0,2,2,0.2222222222222222,0.2222222222222222,1,2,1.0,1.0,0,0,0,0,694,1,295
C00241,CLI00981,2025-03-21,0,6,632.41,2874.97,Site,173,0.21997099100164524,1,2,2400.195,1,0,0,1,267.0,5,5,0,2,2,0.4,2.8,13,14,7.0,13.0,0,1,0,0,631,1,174
C00242,CLI00026,2026-01-27,1,12,149.08,1704.44,Loja física,113,0.08746567787660464,2,2,2043.75,0,1,0,1,120.0,3,3,0,1,1,0.3333333333333333,0.3333333333333333,1,1,1.0,1.0,0,0,0,0,714,1,115
C00244,CLI02647,2025-08-22,0,12,288.37,2368.09,Loja física,353,0.12177324341557964,2,1,673.52,0,1,0,0,669.0,11,11,0,4,4,0.36363636363636365,2.8181818181818183,24,31,7.75,24.0,0,1,1,0,697,1,355
C00245,CLI01152,2026-01-28,1,18,243.7,2719.3,Loja física,323,0.08961865185893428,3,4,1311.355,2,0,1,1,57.0,10,10,0,7,7,0.7,8.6,26,86,12.285714285714286,26.0,0,0,0,0,472,1,325
C00246,CLI02781,2026-01-21,0,6,610.11,3762.26,Loja física,113,0.1621658258599884,1,2,864.6600000000001,1,0,1,0,30.0,3,3,0,1,1,0.3333333333333333,6.666666666666667,20,20,20.0,20.0,0,0,0,0,643,1,115
C00247,CLI01143,2026-01-14,0,24,72.16,2586.92,Site,353,0.0278941753127271,2,4,939.355,1,0,2,1,270.0,11,11,0,2,2,0.18181818181818182,0.6363636363636364,6,7,3.5,6.0,0,1,0,0,670,1,356
C00248,CLI00196,2026-02-02,0,24,77.28,1801.25,Loja física,353,0.04290353920888272,2,2,464.615,0,0,0,2,553.0,11,11,0,4,4,0.36363636363636365,5.363636363636363,23,59,14.75,23.0,0,0,0,0,687,1,353
C00250,CLI00155,2026-02-06,0,18,143.26,3508.7,Televendas,323,0.04082993701370878,1,2,494.91999999999996,0,1,1,0,410.0,10,10,0,3,3,0.3,2.1,18,21,7.0,18.0,0,0,0,0,652,1,326
C00251,CLI01352,2026-01-28,0,18,64.65,2660.6,Site,353,0.024299030293918666,2,3,1171.5133333333333,0,2,0,1,73.0,11,11,0,0,0,0.0,0.0,0,0,,,1,0,0,0,829,1,356
C00252,CLI01442,2025-06-15,0,12,296.04,4501.07,Loja física,353,0.0657710277778395,1,1,589.41,0,1,0,0,389.0,11,11,0,4,4,0.36363636363636365,2.4545454545454546,16,27,6.75,16.0,1,1,0,0,504,1,355
C00253,CLI01494,2025-02-20,0,6,166.14,2444.18,Loja física,173,0.06797371715667422,1,0,,0,0,0,0,,5,5,0,2,2,0.4,4.8,22,24,12.0,22.0,0,0,1,0,682,1,173
C00256,CLI02238,2026-02-06,1,12,199.81,2040.07,Loja física,353,0.09794271765184528,3,5,653.824,2,0,1,2,93.0,11,11,0,3,3,0.2727272727272727,4.363636363636363,25,48,16.0,25.0,2,0,1,0,706,1,353
C00257,CLI01177,2026-01-18,1,24,86.43,4140.64,Site,203,0.02087358475984389,3,4,681.98,0,2,0,2,198.0,6,6,0,1,1,0.16666666666666666,1.5,9,9,9.0,9.0,0,0,0,0,712,1,205
C00258,CLI01929,2026-01-15,1,6,190.89,2938.0,Loja física,83,0.06497277059223962,3,5,1057.8020000000001,2,0,1,2,176.0,2,2,0,0,0,0.0,0.0,0,0,,,0,0,0,0,790,1,86
C00259,CLI00654,2025-05-22,1,6,611.54,2039.95,Televendas,173,0.29978185739846563,1,2,1764.12,0,1,0,1,558.0,5,5,0,3,3,0.6,5.6,23,28,9.333333333333334,23.0,0,1,1,0,579,1,175
C00260,CLI00743,2024-12-23,1,6,281.52,2072.54,Loja física,173,0.13583332529167108,1,1,230.91,0,0,0,1,778.0,5,5,0,3,3,0.6,7.0,23,35,11.666666666666666,23.0,0,0,0,0,565,1,175
C00261,CLI00484,2026-02-03,0,12,222.55,2222.78,Loja física,83,0.10012236928530939,2,2,510.195,1,0,0,1,553.0,2,2,0,0,0,0.0,0.0,0,0,,,0,1,0,0,698,1,86
C00262,CLI01693,2026-01-17,1,12,313.48,2336.66,Site,203,0.13415730144736507,2,2,799.5150000000001,1,1,0,0,258.0,6,6,0,3,3,0.5,7.166666666666667,23,43,14.333333333333334,23.0,0,0,0,1,732,1,204
C00263,CLI01870,2025-09-25,0,10,284.65,2957.84,Loja física,293,0.09623576664052146,3,3,1120.2166666666667,0,2,1,0,452.0,9,9,0,2,2,0.2222222222222222,0.3333333333333333,2,3,1.5,2.0,0,1,0,0,912,1,294
C00265,CLI02691,2026-01-22,1,10,185.06,3537.14,Televendas,203,0.05231910526583625,2,1,266.0,0,0,0,1,90.0,6,6,0,3,3,0.5,8.166666666666666,26,49,16.333333333333332,26.0,0,1,0,0,728,1,203
C00266,CLI02078,2026-01-11,1,10,76.88,1332.85,Loja física,233,0.05768090932963199,1,1,1869.94,0,0,0,1,604.0,7,7,0,5,5,0.7142857142857143,9.571428571428571,20,67,13.4,20.0,1,0,0,0,623,1,234
C00267,CLI02602,2026-01-23,0,18,127.43,1535.97,Loja física,503,0.0829638599712234,1,3,1299.7033333333331,1,0,2,0,228.0,16,16,0,6,6,0.375,4.8125,24,77,12.833333333333334,24.0,0,0,1,0,683,1,506
C00268,CLI01267,2025-06-18,0,12,114.75,5177.81,Site,353,0.02216187925010767,1,5,887.6600000000001,0,2,2,1,63.0,11,11,0,7,7,0.6363636363636364,3.909090909090909,19,43,6.142857142857143,19.0,0,0,0,0,715,1,356
C00269,CLI02102,2026-02-05,1,12,237.07,2250.97,Loja física,353,0.10531904023598716,1,0,,0,0,0,0,,11,11,0,4,4,0.36363636363636365,4.818181818181818,22,53,13.25,22.0,0,0,0,0,670,1,354
C00270,CLI02692,2025-03-20,1,6,245.51,1617.8,Loja física,173,0.15175547039189022,2,2,643.14,1,0,1,0,31.0,5,5,0,3,3,0.6,13.0,23,65,21.666666666666668,23.0,0,0,1,0,635,1,173
C00272,CLI00358,2025-07-26,1,10,119.21,1635.77,Loja física,293,0.07287699370938457,2,3,576.93,1,1,0,1,284.0,9,9,0,7,7,0.7777777777777778,12.777777777777779,26,115,16.428571428571427,26.0,1,2,0,0,726,1,293
C00273,CLI02731,2026-01-27,0,24,70.42,2985.61,Site,83,0.023586469766647352,2,1,689.55,1,0,0,0,380.0,2,2,0,1,1,0.5,3.5,7,7,7.0,7.0,0,1,0,0,662,1,83
C00275,CLI02746,2026-01-08,1,12,66.28,7507.21,Televendas,203,0.008828845869504116,5,7,683.6714285714286,2,2,1,2,0.0,6,6,0,4,4,0.6666666666666666,5.666666666666667,22,34,8.5,22.0,0,2,0,0,762,1,206
C00276,CLI02114,2026-01-11,0,18,51.07,12114.83,Loja física,113,0.004215494563274929,3,2,3626.165,0,0,1,1,438.0,3,3,0,0,0,0.0,0.0,0,0,,,0,1,0,0,693,1,116
C00277,CLI00416,2025-11-13,0,10,194.57,4286.3,Loja física,293,0.04539346289340456,2,1,737.14,1,0,0,0,19.0,9,9,0,3,3,0.3333333333333333,2.7777777777777777,15,25,8.333333333333334,15.0,1,0,0,0,746,1,295
C00278,CLI01777,2026-01-23,0,24,146.56,1463.58,Loja física,503,0.10013801773732903,2,2,794.48,0,2,0,0,321.0,16,16,0,7,7,0.4375,4.0625,24,65,9.285714285714286,24.0,0,0,0,1,563,1,505
C00280,CLI01279,2024-12-12,0,6,120.34,7718.76,Site,173,0.015590587089117942,1,1,359.21,1,0,0,0,817.0,5,5,0,2,2,0.4,0.8,2,4,2.0,2.0,0,0,0,0,781,1,176
C00281,CLI00539,2026-01-11,0,10,517.3,4722.75,Televendas,83,0.10953364035784235,1,0,,0,0,0,0,,2,2,0,1,1,0.5,8.5,17,17,17.0,17.0,0,1,0,0,731,1,83
C00282,CLI01531,2025-12-18,1,12,379.81,4817.61,Loja física,353,0.07883784698221732,2,1,1153.49,0,0,0,1,725.0,11,11,0,6,6,0.5454545454545454,5.818181818181818,23,64,10.666666666666666,23.0,1,0,0,0,530,1,353
C00283,CLI00642,2024-12-25,1,6,446.74,2200.12,Loja física,173,0.20305256076941258,1,1,2952.48,0,0,1,0,481.0,5,5,0,4,4,0.8,15.8,25,79,19.75,25.0,1,1,0,0,682,1,173
C00284,CLI01414,2026-01-28,0,10,151.01,3950.48,Loja física,233,0.038225734594277146,1,1,560.34,0,0,0,1,668.0,7,7,0,0,0,0.0,0.0,0,0,,,1,0,0,0,803,1,233
C00285,CLI00148,2025-06-14,0,10,188.06,1884.03,Loja física,293,0.09981794345100663,2,3,2392.7966666666666,1,1,1,0,58.0,9,8,1,4,3,0.4444444444444444,6.0,23,54,10.333333333333334,15.0,0,0,0,0,608,1,293
C00286,CLI00906,2026-01-25,1,10,149.9,3640.78,Site,173,0.04117249600360362,2,1,543.18,0,1,0,0,70.0,5,5,0,4,4,0.8,14.0,24,70,17.5,24.0,1,0,0,0,594,1,173
C00287,CLI02373,2026-01-30,1,12,342.42,2366.68,Loja física,323,0.14468369192286243,4,3,1261.68,2,0,0,1,748.0,10,10,0,4,4,0.4,6.4,25,64,16.0,25.0,0,0,0,0,800,1,325
C00288,CLI02117,2026-02-03,0,6,305.21,2924.02,Televendas,173,0.10438027099677841,3,4,710.485,1,1,1,1,422.0,5,5,0,3,3,0.6,4.8,21,24,8.0,21.0,0,1,0,0,643,1,174
C00290,CLI01575,2026-01-25,1,12,210.47,2070.26,Loja física,113,0.1016635591664815,1,1,1159.6,0,0,0,1,630.0,3,3,0,1,1,0.3333333333333333,0.3333333333333333,1,1,1.0,1.0,0,1,0,0,783,1,116
C00291,CLI00072,2026-01-30,0,12,108.32,4543.17,Loja física,113,0.023842383181787163,3,1,2240.53,0,1,0,0,151.0,3,3,0,0,0,0.0,0.0,0,0,,,0,0,0,0,706,1,116
C00292,CLI02183,2026-01-15,1,18,158.28,3786.77,Loja física,293,0.041798155155977255,1,1,1099.06,0,0,1,0,626.0,9,9,0,5,5,0.5555555555555556,3.2222222222222223,17,29,5.8,17.0,0,1,0,0,658,1,294
C00293,CLI00068,2025-10-14,1,6,330.29,3032.04,Site,173,0.10893325945568001,1,1,1181.15,0,0,1,0,830.0,5,5,0,2,2,0.4,5.4,25,27,13.5,25.0,1,0,0,0,617,1,174
C00294,CLI00711,2025-04-03,1,10,90.73,3253.44,Loja física,293,0.027887405330972757,2,1,1143.65,0,0,0,1,334.0,9,9,0,4,4,0.4444444444444444,4.666666666666667,16,42,10.5,16.0,0,0,1,0,720,1,295
C00295,CLI02284,2026-01-10,1,12,344.99,3114.12,Site,263,0.11078250035322981,3,4,550.03,2,1,0,1,228.0,8,8,0,5,5,0.625,6.375,25,51,10.2,25.0,0,1,0,0,703,1,263
C00296,CLI01048,2025-12-24,0,10,396.04,3604.65,Loja física,293,0.10986919673199895,3,4,628.31,1,0,1,2,10.0,9,9,0,4,4,0.4444444444444444,3.888888888888889,26,35,8.75,26.0,0,0,0,0,782,1,296
C00297,CLI00622,2026-01-09,0,12,179.52,1300.27,Loja física,263,0.13806363293777446,1,5,2475.5420000000004,0,2,1,2,119.0,8,8,0,4,4,0.5,5.5,25,44,11.0,25.0,0,0,0,0,812,1,263
C00298,CLI02444,2026-01-09,1,12,209.92,4440.45,Loja física,173,0.047274487946041506,1,1,510.4,1,0,0,0,342.0,5,5,0,4,4,0.8,10.6,16,53,13.25,16.0,0,1,0,0,713,1,175
C00299,CLI02735,2026-01-30,0,18,77.41,2671.25,Site,353,0.02897894244267665,1,2,941.725,1,1,0,0,458.0,11,11,0,4,4,0.36363636363636365,2.4545454545454546,21,27,6.75,21.0,0,0,0,1,669,1,356
C00300,CLI02118,2026-01-30,1,18,131.78,2422.97,Site,353,0.0543877967948427,1,1,1672.72,0,0,1,0,590.0,11,11,0,8,8,0.7272727272727273,10.545454545454545,25,116,14.5,25.0,0,0,0,0,601,1,354
C00302,CLI02616,2026-02-01,0,18,148.23,7163.26,Loja física,113,0.020693092251293402,2,4,1017.4875,1,1,0,2,98.0,3,3,0,1,1,0.3333333333333333,0.6666666666666666,2,2,2.0,2.0,0,0,0,0,854,1,115
C00304,CLI02338,2026-01-30,1,18,87.45,1711.81,Site,203,0.05108627709850977,1,3,1041.68,1,1,0,1,429.0,6,6,0,3,3,0.5,1.8333333333333333,7,11,3.6666666666666665,7.0,0,0,0,0,780,1,204
C00305,CLI00156,2026-01-28,0,24,63.86,2354.8,Loja física,383,0.027119075930015286,3,7,1233.6757142857143,1,3,2,1,159.0,12,12,0,3,3,0.25,0.75,6,9,3.0,6.0,1,0,0,0,899,1,383
C00306,CLI01844,2025-01-20,1,6,424.81,1568.27,Televendas,173,0.2708781013473445,2,2,1682.745,1,1,0,0,696.0,5,5,0,2,2,0.4,6.4,24,32,16.0,24.0,1,0,2,0,677,1,174
C00307,CLI00111,2025-08-14,0,6,489.85,4300.52,Site,173,0.11390483011356765,2,3,583.4333333333333,2,0,0,1,266.0,5,5,0,4,4,0.8,3.4,12,17,4.25,12.0,0,0,0,0,745,1,176
C00308,CLI01683,2026-01-18,0,24,37.86,3078.24,Loja física,353,0.012299235927023235,3,4,404.6675,3,0,1,0,65.0,11,10,1,6,5,0.5454545454545454,7.181818181818182,24,79,11.2,24.0,0,0,0,0,692,1,354
C00310,CLI01588,2026-01-16,0,6,274.44,2765.01,Loja física,113,0.0992546139073638,1,0,,0,0,0,0,,3,3,0,2,2,0.6666666666666666,2.0,4,6,3.0,4.0,1,0,0,0,794,1,113
C00311,CLI01690,2026-01-23,0,18,67.19,3182.36,Loja física,143,0.021113261855981093,1,1,229.66,0,1,0,0,694.0,4,4,0,1,1,0.25,0.25,1,1,1.0,1.0,0,0,0,0,593,1,146
C00312,CLI00872,2026-01-27,1,24,94.64,1289.65,Televendas,83,0.0733842515411158,3,4,867.6899999999999,1,1,0,2,42.0,2,2,0,1,1,0.5,8.0,16,16,16.0,16.0,0,0,0,0,752,1,86
C00313,CLI00073,2026-02-01,0,18,106.47,3027.1,Loja física,473,0.03517227709689141,2,0,,0,0,0,0,,15,15,0,6,6,0.4,3.1333333333333333,20,47,7.833333333333333,20.0,0,1,0,0,631,1,475
C00314,CLI01071,2026-01-31,0,24,118.87,5313.21,Loja física,233,0.02237253938767713,3,2,1654.1799999999998,0,2,0,0,289.0,7,7,0,1,1,0.14285714285714285,0.14285714285714285,1,1,1.0,1.0,0,0,0,0,714,1,236
C00315,CLI00778,2025-08-03,1,10,175.91,3972.11,Site,293,0.044286286130041715,1,2,947.0799999999999,1,1,0,0,380.0,9,9,0,2,2,0.2222222222222222,2.5555555555555554,22,23,11.5,22.0,0,0,0,0,614,1,293
C00316,CLI00936,2026-01-15,1,18,110.31,2978.54,Loja física,533,0.037034923150268254,3,3,445.91333333333336,0,1,0,2,171.0,17,17,0,7,7,0.4117647058823529,3.3529411764705883,26,57,8.142857142857142,26.0,0,1,1,0,689,1,533
C00317,CLI01554,2025-04-11,1,6,1738.91,2162.81,Loja física,173,0.8040049750093629,2,5,924.274,1,1,2,1,228.0,5,5,0,5,5,1.0,14.8,18,74,14.8,18.0,1,0,0,0,344,1,174
C00318,CLI02611,2026-01-24,0,10,95.54,2281.57,Loja física,173,0.041874674018329484,1,4,530.175,1,1,1,1,39.0,5,5,0,0,0,0.0,0.0,0,0,,,0,0,0,0,860,1,173
C00319,CLI00594,2025-12-02,0,12,109.31,2424.37,Loja física,353,0.04508800224388192,1,1,449.59,0,0,1,0,397.0,11,11,0,5,5,0.45454545454545453,2.1818181818181817,13,24,4.8,13.0,0,0,0,0,546,1,353
C00320,CLI00321,2025-06-09,1,12,76.27,2354.66,Loja física,353,0.03239108830998955,2,2,1295.3400000000001,1,0,1,0,29.0,11,11,0,5,5,0.45454545454545453,3.6363636363636362,13,40,8.0,13.0,0,0,0,0,626,1,353
C00321,CLI00552,2026-01-13,0,12,220.31,2815.97,Loja física,173,0.07823591870652032,4,4,1417.1025,0,1,2,1,95.0,5,5,0,1,1,0.2,1.2,6,6,6.0,6.0,0,0,0,0,719,1,174
C00322,CLI01354,2026-01-18,1,24,86.18,3566.58,Loja física,473,0.02416320396570384,2,3,670.3000000000001,0,0,1,2,42.0,15,15,0,8,8,0.5333333333333333,3.933333333333333,23,59,7.375,23.0,0,1,0,1,668,1,476
C00324,CLI00527,2026-01-28,1,12,141.81,3927.76,Loja física,293,0.036104548139397515,1,2,1329.125,0,1,0,1,151.0,9,9,0,2,2,0.2222222222222222,0.3333333333333333,2,3,1.5,2.0,1,0,0,0,691,1,293
C00326,CLI00612,2026-02-03,1,10,463.36,1313.76,Loja física,233,0.35269760077944223,2,2,395.39500000000004,1,1,0,0,590.0,7,7,0,7,7,1.0,12.285714285714286,19,86,12.285714285714286,19.0,1,1,2,2,533,1,236
C00327,CLI00602,2026-02-06,1,18,90.59,2125.89,Site,293,0.0426127410167036,1,2,360.6,0,0,0,2,33.0,9,9,0,4,4,0.4444444444444444,5.444444444444445,26,49,12.25,26.0,1,1,0,0,798,1,295
C00328,CLI00837,2025-10-22,1,12,161.57,5421.71,Televendas,353,0.029800561077593598,2,4,829.81,1,0,1,2,91.0,11,11,0,2,2,0.18181818181818182,1.4545454545454546,15,16,8.0,15.0,0,0,0,3,664,1,355
C00329,CLI01642,2026-01-18,1,12,198.3,4022.58,Loja física,233,0.049296720015512434,1,1,344.99,0,0,1,0,364.0,7,7,0,1,1,0.14285714285714285,0.2857142857142857,2,2,2.0,2.0,0,0,1,0,738,1,233
C00330,CLI00475,2026-01-27,0,12,252.28,2906.0,Loja física,83,0.08681348933241569,3,3,545.1533333333333,0,0,3,0,301.0,2,2,0,1,1,0.5,0.5,1,1,1.0,1.0,0,0,0,0,678,1,83
C00331,CLI00388,2026-01-27,0,18,138.25,2467.46,Loja física,503,0.05602927707034765,2,2,830.74,0,1,1,0,57.0,16,16,0,7,7,0.4375,7.75,26,124,17.714285714285715,26.0,0,0,0,0,720,1,505
C00332,CLI02452,2025-06-27,0,12,67.35,3454.85,Televendas,353,0.019494334052129615,1,1,599.96,1,0,0,0,812.0,11,11,0,3,3,0.2727272727272727,1.0909090909090908,9,12,4.0,9.0,1,1,0,0,721,1,356
C00333,CLI00795,2026-01-12,1,6,716.68,1369.27,Loja física,113,0.5234029811505401,1,1,559.51,0,1,0,0,565.0,3,3,0,3,3,1.0,14.0,24,42,14.0,24.0,0,0,0,0,577,1,114
C00335,CLI00669,2025-11-25,1,10,712.47,4659.52,Televendas,293,0.15290630794588284,2,3,853.89,0,1,1,1,92.0,9,9,0,3,3,0.3333333333333333,1.6666666666666667,12,15,5.0,12.0,1,1,0,0,694,1,295
C00336,CLI02773,2025-03-05,0,6,172.4,6340.03,Loja física,173,0.02719230035189108,4,6,571.1783333333334,1,2,2,1,126.0,5,5,0,1,1,0.2,0.2,1,1,1.0,1.0,0,0,1,0,942,1,173
C00337,CLI02123,2025-08-05,1,12,367.54,990.32,Loja física,353,0.3711325632118911,1,3,982.4,1,1,1,0,266.0,11,11,0,11,11,1.0,13.181818181818182,23,145,13.181818181818182,23.0,0,2,1,0,631,1,356
C00338,CLI02132,2026-01-08,0,18,106.06,2059.06,Loja física,83,0.05150894097306538,3,7,804.5871428571429,1,2,3,1,419.0,2,2,0,0,0,0.0,0.0,0,0,,,0,0,0,0,776,1,86
C00339,CLI02589,2026-01-24,0,10,191.56,2840.18,Loja física,293,0.06744642945165448,4,3,970.4333333333333,0,1,2,0,238.0,9,9,0,1,1,0.1111111111111111,0.2222222222222222,2,2,2.0,2.0,0,0,0,0,927,1,295
C00340,CLI02504,2026-01-17,0,12,32.96,2685.11,Loja física,203,0.012275102323554714,1,0,,0,0,0,0,,6,6,0,2,2,0.3333333333333333,0.6666666666666666,2,4,2.0,2.0,0,0,0,0,522,1,205
C00342,CLI01579,2024-12-20,0,6,131.48,2966.06,Loja física,173,0.044328165984504696,1,1,470.08,1,0,0,0,840.0,5,5,0,2,2,0.4,0.6,2,3,1.5,2.0,0,0,1,0,940,1,176
C00343,CLI00670,2025-12-27,0,18,166.35,2968.59,Loja física,533,0.05603670429395773,2,7,1015.4457142857143,3,2,1,1,245.0,17,17,0,2,2,0.11764705882352941,0.23529411764705882,2,4,2.0,2.0,0,0,0,1,937,1,534
C00344,CLI00333,2025-11-20,1,10,531.59,1500.17,Loja física,293,0.3543531733070252,3,6,804.2283333333334,1,3,2,0,31.0,9,9,0,8,8,0.8888888888888888,10.444444444444445,26,94,11.75,26.0,1,0,0,0,439,1,295
C00345,CLI02588,2026-01-19,1,18,60.13,3356.18,Loja física,83,0.017916202349099276,3,1,600.25,0,0,0,1,81.0,2,2,0,1,1,0.5,1.5,3,3,3.0,3.0,0,0,0,0,767,1,84
C00346,CLI01126,2026-01-18,1,24,121.49,3959.91,Loja física,83,0.030679990201797517,3,5,818.116,2,2,0,1,176.0,2,2,0,1,1,0.5,1.0,2,2,2.0,2.0,0,0,0,0,802,1,85
C00347,CLI01741,2026-01-27,0,12,341.42,2200.66,Loja física,233,0.15514436578117474,2,6,460.93833333333333,0,2,2,2,6.0,7,7,0,3,3,0.42857142857142855,2.4285714285714284,13,17,5.666666666666667,13.0,0,0,0,0,622,1,235
C00348,CLI00972,2026-01-30,0,12,174.45,2417.77,Site,293,0.07215326519892297,5,8,924.67125,1,3,3,1,173.0,9,9,0,5,5,0.5555555555555556,3.0,15,27,5.4,15.0,0,1,1,0,737,1,294
C00349,CLI02326,2025-08-17,1,10,76.86,1919.19,Loja física,293,0.040048145311303206,2,7,942.842857142857,1,0,6,0,41.0,9,9,0,5,5,0.5555555555555556,9.333333333333334,21,84,16.8,21.0,0,1,0,0,682,1,293
C00350,CLI01478,2026-01-31,1,24,87.2,1864.41,Loja física,293,0.04677082830493293,1,2,650.925,0,1,1,0,586.0,9,9,0,3,3,0.3333333333333333,0.4444444444444444,2,4,1.3333333333333333,2.0,0,0,0,0,875,1,295
C00351,CLI02259,2025-03-13,0,6,248.82,4426.79,Televendas,173,0.05620777131962438,1,4,837.2025,1,1,0,2,174.0,5,5,0,1,1,0.2,0.2,1,1,1.0,1.0,0,0,0,0,846,1,173
C00352,CLI00896,2026-01-22,0,12,192.82,2683.19,Loja física,323,0.07186222369642105,3,3,1503.2333333333333,1,1,0,1,167.0,10,10,0,0,0,0.0,0.0,0,0,,,0,0,1,0,663,1,326
C00354,CLI00168,2026-01-20,1,24,121.36,3143.81,Televendas,113,0.03860284177478919,3,2,874.3100000000001,2,0,0,0,75.0,3,3,0,2,2,0.6666666666666666,8.333333333333334,13,25,12.5,13.0,1,0,0,0,717,1,116
C00355,CLI00189,2026-01-13,1,12,98.45,1408.24,Loja física,293,0.06990995852979606,2,2,547.655,1,1,0,0,409.0,9,9,0,3,3,0.3333333333333333,3.6666666666666665,19,33,11.0,19.0,1,0,1,0,669,1,295
C00356,CLI02387,2026-02-05,0,24,424.44,4832.14,Televendas,173,0.08783685903140223,3,4,2193.6025,1,0,3,0,139.0,5,5,0,2,2,0.4,1.0,4,5,2.5,4.0,0,1,0,1,688,1,176
C00357,CLI01073,2026-01-14,0,12,115.65,4433.79,Loja física,263,0.026083779340022872,1,0,,0,0,0,0,,8,8,0,2,2,0.25,0.5,2,4,2.0,2.0,0,0,0,0,777,1,266
C00362,CLI02457,2025-08-09,1,6,828.09,2379.03,Site,173,0.3480788388544911,1,1,391.33,1,0,0,0,852.0,5,5,0,5,5,1.0,10.6,23,53,10.6,23.0,0,0,0,0,711,1,173
C00363,CLI01944,2025-11-26,0,10,284.86,3384.1,Site,293,0.08417599952720074,1,2,1007.5,1,1,0,0,473.0,9,9,0,5,5,0.5555555555555556,3.6666666666666665,13,33,6.6,13.0,0,1,0,0,624,1,293
C00364,CLI00948,2026-01-11,1,12,166.82,3326.95,Loja física,83,0.050142021972076525,3,2,1687.005,0,0,0,2,425.0,2,2,0,2,2,1.0,7.5,10,15,7.5,10.0,0,0,0,0,804,1,84
C00365,CLI00480,2026-01-28,1,18,72.75,2981.37,Loja física,293,0.02440153352317894,3,7,1064.952857142857,2,0,2,3,429.0,9,9,0,3,3,0.3333333333333333,3.2222222222222223,26,29,9.666666666666666,26.0,0,0,0,0,596,1,294
C00366,CLI02089,2026-01-10,0,24,152.18,2867.21,Loja física,413,0.053075986760648855,2,7,865.2457142857141,1,1,4,1,54.0,13,13,0,9,9,0.6923076923076923,4.769230769230769,19,62,6.888888888888889,19.0,1,0,1,0,621,1,414
C00367,CLI01996,2026-01-12,1,12,39.89,2986.36,Loja física,83,0.013357398304290172,1,2,585.3299999999999,2,0,0,0,421.0,2,2,0,2,2,1.0,1.0,1,2,1.0,1.0,0,0,0,0,568,1,86
C00368,CLI01983,2025-06-26,0,12,196.69,7198.88,Loja física,353,0.02732230569199653,1,1,845.15,0,1,0,0,541.0,11,11,0,2,2,0.18181818181818182,0.6363636363636364,5,7,3.5,5.0,0,0,1,0,741,1,356
C00371,CLI01796,2025-10-22,0,6,147.93,1699.84,Loja física,173,0.08702583772590362,3,4,617.0875000000001,2,1,0,1,201.0,5,5,0,2,2,0.4,1.8,8,9,4.5,8.0,0,0,0,1,711,1,176
C00372,CLI02344,2026-01-11,1,18,75.43,2454.96,Loja física,413,0.03072555153648125,1,4,704.2574999999999,2,1,1,0,398.0,13,13,0,3,3,0.23076923076923078,2.6153846153846154,26,34,11.333333333333334,26.0,0,0,0,1,736,1,416
C00373,CLI02276,2026-01-09,1,24,121.82,1697.17,Site,533,0.07177831330980396,1,1,1279.75,1,0,0,0,187.0,17,17,0,4,4,0.23529411764705882,2.8823529411764706,24,49,12.25,24.0,1,0,0,0,769,1,534
C00375,CLI02272,2026-01-18,0,24,148.68,1468.03,Loja física,503,0.10127858422511803,2,2,508.625,1,1,0,0,760.0,16,16,0,2,2,0.125,0.1875,2,3,1.5,2.0,0,1,0,2,638,1,505
C00376,CLI01347,2026-01-31,0,18,79.11,3279.02,Televendas,383,0.024126110850193047,2,2,729.115,2,0,0,0,346.0,12,12,0,4,4,0.3333333333333333,1.75,16,21,5.25,16.0,0,0,0,0,789,1,385
C00377,CLI01405,2026-01-22,0,6,292.8,1515.99,Loja física,83,0.193141115706568,1,1,2346.92,0,0,0,1,121.0,2,2,0,2,2,1.0,8.5,12,17,8.5,12.0,0,0,1,0,659,1,85
C00378,CLI01517,2026-01-18,0,18,212.51,3625.61,Site,473,0.058613585024313145,2,3,624.0633333333334,1,1,1,0,419.0,15,15,0,7,7,0.4666666666666667,1.6666666666666667,18,25,3.5714285714285716,18.0,1,1,0,0,693,1,473
C00379,CLI00626,2026-01-28,1,24,193.44,1149.14,Loja física,113,0.16833458064291557,2,0,,0,0,0,0,,3,3,0,1,1,0.3333333333333333,7.0,21,21,21.0,21.0,0,0,0,0,571,1,115
C00380,CLI00716,2026-01-19,0,18,65.82,2160.27,Site,443,0.030468413670513405,4,4,1103.4375,0,2,1,1,119.0,14,14,0,7,7,0.5,3.7857142857142856,24,53,7.571428571428571,24.0,0,1,1,1,838,1,444
C00381,CLI01998,2025-08-10,1,10,416.28,1740.95,Loja física,293,0.2391108302938051,2,8,980.855,5,1,1,1,213.0,9,9,0,9,9,1.0,11.777777777777779,24,106,11.777777777777779,24.0,1,0,2,1,404,1,294
C00382,CLI02316,2025-07-03,0,12,98.3,1628.47,Loja física,353,0.0603634085982548,2,2,648.8,1,1,0,0,154.0,11,11,0,4,4,0.36363636363636365,2.090909090909091,12,23,5.75,12.0,1,0,0,0,617,1,355
C00383,CLI02442,2026-01-19,0,24,66.81,1852.01,Site,203,0.036074319253135784,1,1,2022.68,0,0,0,1,551.0,6,6,0,2,2,0.3333333333333333,3.5,16,21,10.5,16.0,0,0,2,1,777,1,204
C00384,CLI02120,2026-01-26,1,12,310.98,3445.05,Site,203,0.09026864631863107,2,5,483.12000000000006,0,0,2,3,167.0,6,6,0,5,5,0.8333333333333334,5.166666666666667,14,31,6.2,14.0,0,1,0,0,727,1,204
C00385,CLI02453,2025-08-02,1,10,448.82,1914.73,Loja física,293,0.23440380628078109,1,3,1416.42,1,0,1,1,173.0,9,9,0,4,4,0.4444444444444444,5.222222222222222,15,47,11.75,15.0,1,1,1,0,703,1,295
C00386,CLI01978,2026-01-11,0,18,237.91,3940.27,Loja física,173,0.06037911107614453,1,1,1201.97,0,1,0,0,174.0,5,5,0,1,1,0.2,2.6,13,13,13.0,13.0,0,0,0,0,614,1,176
C00387,CLI01893,2026-01-23,0,12,120.28,4245.36,Loja física,113,0.028332108466655362,2,2,714.13,1,0,1,0,49.0,3,3,0,1,1,0.3333333333333333,6.0,18,18,18.0,18.0,0,0,0,1,759,1,114
C00388,CLI00476,2026-01-31,0,6,234.08,2273.23,Televendas,113,0.10297242250014298,2,1,402.43,0,1,0,0,128.0,3,3,0,2,2,0.6666666666666666,6.0,17,18,9.0,17.0,0,0,0,0,792,1,113
C00389,CLI01100,2026-01-27,0,12,401.81,4422.6,Loja física,293,0.09085379640935196,5,6,782.315,1,2,3,0,94.0,9,9,0,3,3,0.3333333333333333,4.111111111111111,19,37,12.333333333333334,19.0,1,1,1,0,638,1,295
C00390,CLI00733,2025-06-11,1,12,204.36,900.0,Loja física,353,0.2270666666666667,1,1,1610.17,1,0,0,0,659.0,11,11,0,1,1,0.09090909090909091,0.09090909090909091,1,1,1.0,1.0,0,0,0,0,693,1,354
C00391,CLI01846,2026-01-19,0,18,169.88,1901.47,Loja física,473,0.08934140428195028,1,1,791.9,0,0,1,0,510.0,15,15,0,7,7,0.4666666666666667,4.733333333333333,26,71,10.142857142857142,26.0,1,0,0,0,704,1,473
C00392,CLI00892,2025-07-10,0,10,498.04,1886.95,Televendas,293,0.26393916108004983,1,1,5350.56,0,1,0,0,593.0,9,9,0,2,2,0.2222222222222222,3.0,25,27,13.5,25.0,0,0,1,0,600,1,293
C00393,CLI00480,2026-01-30,1,12,42.63,2803.1,Loja física,143,0.01520816239163783,3,7,1064.952857142857,2,0,2,3,431.0,4,4,0,3,3,0.75,8.75,15,35,11.666666666666666,15.0,0,1,0,0,588,1,145
C00394,CLI01596,2025-10-27,0,12,207.21,2220.27,Loja física,353,0.09332648731910984,2,1,525.4,0,1,0,0,982.0,11,11,0,4,4,0.36363636363636365,5.545454545454546,22,61,15.25,22.0,0,1,0,2,676,1,356
C00395,CLI01608,2025-11-30,0,18,21.45,4645.43,Loja física,533,0.004617441227184566,1,1,653.84,0,0,1,0,132.0,17,17,0,3,3,0.17647058823529413,3.0,26,51,17.0,26.0,2,2,0,0,715,1,533
C00396,CLI00128,2026-01-17,0,10,94.99,2148.19,Site,173,0.044218621257896176,2,3,464.97666666666663,0,0,1,2,121.0,5,5,0,2,2,0.4,1.4,6,7,3.5,6.0,0,0,0,0,758,1,173
C00397,CLI01803,2026-01-12,1,12,220.07,2241.62,Loja física,263,0.09817453448845032,2,3,649.9166666666666,1,1,1,0,87.0,8,8,0,6,6,0.75,11.75,26,94,15.666666666666666,26.0,0,0,1,0,654,1,264
C00398,CLI00180,2026-01-16,1,10,201.2,1765.98,Loja física,203,0.11393107509711321,1,0,,0,0,0,0,,6,6,0,4,4,0.6666666666666666,11.0,22,66,16.5,22.0,1,0,1,0,562,1,205
C00399,CLI01710,2025-04-18,0,6,285.85,4457.2,Loja física,173,0.06413219061294087,1,0,,0,0,0,0,,5,5,0,2,2,0.4,0.6,2,3,1.5,2.0,0,1,1,0,685,1,173
C00400,CLI02245,2025-07-24,1,6,1073.39,2041.91,Loja física,173,0.525679388415748,2,4,1066.155,2,1,0,1,158.0,5,4,1,5,4,1.0,15.0,26,75,13.0,26.0,0,1,3,1,384,1,175
C00401,CLI01110,2025-12-12,1,12,221.39,2523.37,Loja física,353,0.08773584531796763,1,0,,0,0,0,0,,11,10,1,9,8,0.8181818181818182,10.454545454545455,23,115,11.5,23.0,0,1,0,0,662,1,356
C00402,CLI02752,2026-01-08,0,18,164.2,3228.28,Loja física,533,0.05086299825293964,2,3,756.9899999999999,1,0,1,1,92.0,17,17,0,4,4,0.23529411764705882,3.1176470588235294,19,53,13.25,19.0,0,0,1,0,679,1,536
C00403,CLI00429,2025-06-17,0,12,348.68,2833.57,Loja física,353,0.12305325084610579,2,0,,0,0,0,0,,11,11,0,5,5,0.45454545454545453,2.090909090909091,17,23,4.6,17.0,0,1,0,1,649,1,356
C00404,CLI01664,2026-01-22,0,18,86.19,2585.92,Loja física,443,0.03333049746318525,2,3,494.4866666666667,0,1,1,1,461.0,14,14,0,5,5,0.35714285714285715,3.2857142857142856,22,46,9.2,22.0,0,0,0,0,647,1,443
C00405,CLI01410,2026-01-16,0,12,102.04,3080.69,Loja física,203,0.03312244984078242,2,4,1337.9675,0,1,3,0,315.0,6,6,0,3,3,0.5,0.8333333333333334,2,5,1.6666666666666667,2.0,0,1,0,0,733,1,206
C00407,CLI01610,2026-01-19,0,18,111.44,4979.45,Loja física,443,0.022379981724889295,2,4,741.23,0,0,3,1,53.0,14,14,0,1,1,0.07142857142857142,0.5714285714285714,8,8,8.0,8.0,0,1,0,0,881,1,445
C00408,CLI02645,2025-12-07,0,12,232.09,2844.56,Loja física,353,0.08159082599769385,1,1,483.26,0,0,1,0,99.0,11,11,0,3,3,0.2727272727272727,0.36363636363636365,2,4,1.3333333333333333,2.0,0,0,0,1,643,1,353
C00409,CLI02267,2025-06-14,1,12,335.86,3736.42,Loja física,353,0.08988818173545801,1,1,534.19,0,0,1,0,205.0,11,11,0,7,7,0.6363636363636364,6.363636363636363,16,70,10.0,16.0,1,2,0,1,701,1,356
C00410,CLI00204,2026-01-10,0,10,210.21,2249.53,Loja física,263,0.09344618653674322,1,2,826.595,0,0,0,2,382.0,8,8,0,3,3,0.375,0.875,3,7,2.3333333333333335,3.0,0,0,0,0,608,1,266
C00411,CLI01860,2025-12-24,1,6,1888.65,2482.65,Site,173,0.7607395323545405,2,3,1226.04,1,0,0,2,54.0,5,5,0,5,5,1.0,17.0,26,85,17.0,26.0,1,0,1,0,338,1,175
C00412,CLI02517,2026-01-02,0,12,107.22,2249.86,Televendas,353,0.047656298614135985,2,1,610.56,1,0,0,0,46.0,11,11,0,4,4,0.36363636363636365,1.9090909090909092,13,21,5.25,13.0,0,0,0,0,904,1,353
C00413,CLI02603,2025-12-22,0,10,99.87,4364.0,Loja física,293,0.022884967919340055,1,2,1589.335,0,0,1,1,351.0,9,9,0,3,3,0.3333333333333333,0.4444444444444444,2,4,1.3333333333333333,2.0,0,1,0,1,723,1,295
C00414,CLI02525,2026-01-27,1,12,168.2,3030.69,Loja física,203,0.05549891278883686,4,4,1056.8375,0,1,1,2,169.0,6,6,0,3,3,0.5,4.333333333333333,23,26,8.666666666666666,23.0,0,0,1,0,579,1,203
C00415,CLI00388,2026-01-12,1,6,1379.91,2278.99,Site,173,0.605491906502442,2,2,830.74,0,1,1,0,42.0,5,5,0,5,5,1.0,12.8,22,64,12.8,22.0,0,1,0,0,206,1,175
C00416,CLI00909,2025-12-15,1,18,62.03,1840.66,Loja física,533,0.03369986852542023,3,1,371.72,0,0,1,0,506.0,17,17,0,11,11,0.6470588235294118,7.235294117647059,19,123,11.181818181818182,19.0,0,1,0,0,634,1,533
C00417,CLI01683,2026-01-30,0,10,222.92,1650.06,Loja física,233,0.13509811764420687,3,4,404.6675,3,0,1,0,77.0,7,7,0,2,2,0.2857142857142857,0.42857142857142855,2,3,1.5,2.0,0,0,0,0,687,1,235
C00418,CLI01294,2026-01-13,0,10,446.45,2940.46,Loja física,293,0.1518299857845371,1,2,1042.03,1,0,0,1,464.0,9,9,0,2,2,0.2222222222222222,0.6666666666666666,4,6,3.0,4.0,0,2,1,0,889,1,293
C00420,CLI01361,2026-01-24,1,18,326.16,1964.09,Televendas,383,0.1660616366867099,2,0,,0,0,0,0,,12,12,0,4,4,0.3333333333333333,5.916666666666667,21,71,17.75,21.0,0,0,0,0,496,1,383
C00421,CLI02095,2026-01-26,0,18,83.95,2550.01,Televendas,473,0.03292143952376657,4,6,1460.0833333333333,1,2,0,3,189.0,15,14,1,7,6,0.4666666666666667,7.866666666666666,25,118,15.833333333333334,25.0,0,0,0,0,584,1,474
C00422,CLI01453,2026-01-25,0,6,353.49,2608.74,Site,173,0.13550219646266015,3,0,,0,0,0,0,,5,5,0,1,1,0.2,0.4,2,2,2.0,2.0,0,1,0,0,597,1,176
C00423,CLI02212,2025-10-03,0,6,174.74,4223.28,Loja física,173,0.041375423841185054,1,0,,0,0,0,0,,5,5,0,2,2,0.4,0.6,2,3,1.5,2.0,0,1,0,1,938,1,173
C00424,CLI02196,2026-01-30,1,12,291.76,1862.97,Loja física,173,0.15661014401734863,2,2,1001.87,1,0,1,0,332.0,5,5,0,3,3,0.6,9.4,21,47,15.666666666666666,21.0,0,0,0,0,683,1,174
C00425,CLI02097,2025-10-20,0,6,98.1,2100.03,Loja física,173,0.046713618376880324,2,2,706.655,1,0,1,0,161.0,5,5,0,2,2,0.4,0.6,2,3,1.5,2.0,1,0,0,0,770,1,174
C00427,CLI02174,2026-02-03,1,10,256.79,1548.48,Site,203,0.1658335916511676,3,6,905.0733333333333,3,1,1,1,52.0,6,6,0,3,3,0.5,8.5,26,51,17.0,26.0,0,1,0,0,682,1,206
C00428,CLI00426,2026-01-18,0,12,121.37,2545.7,Site,263,0.047676474054287626,3,1,316.84,0,0,0,1,731.0,8,8,0,3,3,0.375,3.0,18,24,8.0,18.0,0,0,1,0,776,1,266
C00429,CLI02698,2026-02-04,1,10,453.87,2786.5,Loja física,113,0.16288175130091512,5,2,798.675,2,0,0,0,117.0,3,3,0,3,3,1.0,11.666666666666666,16,35,11.666666666666666,16.0,0,0,0,0,492,1,114
C00430,CLI00082,2025-01-29,1,6,469.73,2488.45,Loja física,173,0.18876409009624467,1,0,,0,0,0,0,,5,5,0,2,2,0.4,6.0,17,30,15.0,17.0,0,0,0,0,752,1,175
C00431,CLI00071,2025-11-20,0,12,93.99,4746.34,Loja física,353,0.019802626866174778,2,2,455.875,1,1,0,0,167.0,11,11,0,3,3,0.2727272727272727,1.4545454545454546,13,16,5.333333333333333,13.0,0,0,0,0,858,1,354
C00432,CLI00156,2026-01-22,0,18,176.93,3142.79,Loja física,203,0.056297111801933954,3,7,1233.6757142857143,1,3,2,1,153.0,6,6,0,3,3,0.5,0.8333333333333334,2,5,1.6666666666666667,2.0,0,0,0,0,891,1,203
C00433,CLI02579,2025-04-15,0,10,242.15,3623.87,Loja física,293,0.06682082966552333,1,2,1042.395,2,0,0,0,67.0,9,9,0,2,2,0.2222222222222222,1.3333333333333333,10,12,6.0,10.0,0,0,0,0,695,1,296
C00435,CLI02460,2025-07-26,0,12,94.81,2737.07,Televendas,353,0.034639231002495365,2,2,1965.54,1,1,0,0,84.0,11,11,0,5,5,0.45454545454545453,4.181818181818182,23,46,9.2,23.0,0,0,1,0,635,1,353
C00436,CLI01260,2025-09-25,1,6,239.92,1715.12,Televendas,173,0.13988525584215683,4,3,506.54333333333335,1,1,0,1,311.0,5,5,0,1,1,0.2,0.4,2,2,2.0,2.0,0,0,0,0,755,1,176
C00437,CLI02247,2026-01-22,0,24,34.63,1670.47,Loja física,413,0.02073069255957904,2,1,836.42,1,0,0,0,590.0,13,13,0,7,7,0.5384615384615384,6.230769230769231,26,81,11.571428571428571,26.0,0,0,0,0,669,1,416
C00438,CLI01237,2025-10-13,0,12,133.68,3484.04,Loja física,353,0.0383692494919691,2,1,517.02,0,1,0,0,348.0,11,11,0,6,6,0.5454545454545454,2.8181818181818183,20,31,5.166666666666667,20.0,1,1,1,0,772,1,355
C00439,CLI00898,2025-08-08,1,12,155.54,3035.13,Loja física,353,0.05124656933969879,2,3,808.2233333333334,0,0,2,1,386.0,11,11,0,6,6,0.5454545454545454,2.909090909090909,19,32,5.333333333333333,19.0,0,0,0,0,688,1,355
C00440,CLI02464,2026-01-22,0,10,441.26,3729.69,Loja física,293,0.11831010083947996,2,5,1093.17,2,0,1,2,83.0,9,9,0,1,1,0.1111111111111111,0.2222222222222222,2,2,2.0,2.0,1,0,0,1,894,1,295
C00441,CLI01845,2025-10-17,1,12,316.46,1525.67,Loja física,353,0.20742362371941506,2,1,842.25,0,1,0,0,650.0,11,11,0,10,10,0.9090909090909091,11.272727272727273,26,124,12.4,26.0,0,0,0,0,495,1,354
C00442,CLI00479,2026-01-09,1,12,135.88,2791.84,Loja física,113,0.0486704109118001,3,3,671.0466666666666,1,0,2,0,193.0,3,3,0,0,0,0.0,0.0,0,0,,,2,0,0,0,537,1,114
C00443,CLI02193,2026-02-03,1,12,171.87,1613.94,Loja física,203,0.1064909476188706,2,4,619.5825,1,1,1,1,108.0,6,6,0,2,2,0.3333333333333333,4.0,17,24,12.0,17.0,0,0,1,1,751,1,204
C00444,CLI01505,2026-02-02,0,24,57.04,5550.77,Loja física,83,0.010276051791012777,1,0,,0,0,0,0,,2,2,0,1,1,0.5,1.0,2,2,2.0,2.0,0,0,1,0,711,1,83
C00445,CLI01089,2026-02-02,0,24,84.55,4290.22,Loja física,323,0.019707614061749746,2,3,1341.1466666666668,1,0,1,1,409.0,10,10,0,5,5,0.5,5.3,26,53,10.6,26.0,0,0,1,0,522,1,325
C00446,CLI01150,2025-06-10,1,12,412.89,3252.4,Loja física,353,0.126949329725741,1,1,720.29,1,0,0,0,249.0,11,11,0,8,8,0.7272727272727273,6.363636363636363,25,70,8.75,25.0,1,1,0,0,636,1,354
C00447,CLI01010,2026-01-08,0,18,59.3,4289.19,Loja física,263,0.013825454223291577,1,2,929.9,0,0,1,1,468.0,8,8,0,1,1,0.125,0.875,7,7,7.0,7.0,0,0,0,0,760,1,263
C00448,CLI02549,2026-01-26,0,10,168.28,4192.66,Loja física,203,0.04013681052124427,2,2,1161.8899999999999,0,0,1,1,497.0,6,6,0,2,2,0.3333333333333333,0.5,2,3,1.5,2.0,1,0,0,0,821,1,205
C00449,CLI00742,2026-01-21,0,18,97.72,3729.71,Loja física,233,0.02620042845154181,1,2,560.585,0,1,0,1,320.0,7,7,0,4,4,0.5714285714285714,1.7142857142857142,7,12,3.0,7.0,0,0,0,0,913,1,235
C00451,CLI00697,2025-03-30,1,6,321.4,4253.59,Loja física,173,0.07555970368559263,1,1,347.67,0,0,1,0,211.0,5,5,0,4,4,0.8,10.2,24,51,12.75,24.0,0,0,0,0,578,1,176
C00452,CLI01884,2026-01-16,0,12,147.92,1855.69,Loja física,353,0.07971158975906535,2,0,,0,0,0,0,,11,11,0,2,2,0.18181818181818182,0.2727272727272727,2,3,1.5,2.0,1,0,0,0,569,1,353
C00453,CLI02272,2025-10-24,0,6,232.25,3874.4,Loja física,173,0.05994476564113153,2,2,508.625,1,1,0,0,674.0,5,5,0,0,0,0.0,0.0,0,0,,,0,0,0,0,704,1,173
C00454,CLI02487,2025-09-07,1,12,126.87,2098.08,Loja física,353,0.06046957218027912,1,3,538.38,0,1,1,1,172.0,11,11,0,3,3,0.2727272727272727,0.8181818181818182,5,9,3.0,5.0,1,1,0,0,791,1,353
C00455,CLI00057,2026-01-23,1,24,22.7,3153.86,Televendas,323,0.007197529376700297,2,3,918.7533333333332,0,1,0,2,378.0,10,10,0,2,2,0.2,2.5,14,25,12.5,14.0,0,0,1,0,659,1,326
C00456,CLI00612,2026-01-18,1,18,89.8,3762.49,Loja física,263,0.023867173068898524,2,2,395.39500000000004,1,1,0,0,574.0,8,8,0,5,5,0.625,3.625,22,29,5.8,22.0,0,0,0,0,621,1,266
C00457,CLI00148,2026-01-24,1,12,248.17,2034.27,Loja física,293,0.12199462214946885,3,3,2392.7966666666666,1,1,1,0,282.0,9,9,0,9,9,1.0,9.0,26,81,9.0,26.0,2,1,1,0,575,1,293
C00461,CLI02144,2026-01-17,1,12,163.62,4144.73,Televendas,143,0.039476636596352484,1,0,,0,0,0,0,,4,3,1,3,2,0.75,15.0,23,60,18.5,21.0,0,1,0,0,525,1,146
C00463,CLI02387,2025-06-08,1,12,53.9,2969.07,Loja física,353,0.018153832681614107,2,2,1509.6399999999999,1,0,1,0,37.0,11,11,0,4,4,0.36363636363636365,4.636363636363637,25,51,12.75,25.0,0,0,0,1,743,1,353
C00464,CLI01749,2025-06-19,0,10,100.33,3036.31,Televendas,293,0.03304339807200187,1,0,,0,0,0,0,,9,9,0,2,2,0.2222222222222222,1.5555555555555556,13,14,7.0,13.0,0,0,0,0,824,1,293
C00465,CLI00039,2025-10-18,1,12,55.25,3676.86,Loja física,353,0.015026408402821972,1,1,2017.85,0,0,1,0,772.0,11,11,0,8,8,0.7272727272727273,8.272727272727273,24,91,11.375,24.0,0,0,0,0,651,1,355
C00466,CLI02688,2025-06-03,0,12,130.98,4244.66,Loja física,353,0.03085759519019191,3,2,2014.74,0,1,0,1,288.0,11,11,0,4,4,0.36363636363636365,3.727272727272727,25,41,10.25,25.0,0,0,0,1,684,1,353
C00467,CLI02593,2025-01-05,1,6,399.38,1058.93,Site,173,0.3771542972623308,2,0,,0,0,0,0,,5,4,1,5,4,1.0,18.4,23,92,17.25,21.0,2,3,0,0,427,1,174
C00468,CLI00321,2025-10-26,0,12,108.91,2828.96,Loja física,353,0.03849824670550308,2,3,1647.55,1,0,2,0,82.0,11,11,0,2,2,0.18181818181818182,0.2727272727272727,2,3,1.5,2.0,0,1,0,0,814,1,353
C00469,CLI00200,2025-07-21,0,12,42.76,1905.99,Loja física,353,0.022434535333343827,2,3,892.2033333333334,0,1,2,0,115.0,11,11,0,3,3,0.2727272727272727,2.5454545454545454,25,28,9.333333333333334,25.0,0,2,0,0,779,1,353
C00470,CLI00699,2025-06-09,1,12,119.92,4747.92,Loja física,353,0.025257375861429846,2,1,645.25,0,0,0,1,188.0,11,11,0,3,3,0.2727272727272727,2.6363636363636362,18,29,9.666666666666666,18.0,0,0,0,0,865,1,353
C00471,CLI02256,2026-01-27,0,12,344.86,2056.62,Loja física,203,0.16768289718081125,1,0,,0,0,0,0,,6,5,1,6,5,1.0,19.0,25,114,18.2,25.0,1,0,0,0,532,1,205
C00472,CLI01407,2025-08-15,0,10,162.86,3045.3,Televendas,293,0.053479131776836435,1,0,,0,0,0,0,,9,9,0,2,2,0.2222222222222222,0.3333333333333333,2,3,1.5,2.0,0,0,0,1,644,1,294
C00473,CLI01453,2026-01-17,0,18,57.79,1936.13,Site,203,0.0298482023417849,3,0,,0,0,0,0,,6,5,1,2,1,0.3333333333333333,4.5,23,27,4.0,4.0,0,0,0,0,648,1,205
C00474,CLI01481,2026-02-05,1,10,338.94,2933.61,Site,113,0.115536830048984,2,3,748.2233333333334,0,2,1,0,137.0,3,3,0,0,0,0.0,0.0,0,0,,,0,0,0,0,722,1,115
C00475,CLI00756,2025-09-19,0,10,259.07,3634.51,Loja física,293,0.07128058527834563,2,0,,0,0,0,0,,9,9,0,6,6,0.6666666666666666,6.0,23,54,9.0,23.0,0,0,0,0,734,1,294
C00476,CLI00766,2026-01-08,1,10,150.68,2133.45,Loja física,83,0.07062738756474256,1,1,2498.2,0,0,0,1,354.0,2,2,0,1,1,0.5,3.5,7,7,7.0,7.0,0,0,1,0,649,1,86
C00477,CLI01485,2026-01-03,1,10,260.92,3479.23,Loja física,293,0.07499360490683284,2,0,,0,0,0,0,,9,9,0,9,9,1.0,13.666666666666666,19,123,13.666666666666666,19.0,0,0,0,0,657,1,294
C00479,CLI01353,2026-01-25,1,18,184.52,2772.39,Site,353,0.06655629258509806,1,0,,0,0,0,0,,11,11,0,8,8,0.7272727272727273,11.0,24,121,15.125,24.0,0,0,0,0,479,1,353
C00480,CLI00991,2026-01-09,0,18,159.93,3821.81,Loja física,533,0.04184666427687405,1,2,856.605,1,1,0,0,124.0,17,17,0,7,7,0.4117647058823529,3.411764705882353,24,58,8.285714285714286,24.0,0,0,1,1,635,1,534
C00481,CLI00217,2026-01-09,1,18,44.65,1581.68,Loja física,383,0.028229477517576245,2,2,852.0550000000001,0,1,1,0,156.0,12,12,0,7,7,0.5833333333333334,8.416666666666666,23,101,14.428571428571429,23.0,0,1,0,1,614,1,386
C00482,CLI01133,2026-01-23,0,18,50.39,1953.78,Loja física,113,0.02579103071993776,2,6,1150.685,0,3,2,1,166.0,3,3,0,1,1,0.3333333333333333,0.6666666666666666,2,2,2.0,2.0,0,0,0,0,826,1,114
C00483,CLI02722,2026-01-23,1,12,141.15,3571.69,Site,263,0.03951910720135286,2,1,1159.62,0,1,0,0,726.0,8,8,0,8,8,1.0,15.375,25,123,15.375,25.0,0,1,1,0,437,1,266
C00484,CLI00540,2025-04-27,0,6,127.35,1881.42,Loja física,173,0.06768823548171062,2,3,1769.2766666666666,0,2,1,0,31.0,5,5,0,3,3,0.6,3.4,8,17,5.666666666666667,8.0,0,0,1,0,654,1,175
C00485,CLI00193,2026-01-25,0,18,178.77,3998.63,Televendas,203,0.044707812425755826,1,1,799.2,1,0,0,0,663.0,6,6,0,1,1,0.16666666666666666,1.0,6,6,6.0,6.0,1,0,1,0,505,1,204
C00486,CLI01292,2026-01-08,0,6,308.26,4116.09,Site,83,0.07489146252875908,1,3,883.5833333333334,0,1,2,0,614.0,2,2,0,0,0,0.0,0.0,0,0,,,0,0,0,0,654,1,83
C00488,CLI02673,2026-01-15,0,18,204.0,4194.91,Loja física,113,0.048630363941061905,1,0,,0,0,0,0,,3,3,0,1,1,0.3333333333333333,2.6666666666666665,8,8,8.0,8.0,0,1,0,0,726,1,115
C00489,CLI02580,2026-02-05,1,10,232.26,1856.61,Site,83,0.1250989707046714,2,2,925.75,0,2,0,0,15.0,2,1,1,2,1,1.0,20.5,23,41,18.0,18.0,0,1,0,0,595,1,84
C00490,CLI01379,2025-04-16,0,6,125.43,3283.71,Loja física,173,0.03819764839160584,2,6,1051.2816666666668,2,2,1,1,12.0,5,5,0,1,1,0.2,0.2,1,1,1.0,1.0,0,0,0,0,724,1,174
C00491,CLI01047,2025-01-08,0,6,194.74,4283.45,Loja física,173,0.045463353138241375,1,1,615.5,1,0,0,0,416.0,5,5,0,3,3,0.6,3.2,12,16,5.333333333333333,12.0,0,0,0,0,779,1,173
C00492,CLI00705,2026-01-14,0,12,312.2,,Loja física,323,,2,2,430.5,0,2,0,0,338.0,10,10,0,6,6,0.6,4.7,15,47,7.833333333333333,15.0,0,1,0,0,704,1,324
C00493,CLI00350,2026-01-21,1,12,297.72,2582.9,Loja física,143,0.11526578651902901,1,0,,0,0,0,0,,4,4,0,1,1,0.25,0.5,2,2,2.0,2.0,0,1,0,0,655,1,143
C00494,CLI02725,2025-10-27,1,12,196.68,1344.94,Site,353,0.1462370068553244,2,1,2463.5,0,1,0,0,629.0,11,11,0,4,4,0.36363636363636365,5.909090909090909,21,65,16.25,21.0,0,2,0,0,748,1,354
C00495,CLI01679,2026-01-27,0,6,287.69,2602.25,Loja física,83,0.11055432798539726,1,2,1107.2350000000001,1,0,1,0,256.0,2,2,0,1,1,0.5,1.0,2,2,2.0,2.0,0,1,0,0,707,1,85
C00496,CLI01013,2026-01-31,0,24,125.15,3489.18,Loja física,113,0.035868026298442615,1,1,898.4,0,1,0,0,498.0,3,3,0,2,2,0.6666666666666666,3.6666666666666665,10,11,5.5,10.0,0,0,0,0,962,1,116
C00497,CLI01993,2026-01-19,0,12,375.29,3233.91,Site,113,0.11604837487747031,2,3,511.5833333333333,0,1,1,1,550.0,3,3,0,2,2,0.6666666666666666,2.3333333333333335,5,7,3.5,5.0,0,0,0,0,670,1,115
C00498,CLI02074,2025-01-06,1,6,395.89,1820.31,Loja física,173,0.21748493388488774,1,1,268.31,1,0,0,0,162.0,5,5,0,5,5,1.0,13.8,20,69,13.8,20.0,1,1,0,0,718,1,176
C00499,CLI01427,2026-01-15,1,24,106.76,2564.21,Televendas,113,0.04163465550793422,2,2,1946.38,1,0,1,0,364.0,3,3,0,1,1,0.3333333333333333,0.3333333333333333,1,1,1.0,1.0,0,0,1,0,730,1,116
C00500,CLI01245,2026-01-27,0,24,56.68,2895.85,Loja física,503,0.01957283699086624,1,3,670.12,0,0,1,2,192.0,16,16,0,5,5,0.3125,0.4375,2,7,1.4,2.0,0,0,0,0,785,1,503
C00501,CLI00205,2026-01-30,1,10,310.26,2535.87,Loja física,263,0.12234854310355026,4,10,842.7620000000001,1,3,4,2,355.0,8,8,0,3,3,0.375,2.75,19,22,7.333333333333333,19.0,1,0,0,0,645,1,264
C00502,CLI01173,2025-02-09,1,6,173.42,3880.88,Televendas,173,0.044685741378244104,2,4,766.2900000000001,0,3,1,0,449.0,5,5,0,2,2,0.4,1.0,3,5,2.5,3.0,0,1,0,0,600,1,175
C00503,CLI02053,2025-12-22,1,12,154.96,1820.68,Televendas,353,0.08511105740712262,2,3,698.6066666666666,1,0,1,1,56.0,11,11,0,5,5,0.45454545454545453,4.363636363636363,20,48,9.6,20.0,0,0,0,0,689,1,356
C00504,CLI01138,2026-02-02,0,12,127.1,2871.39,Loja física,113,0.04426427618679455,1,1,762.52,0,1,0,0,574.0,3,3,0,1,1,0.3333333333333333,2.6666666666666665,8,8,8.0,8.0,0,0,0,0,872,1,114
C00505,CLI01691,2026-01-07,1,12,126.79,4891.72,Loja física,353,0.025919308545869345,1,3,724.6566666666668,0,2,1,0,54.0,11,11,0,1,1,0.09090909090909091,0.18181818181818182,2,2,2.0,2.0,0,0,1,1,651,1,353
C00506,CLI01922,2025-05-14,1,6,347.56,3971.94,Loja física,173,0.0875038394336269,1,2,728.075,1,0,1,0,275.0,5,5,0,4,4,0.8,8.4,24,42,10.5,24.0,0,0,1,1,618,1,176
C00507,CLI00509,2025-09-12,1,6,127.1,1068.03,Site,173,0.119004147823563,1,2,640.745,0,1,0,1,179.0,5,5,0,4,4,0.8,11.8,20,59,14.75,20.0,0,1,1,0,705,1,176
C00509,CLI00101,2026-01-08,0,12,56.59,1876.94,Loja física,293,0.030150137990559104,2,1,863.52,1,0,0,0,336.0,9,9,0,3,3,0.3333333333333333,0.5555555555555556,2,5,1.6666666666666667,2.0,0,0,0,1,687,1,295
C00512,CLI00308,2025-07-31,1,10,448.01,3336.02,Loja física,293,0.13429475842470967,3,6,828.4683333333334,4,1,0,1,106.0,9,9,0,3,3,0.3333333333333333,2.888888888888889,16,26,8.666666666666666,16.0,0,0,0,0,598,1,294
C00513,CLI00944,2025-09-19,0,12,167.14,2372.6,Televendas,353,0.070445924302453,3,3,1160.5933333333332,2,1,0,0,10.0,11,11,0,5,5,0.45454545454545453,1.7272727272727273,13,19,3.8,13.0,0,0,0,0,776,1,355
C00514,CLI00845,2026-01-10,0,12,72.76,2237.53,Loja física,263,0.03251799975866245,1,1,364.41,1,0,0,0,243.0,8,8,0,2,2,0.25,0.375,2,3,1.5,2.0,1,0,0,0,653,1,266
C00515,CLI00938,2025-10-18,1,12,263.01,2262.82,Loja física,353,0.11623107449996022,1,3,595.1366666666667,1,1,1,0,474.0,11,11,0,5,5,0.45454545454545453,5.909090909090909,20,65,13.0,20.0,1,0,1,0,707,1,353
C00516,CLI01889,2026-01-11,1,18,126.32,1471.18,Televendas,443,0.0858630487091994,2,3,426.8233333333333,1,1,1,0,280.0,14,14,0,8,8,0.5714285714285714,7.785714285714286,22,109,13.625,22.0,0,0,0,0,590,1,443
C00517,CLI02200,2026-01-15,1,24,34.53,4528.01,Loja física,263,0.007625866550648077,2,1,375.54,0,0,0,1,168.0,8,8,0,7,7,0.875,8.75,21,70,10.0,21.0,0,0,0,0,765,1,263
C00518,CLI00338,2026-01-24,1,18,113.84,4753.63,Site,233,0.023948014464735372,4,8,1063.15625,1,2,4,1,111.0,7,7,0,3,3,0.42857142857142855,5.142857142857143,24,36,12.0,24.0,0,1,0,0,644,1,234
C00519,CLI02708,2026-01-27,1,10,192.39,2116.92,Loja física,173,0.09088203616575023,3,5,880.908,1,1,3,0,105.0,5,5,0,2,2,0.4,8.2,21,41,20.5,21.0,0,0,0,0,678,1,175
C00520,CLI00506,2026-02-03,0,18,131.38,3463.6,Loja física,203,0.037931631828155676,2,4,532.9975,1,1,1,1,73.0,6,6,0,1,1,0.16666666666666666,0.3333333333333333,2,2,2.0,2.0,0,0,0,0,843,1,206
C00521,CLI02127,2026-01-23,1,12,94.75,2948.13,Loja física,143,0.03213901693615953,1,0,,0,0,0,0,,4,4,0,3,3,0.75,4.75,17,19,6.333333333333333,17.0,1,0,0,0,624,1,143
C00522,CLI01852,2026-01-28,1,18,270.52,2581.57,Loja física,503,0.10478894626138356,4,8,714.8612499999999,3,3,0,2,25.0,16,16,0,15,15,0.9375,16.9375,26,271,18.066666666666666,26.0,0,2,2,0,434,1,504
C00523,CLI00479,2026-02-01,0,12,273.3,2759.97,Loja física,173,0.09902281546538551,3,3,671.0466666666666,1,0,2,0,216.0,5,5,0,1,1,0.2,0.2,1,1,1.0,1.0,0,0,0,0,652,1,175
C00524,CLI01160,2025-08-07,0,10,103.51,4547.45,Loja física,293,0.022762207390955372,3,5,411.262,1,2,2,0,430.0,9,9,0,3,3,0.3333333333333333,2.4444444444444446,20,22,7.333333333333333,20.0,0,1,0,0,711,1,295
C00525,CLI01406,2026-01-29,0,18,59.15,1655.86,Loja física,83,0.035721618977449784,1,0,,0,0,0,0,,2,2,0,1,1,0.5,0.5,1,1,1.0,1.0,0,0,0,0,628,1,84
C00526,CLI01766,2026-01-13,0,24,30.74,2750.62,Loja física,383,0.01117566221433713,3,2,740.305,1,0,1,0,474.0,12,12,0,3,3,0.25,0.3333333333333333,2,4,1.3333333333333333,2.0,1,1,0,0,635,1,384
C00529,CLI01924,2026-01-29,0,18,76.46,2665.17,Loja física,263,0.02868860147757929,3,4,1122.4775,2,0,0,2,209.0,8,8,0,2,2,0.25,2.375,18,19,9.5,18.0,0,0,0,0,718,1,264
C00530,CLI01454,2025-06-17,0,10,183.88,1940.17,Loja física,293,0.09477520011133045,1,3,674.3833333333333,3,0,0,0,489.0,9,9,0,1,1,0.1111111111111111,0.2222222222222222,2,2,2.0,2.0,1,0,0,0,479,1,296
C00531,CLI01632,2025-08-02,1,12,250.29,1741.19,Loja física,353,0.14374651818583842,1,0,,0,0,0,0,,11,11,0,7,7,0.6363636363636364,3.5454545454545454,16,39,5.571428571428571,16.0,0,0,1,0,639,1,355
C00532,CLI00230,2026-01-24,0,12,197.53,2376.07,Loja física,353,0.08313307267883521,3,4,743.385,2,0,2,0,309.0,11,11,0,4,4,0.36363636363636365,6.545454545454546,26,72,18.0,26.0,1,0,0,0,719,1,356
C00533,CLI00143,2025-08-18,1,12,524.34,3665.4,Televendas,353,0.14305123588148633,1,2,400.79,1,1,0,0,199.0,11,11,0,4,4,0.36363636363636365,1.9090909090909092,15,21,5.25,15.0,1,2,0,0,685,1,356
C00534,CLI00120,2026-01-01,1,18,291.95,3801.88,Loja física,533,0.07679095605332098,2,2,742.0799999999999,0,0,1,1,698.0,17,17,0,8,8,0.47058823529411764,3.588235294117647,19,61,7.625,19.0,1,1,2,0,537,1,535
C00535,CLI00619,2026-01-29,1,12,93.09,2059.38,Loja física,263,0.04520292515223028,2,1,1971.71,0,0,0,1,421.0,8,8,0,6,6,0.75,8.375,18,67,11.166666666666666,18.0,0,0,0,1,769,1,266
C00537,CLI00508,2026-01-01,1,12,347.65,3289.69,Loja física,353,0.10567865057193838,1,0,,0,0,0,0,,11,11,0,6,6,0.5454545454545454,3.4545454545454546,17,38,6.333333333333333,17.0,1,0,0,0,686,1,353
C00538,CLI01188,2025-07-19,1,12,295.18,6553.72,Site,353,0.04504006884639564,2,2,509.27500000000003,2,0,0,0,89.0,11,11,0,5,5,0.45454545454545453,5.181818181818182,19,57,11.4,19.0,1,0,1,0,771,1,355
C00539,CLI00646,2025-08-04,1,6,371.19,3083.75,Loja física,173,0.12036967977300364,3,4,614.9725,0,2,1,1,26.0,5,5,0,2,2,0.4,4.4,21,22,11.0,21.0,0,1,0,0,784,1,176
C00540,CLI02678,2025-08-03,0,10,225.42,2248.52,Loja física,293,0.10025261060608756,2,0,,0,0,0,0,,9,9,0,3,3,0.3333333333333333,2.0,10,18,6.0,10.0,0,0,0,0,799,1,293
C00541,CLI01178,2026-02-04,0,18,253.98,5108.82,Loja física,503,0.049714023982054566,1,0,,0,0,0,0,,16,16,0,6,6,0.375,2.5625,21,41,6.833333333333333,21.0,0,0,0,0,612,1,505
C00542,CLI01399,2025-11-01,1,12,144.92,2532.78,Loja física,353,0.05721776072142072,1,0,,0,0,0,0,,11,11,0,4,4,0.36363636363636365,3.1818181818181817,21,35,8.75,21.0,1,1,0,0,631,1,355
C00543,CLI02223,2025-06-28,1,10,96.89,3248.22,Televendas,293,0.029828644611510306,1,3,684.9333333333334,2,0,0,1,52.0,9,9,0,2,2,0.2222222222222222,3.4444444444444446,25,31,15.5,25.0,0,0,1,0,724,1,295
C00544,CLI02114,2026-01-17,1,24,135.46,3370.52,Loja física,83,0.04018964432787819,3,2,3626.165,0,0,1,1,444.0,2,2,0,2,2,1.0,13.0,18,26,13.0,18.0,0,1,0,0,503,1,86
C00548,CLI00127,2025-06-24,1,12,213.58,4645.88,Loja física,353,0.045971914900944495,2,2,1331.545,0,1,1,0,316.0,11,11,0,4,4,0.36363636363636365,1.0,5,11,2.75,5.0,0,0,0,0,665,1,353
C00549,CLI00421,2025-12-26,0,10,87.39,3643.12,Loja física,293,0.02398768088890841,1,0,,0,0,0,0,,9,9,0,5,5,0.5555555555555556,7.111111111111111,23,64,12.8,23.0,0,0,1,0,818,1,296
C00550,CLI01973,2026-01-10,1,18,55.24,3675.54,Site,83,0.015029084161783031,1,0,,0,0,0,0,,2,2,0,0,0,0.0,0.0,0,0,,,0,0,0,0,503,1,84
C00551,CLI02696,2026-01-27,1,24,15.83,5239.24,Site,113,0.0030214305891694214,4,5,1268.108,1,1,2,1,44.0,3,3,0,3,3,1.0,9.333333333333334,24,28,9.333333333333334,24.0,0,0,1,0,597,1,115
C00553,CLI02304,2025-11-16,1,6,326.54,1136.89,Loja física,173,0.28722215869609197,1,0,,0,0,0,0,,5,5,0,5,5,1.0,11.2,16,56,11.2,16.0,0,0,0,0,485,1,175
C00554,CLI02713,2025-08-16,0,10,401.94,5982.05,Loja física,293,0.06719101311423341,2,3,772.3866666666667,1,1,0,1,98.0,9,9,0,2,2,0.2222222222222222,0.4444444444444444,2,4,2.0,2.0,0,0,0,0,874,1,295
C00555,CLI01970,2026-01-29,1,24,82.26,1411.06,Loja física,143,0.058296599719359916,2,1,592.6,0,0,1,0,884.0,4,3,1,4,3,1.0,19.25,25,77,18.0,25.0,0,0,1,0,542,1,145
C00556,CLI02016,2026-01-11,0,12,212.86,1793.09,Loja física,83,0.11871127494994675,4,7,953.1828571428571,2,0,2,3,120.0,2,2,0,0,0,0.0,0.0,0,0,,,0,0,0,0,617,1,83
C00557,CLI02478,2025-08-10,1,12,114.46,4055.91,Televendas,353,0.028220547300112673,1,0,,0,0,0,0,,11,11,0,6,6,0.5454545454545454,1.9090909090909092,11,21,3.5,11.0,0,0,2,0,873,1,353
C00558,CLI00784,2026-01-08,1,10,279.81,1514.58,Loja física,173,0.1847442855445074,1,2,325.09499999999997,1,0,1,0,559.0,5,5,0,2,2,0.4,5.6,19,28,14.0,19.0,0,0,1,0,655,1,176
C00559,CLI00918,2025-08-14,0,6,234.74,2886.63,Televendas,173,0.08131973962717771,4,4,526.7625,1,3,0,0,187.0,5,5,0,1,1,0.2,2.4,12,12,12.0,12.0,0,0,1,0,886,1,176
C00560,CLI01800,2026-01-13,0,6,377.1,4566.64,Loja física,143,0.0825771245379535,1,2,422.295,0,2,0,0,130.0,4,4,0,0,0,0.0,0.0,0,0,,,0,0,0,0,780,1,145
C00561,CLI01770,2026-01-21,0,18,182.01,4218.42,Loja física,533,0.0431464861251369,2,3,2007.6333333333332,3,0,0,0,206.0,17,17,0,9,9,0.5294117647058824,2.4705882352941178,20,42,4.666666666666667,20.0,0,1,0,0,740,1,533
C00562,CLI01783,2026-01-25,0,24,144.33,2768.92,Loja física,173,0.05212501625182382,2,1,495.59,0,0,0,1,616.0,5,5,0,3,3,0.6,8.4,18,42,14.0,18.0,0,2,1,1,664,1,175
C00563,CLI00716,2026-01-08,1,24,237.41,2883.58,Loja física,113,0.08233168491944041,4,4,1103.4375,0,2,1,1,108.0,3,3,0,1,1,0.3333333333333333,0.6666666666666666,2,2,2.0,2.0,0,1,1,0,615,1,115
C00564,CLI00753,2026-01-08,1,24,116.52,2399.76,Loja física,263,0.04855485548554855,2,1,752.98,0,0,0,1,538.0,8,8,0,3,3,0.375,3.375,22,27,9.0,22.0,1,0,0,0,822,1,264
C00565,CLI00496,2026-01-30,1,10,110.51,1948.84,Site,293,0.056705527390652904,1,1,233.87,1,0,0,0,704.0,9,9,0,1,1,0.1111111111111111,0.2222222222222222,2,2,2.0,2.0,0,0,0,1,844,1,295
C00566,CLI00224,2025-12-19,1,6,153.9,4381.98,Loja física,173,0.035121109635370316,1,0,,0,0,0,0,,5,5,0,5,5,1.0,12.4,23,62,12.4,23.0,0,0,0,1,534,1,173
C00568,CLI01383,2025-11-15,1,12,187.6,2194.26,Loja física,353,0.08549579357049757,2,4,570.83,0,0,2,2,295.0,11,11,0,9,9,0.8181818181818182,11.454545454545455,26,126,14.0,26.0,1,1,2,0,635,1,356
C00569,CLI01666,2026-01-11,0,24,26.6,1573.32,Loja física,563,0.016906922940024917,1,1,1228.38,0,0,0,1,338.0,18,18,0,9,9,0.5,3.7777777777777777,24,68,7.555555555555555,24.0,0,0,0,0,616,1,563
C00570,CLI01838,2026-01-08,1,18,240.89,3433.55,Loja física,353,0.07015770849412414,2,1,1068.05,0,1,0,0,714.0,11,11,0,4,4,0.36363636363636365,1.9090909090909092,12,21,5.25,12.0,0,0,1,0,661,1,354
C00571,CLI00448,2026-01-14,1,24,196.02,1559.34,Loja física,383,0.12570702989726423,2,5,1007.0319999999999,2,0,1,2,62.0,12,12,0,8,8,0.6666666666666666,7.166666666666667,26,86,10.75,26.0,1,0,0,1,562,1,384
C00572,CLI02557,2026-01-25,1,12,292.88,4425.37,Televendas,173,0.06618203675624863,2,2,775.6700000000001,1,0,1,0,419.0,5,5,0,3,3,0.6,8.2,25,41,13.666666666666666,25.0,0,0,0,0,611,1,176
C00574,CLI01999,2026-01-19,0,12,88.47,5530.0,Loja física,263,0.015998191681735986,3,3,976.3166666666666,0,2,0,1,17.0,8,8,0,0,0,0.0,0.0,0,0,,,0,1,0,0,775,1,263
C00575,CLI02211,2026-01-25,0,10,336.54,3979.14,Loja física,83,0.08457606417467092,1,0,,0,0,0,0,,2,2,0,0,0,0.0,0.0,0,0,,,0,0,0,0,739,1,86
C00577,CLI02045,2026-01-27,1,18,163.96,2634.42,Televendas,533,0.062237608278102964,1,0,,0,0,0,0,,17,17,0,10,10,0.5882352941176471,7.294117647058823,24,124,12.4,24.0,0,0,0,0,624,1,535
C00579,CLI02665,2025-07-29,0,12,59.15,2243.13,Loja física,353,0.02636940346747625,1,0,,0,0,0,0,,11,11,0,5,5,0.45454545454545453,1.0909090909090908,5,12,2.4,5.0,0,1,0,1,664,1,355
C00580,CLI01672,2025-08-22,0,6,661.56,4237.79,Loja física,173,0.1561096703706413,2,2,938.325,0,0,1,1,395.0,5,5,0,2,2,0.4,2.6,11,13,6.5,11.0,0,0,0,1,683,1,173
C00581,CLI01402,2025-08-11,1,12,150.66,1815.07,Loja física,353,0.08300506316560793,3,3,889.2233333333334,1,1,1,0,43.0,11,11,0,4,4,0.36363636363636365,0.9090909090909091,5,10,2.5,5.0,0,0,0,0,773,1,353
C00582,CLI02746,2025-08-30,0,12,723.35,7163.0,Loja física,353,0.10098422448694681,4,4,667.0925,2,2,0,0,56.0,11,11,0,3,3,0.2727272727272727,4.2727272727272725,20,47,15.666666666666666,20.0,0,1,0,0,632,1,353
C00583,CLI01622,2026-01-29,0,10,398.49,4676.01,Loja física,83,0.08522009148825602,2,2,1393.54,1,0,1,0,284.0,2,2,0,2,2,1.0,12.5,23,25,12.5,23.0,0,1,0,0,554,1,84
C00584,CLI02433,2026-01-13,0,12,410.33,3573.39,Televendas,173,0.11482933572881773,3,6,1117.6316666666667,2,1,2,1,34.0,5,5,0,2,2,0.4,0.6,2,3,1.5,2.0,0,2,0,1,689,1,176
C00585,CLI01451,2026-01-27,1,18,164.95,1586.51,Loja física,323,0.10397035001355175,1,0,,0,0,0,0,,10,10,0,7,7,0.7,5.9,25,59,8.428571428571429,25.0,1,0,0,0,640,1,324
C00586,CLI01071,2025-06-07,1,12,418.69,3170.82,Loja física,353,0.13204470767814003,2,2,1654.1799999999998,0,2,0,0,51.0,11,11,0,6,6,0.5454545454545454,9.909090909090908,24,109,18.166666666666668,24.0,0,0,0,0,740,1,355
C00587,CLI02286,2026-01-14,0,10,141.94,2850.63,Loja física,203,0.04979250200832798,1,0,,0,0,0,0,,6,6,0,2,2,0.3333333333333333,5.0,22,30,15.0,22.0,1,0,0,0,510,1,204
C00588,CLI00276,2026-01-10,0,18,59.54,3199.59,Site,353,0.01860863423126088,3,7,845.9857142857143,2,3,2,0,332.0,11,11,0,2,2,0.18181818181818182,0.18181818181818182,1,2,1.0,1.0,0,0,0,0,817,1,353
C00589,CLI02462,2026-01-28,1,10,101.62,2503.59,Loja física,173,0.04058971317188517,1,2,327.135,0,0,0,2,237.0,5,5,0,4,4,0.8,13.8,22,69,17.25,22.0,0,1,0,1,693,1,174
C00590,CLI01686,2025-08-08,1,10,500.08,1452.4,Loja física,293,0.3443128614706692,2,5,941.3099999999998,1,1,1,2,74.0,9,9,0,8,8,0.8888888888888888,16.77777777777778,26,151,18.875,26.0,0,0,0,0,535,1,294
C00591,CLI02553,2025-10-15,0,10,278.78,3240.05,Site,293,0.08604188206972113,3,6,673.72,1,1,1,3,6.0,9,9,0,5,5,0.5555555555555556,5.0,25,45,9.0,25.0,0,1,2,0,820,1,294
C00592,CLI01226,2025-12-22,0,18,186.24,5613.26,Site,533,0.03317858071780035,2,4,1934.7325,0,2,0,2,200.0,17,17,0,5,5,0.29411764705882354,1.0,12,17,3.4,12.0,0,0,0,0,837,1,536
C00593,CLI00175,2026-01-20,1,12,153.47,2742.98,Site,293,0.055950098068524017,2,2,505.735,1,0,1,0,285.0,9,9,0,2,2,0.2222222222222222,2.0,17,18,9.0,17.0,0,1,1,0,913,1,293
C00595,CLI01647,2025-06-28,1,10,190.64,2936.25,Loja física,293,0.06492635163899531,1,2,885.81,1,0,0,1,371.0,9,9,0,5,5,0.5555555555555556,4.777777777777778,22,43,8.6,22.0,0,1,0,0,602,1,295
C00597,CLI02398,2026-01-22,0,6,308.96,4249.49,Loja física,113,0.07270519521166069,1,4,1490.38,0,0,1,3,156.0,3,3,0,2,2,0.6666666666666666,0.6666666666666666,1,2,1.0,1.0,0,0,0,0,995,1,113
C00598,CLI02016,2026-01-27,0,6,418.54,3526.41,Loja física,143,0.11868727686230474,4,7,953.1828571428571,2,0,2,3,136.0,4,4,0,1,1,0.25,4.0,16,16,16.0,16.0,0,0,0,0,600,1,146
C00599,CLI02154,2025-09-23,0,12,97.93,4236.86,Loja física,353,0.02311381541991003,2,3,1234.4566666666667,2,0,0,1,638.0,11,11,0,1,1,0.09090909090909091,0.18181818181818182,2,2,2.0,2.0,0,0,1,0,592,1,353
C00600,CLI02594,2026-01-10,1,24,119.99,2686.55,Loja física,263,0.04466322979285701,3,2,401.515,1,0,1,0,138.0,8,8,0,4,4,0.5,1.375,7,11,2.75,7.0,0,0,1,0,632,1,263
C00601,CLI02353,2025-09-05,1,10,337.32,2410.83,Site,293,0.13991861723970583,2,4,1161.8625,1,1,1,1,223.0,9,9,0,3,3,0.3333333333333333,2.0,9,18,6.0,9.0,1,0,0,0,571,1,294
C00602,CLI01696,2026-01-02,0,18,108.14,2316.57,Loja física,533,0.04668108453446258,2,5,540.5440000000001,1,1,3,0,60.0,17,17,0,3,3,0.17647058823529413,0.29411764705882354,2,5,1.6666666666666667,2.0,0,0,0,0,675,1,535
C00603,CLI02369,2026-01-20,1,18,144.23,2340.35,Site,443,0.0616275343431538,1,0,,0,0,0,0,,14,14,0,10,10,0.7142857142857143,11.5,23,161,16.1,23.0,1,0,0,0,727,1,446
C00604,CLI00986,2026-01-16,0,24,81.58,3223.41,Site,173,0.025308601760247688,2,4,498.7925,1,0,1,2,390.0,5,5,0,0,0,0.0,0.0,0,0,,,0,0,0,0,825,1,174
C00605,CLI00079,2026-02-06,1,12,162.08,1812.86,Loja física,143,0.08940569045596462,3,2,1623.105,0,1,1,0,22.0,4,4,0,3,3,0.75,12.0,23,48,16.0,23.0,1,1,2,0,629,1,143
C00606,CLI00258,2026-02-03,1,18,150.34,3599.99,Loja física,473,0.04176122711451977,3,5,1027.156,2,2,0,1,132.0,15,15,0,8,8,0.5333333333333333,2.533333333333333,12,38,4.75,12.0,0,0,0,0,752,1,475
C00607,CLI02037,2025-07-21,1,10,164.58,3392.53,Loja física,293,0.048512467096827445,3,3,695.3533333333334,0,1,1,1,67.0,9,9,0,3,3,0.3333333333333333,0.5555555555555556,2,5,1.6666666666666667,2.0,0,0,0,0,553,1,294
C00608,CLI00502,2025-12-17,1,6,340.29,2705.07,Loja física,173,0.12579711430757798,2,1,490.93,0,1,0,0,205.0,5,4,1,2,1,0.4,4.8,23,24,1.0,1.0,1,0,0,0,644,1,175
C00609,CLI01563,2026-01-10,0,24,71.36,3727.2,Loja física,443,0.01914573942906203,2,3,679.7933333333334,1,1,0,1,119.0,14,14,0,8,8,0.5714285714285714,9.0,25,126,15.75,25.0,2,0,0,0,680,1,443
C00610,CLI00258,2026-01-10,0,10,266.68,2992.23,Site,263,0.08912416492047737,3,5,1027.156,2,2,0,1,108.0,8,8,0,2,2,0.25,0.875,6,7,3.5,6.0,0,0,0,0,708,1,266
C00611,CLI02521,2026-01-28,0,10,194.72,2997.24,Loja física,173,0.06496643578759126,2,5,1139.482,3,0,2,0,485.0,5,5,0,1,1,0.2,4.8,24,24,24.0,24.0,1,0,0,1,689,1,175
C00613,CLI00503,2026-01-21,0,12,300.15,2664.44,Loja física,323,0.11265031301136448,6,6,1320.81,0,3,2,1,218.0,10,10,0,6,6,0.6,9.2,26,92,15.333333333333334,26.0,0,1,0,0,582,1,323
C00614,CLI02503,2025-08-16,1,10,38.0,1820.8,Loja física,293,0.020869947275922673,2,2,1533.09,1,0,1,0,147.0,9,9,0,3,3,0.3333333333333333,0.8888888888888888,5,8,2.6666666666666665,5.0,0,0,0,0,743,1,295
C00616,CLI01658,2026-01-16,1,18,83.28,1641.76,Loja física,503,0.05072605009258357,2,2,788.2,1,1,0,0,153.0,16,16,0,11,11,0.6875,8.1875,26,131,11.909090909090908,26.0,1,1,1,0,559,1,505
C00617,CLI00048,2026-02-02,0,18,119.97,2204.88,Loja física,143,0.05441112441493414,2,1,931.25,1,0,0,0,52.0,4,4,0,0,0,0.0,0.0,0,0,,,1,0,0,0,858,1,145
C00618,CLI00773,2025-06-23,0,12,168.09,2455.51,Loja física,353,0.06845421114147367,4,4,791.2575,3,0,1,0,45.0,11,11,0,4,4,0.36363636363636365,4.181818181818182,16,46,11.5,16.0,2,0,0,0,639,1,355
C00619,CLI02158,2025-12-10,1,6,1603.33,2250.57,Loja física,173,0.7124106337505609,3,2,584.5,1,1,0,0,186.0,5,5,0,5,5,1.0,15.4,21,77,15.4,21.0,0,1,1,0,274,1,175
C00620,CLI00566,2025-07-16,0,12,154.18,2798.58,Site,353,0.05509222534285245,1,1,1556.59,1,0,0,0,693.0,11,11,0,5,5,0.45454545454545453,7.363636363636363,26,81,16.2,26.0,0,2,0,0,603,1,355
C00621,CLI02551,2026-02-02,0,24,75.08,3587.41,Loja física,83,0.02092874803827831,2,2,719.68,1,0,1,0,192.0,2,2,0,1,1,0.5,5.0,10,10,10.0,10.0,0,0,0,0,548,1,84
C00622,CLI00758,2026-01-31,1,6,174.29,2673.72,Loja física,143,0.06518633215145939,2,2,2638.395,0,1,0,1,190.0,4,4,0,1,1,0.25,0.5,2,2,2.0,2.0,0,0,0,0,597,1,146
C00623,CLI02399,2025-11-01,0,12,114.18,2953.83,Loja física,353,0.03865489889397833,3,2,783.28,0,0,1,1,491.0,11,11,0,3,3,0.2727272727272727,0.2727272727272727,1,3,1.0,1.0,0,0,0,0,723,1,356
C00625,CLI01741,2026-01-11,0,12,411.52,3223.88,Loja física,323,0.12764743104582055,2,5,497.358,0,2,2,1,18.0,10,10,0,8,8,0.8,10.7,25,107,13.375,25.0,0,0,0,0,573,1,324
C00626,CLI01797,2026-01-09,0,18,90.71,3677.64,Loja física,443,0.02466527446949674,4,7,887.3514285714285,0,2,4,1,320.0,14,14,0,7,7,0.5,3.857142857142857,26,54,7.714285714285714,26.0,0,0,0,0,675,1,443
C00627,CLI01737,2026-01-18,0,24,63.36,1604.27,Loja física,503,0.03949459878948058,1,0,,0,0,0,0,,16,16,0,11,11,0.6875,10.6875,25,171,15.545454545454545,25.0,1,0,1,0,661,1,506
C00628,CLI01375,2026-01-29,0,18,68.36,4295.44,Loja física,443,0.015914551245041254,2,1,363.02,1,0,0,0,632.0,14,14,0,5,5,0.35714285714285715,2.5714285714285716,17,36,7.2,17.0,3,0,0,0,684,1,443
C00629,CLI01873,2026-01-27,1,12,236.3,3945.26,Loja física,83,0.05989465840020683,2,1,505.88,0,0,1,0,906.0,2,2,0,1,1,0.5,0.5,1,1,1.0,1.0,0,0,0,0,797,1,85
C00630,CLI01801,2026-01-08,0,10,255.45,5423.9,Televendas,143,0.0470971072475525,4,4,1062.6125,0,1,2,1,116.0,4,4,0,1,1,0.25,1.25,5,5,5.0,5.0,0,0,0,0,621,1,143
C00632,CLI00768,2026-01-31,0,24,157.19,2442.38,Loja física,353,0.06435935440021617,1,2,670.2900000000001,1,1,0,0,207.0,11,11,0,6,6,0.5454545454545454,5.181818181818182,24,57,9.5,24.0,0,0,0,0,764,1,354
C00633,CLI01542,2025-05-08,0,6,70.42,2802.31,Loja física,173,0.025129268353608274,1,0,,0,0,0,0,,5,5,0,2,2,0.4,7.8,22,39,19.5,22.0,0,0,0,0,641,1,173
C00634,CLI00051,2025-12-14,0,18,84.31,3119.98,Loja física,533,0.027022609119289227,1,3,282.5733333333333,0,1,1,1,272.0,17,17,0,2,2,0.11764705882352941,0.23529411764705882,2,4,2.0,2.0,0,0,0,0,637,1,534
C00636,CLI00297,2026-01-29,1,18,56.69,2300.88,Loja física,323,0.02463839922116755,1,3,1188.3433333333332,1,1,1,0,184.0,10,10,0,5,5,0.5,4.0,23,40,8.0,23.0,0,1,0,0,688,1,323
C00637,CLI00106,2025-03-02,1,6,790.52,900.0,Site,173,0.8783555555555556,1,1,947.71,0,0,0,1,50.0,5,4,1,5,4,1.0,16.6,23,83,15.0,21.0,0,0,0,0,398,1,176
C00638,CLI00127,2026-01-20,0,18,79.76,3511.03,Site,323,0.022716980487207456,2,2,1331.545,0,1,1,0,526.0,10,10,0,3,3,0.3,0.9,6,9,3.0,6.0,0,0,0,0,759,1,326
C00639,CLI01503,2025-12-24,1,6,423.99,1734.71,Loja física,173,0.24441549307953492,2,3,1193.4733333333334,1,1,1,0,35.0,5,5,0,3,3,0.6,7.0,18,35,11.666666666666666,18.0,0,0,1,0,755,1,175
C00640,CLI01885,2026-01-08,0,24,106.32,1966.43,Loja física,83,0.054067523379932154,1,1,1705.5,1,0,0,0,423.0,2,2,0,0,0,0.0,0.0,0,0,,,0,0,0,0,553,1,84
C00641,CLI00272,2026-01-31,0,24,149.38,2285.13,Loja física,443,0.0653704603239203,2,4,781.27,0,3,1,0,171.0,14,14,0,7,7,0.5,3.4285714285714284,19,48,6.857142857142857,19.0,0,0,1,0,684,1,444
C00642,CLI02531,2026-02-05,0,24,62.54,2236.1,Loja física,83,0.027968337730870714,2,3,585.77,2,0,1,0,291.0,2,2,0,1,1,0.5,10.0,20,20,20.0,20.0,0,0,0,0,645,1,86
C00643,CLI00440,2025-07-02,0,10,152.92,2662.01,Loja física,293,0.057445313879361824,1,4,1130.2625,0,1,3,0,63.0,9,9,0,1,1,0.1111111111111111,0.2222222222222222,2,2,2.0,2.0,1,0,0,0,751,1,293
C00644,CLI00867,2025-06-20,1,10,163.21,3118.8,Site,293,0.05233102475311017,1,0,,0,0,0,0,,9,9,0,2,2,0.2222222222222222,1.8888888888888888,15,17,8.5,15.0,0,0,0,0,549,1,294
C00645,CLI00140,2026-01-29,0,10,274.49,3322.9,Loja física,203,0.08260555538836559,3,5,1453.334,1,1,1,2,494.0,6,6,0,1,1,0.16666666666666666,0.3333333333333333,2,2,2.0,2.0,0,0,0,0,653,1,204
C00646,CLI01348,2026-01-17,0,24,51.36,1701.36,Loja física,323,0.030187614614191,1,0,,0,0,0,0,,10,10,0,4,4,0.4,4.5,22,45,11.25,22.0,0,2,1,0,710,1,326
C00647,CLI00931,2025-10-27,0,6,272.62,2037.65,Loja física,173,0.13379137732191496,1,2,825.005,0,1,0,1,394.0,5,5,0,3,3,0.6,5.2,23,26,8.666666666666666,23.0,0,0,0,0,786,1,173
C00648,CLI01229,2026-01-21,1,18,106.47,3042.21,Loja física,263,0.03499758399321546,3,3,890.19,0,1,2,0,268.0,8,8,0,5,5,0.625,3.75,16,30,6.0,16.0,0,1,0,0,681,1,265
C00649,CLI00972,2026-01-20,0,10,257.2,1946.28,Loja física,203,0.13214953655178083,5,8,924.67125,1,3,3,1,163.0,6,6,0,3,3,0.5,4.166666666666667,20,25,8.333333333333334,20.0,0,0,0,0,525,1,204
C00650,CLI01257,2025-11-02,0,12,157.56,5013.16,Site,353,0.03142927813993569,3,1,647.22,0,1,0,0,691.0,11,11,0,2,2,0.18181818181818182,0.18181818181818182,1,2,1.0,1.0,0,0,0,0,749,1,354
C00651,CLI01423,2026-01-29,0,12,264.38,3652.1,Loja física,353,0.07239122696530763,4,3,354.9266666666667,0,2,1,0,114.0,11,11,0,2,2,0.18181818181818182,0.36363636363636365,2,4,2.0,2.0,0,0,0,0,716,1,355
C00652,CLI01444,2026-01-09,0,12,234.03,2580.37,Site,173,0.09069629549250689,4,2,703.865,1,0,1,0,523.0,5,5,0,3,3,0.6,8.4,24,42,14.0,24.0,0,0,1,0,529,1,175
C00653,CLI01032,2025-11-17,1,12,241.21,917.25,Loja física,353,0.26297083674025623,1,2,664.13,0,0,2,0,157.0,11,11,0,9,9,0.8181818181818182,11.090909090909092,20,122,13.555555555555555,20.0,0,0,2,0,600,1,355
C00655,CLI00094,2026-02-01,1,12,34.66,2674.19,Site,293,0.012960933965051097,2,4,652.2249999999999,1,2,0,1,118.0,9,9,0,4,4,0.4444444444444444,4.777777777777778,22,43,10.75,22.0,0,0,0,0,679,1,295
C00656,CLI01228,2026-01-15,0,18,147.87,2310.65,Loja física,113,0.06399497976759787,4,2,1222.54,0,0,0,2,221.0,3,3,0,0,0,0.0,0.0,0,0,,,0,0,1,0,727,1,116
C00657,CLI00857,2025-02-17,1,6,951.51,3005.13,Loja física,173,0.31662856515358734,1,1,1292.9,0,0,0,1,695.0,5,5,0,5,5,1.0,15.2,23,76,15.2,23.0,0,0,0,0,507,1,173
C00658,CLI02496,2026-01-16,0,12,62.42,2330.16,Site,263,0.026787860061111685,5,7,814.7785714285714,2,3,0,2,53.0,8,8,0,4,4,0.5,1.875,11,15,3.75,11.0,0,0,0,0,759,1,263
C00659,CLI00544,2026-01-15,1,12,102.82,2753.56,Loja física,233,0.03734075160882639,1,0,,0,0,0,0,,7,7,0,5,5,0.7142857142857143,5.285714285714286,17,37,7.4,17.0,1,1,0,0,866,1,233
C00660,CLI01052,2024-12-23,1,6,534.45,2212.06,Site,173,0.24160737050532086,1,2,1317.1000000000001,1,1,0,0,687.0,5,4,1,4,3,0.8,12.8,23,64,13.666666666666666,20.0,0,0,0,0,703,1,173
C00661,CLI02036,2025-06-24,1,10,203.71,2476.27,Televendas,293,0.08226485803244396,2,2,577.475,1,1,0,0,123.0,9,9,0,4,4,0.4444444444444444,5.666666666666667,23,51,12.75,23.0,0,0,0,0,694,1,293
C00662,CLI01920,2025-08-25,0,10,86.34,3939.3,Site,293,0.02191759957352829,1,2,1921.865,0,1,0,1,561.0,9,9,0,2,2,0.2222222222222222,2.4444444444444446,20,22,11.0,20.0,0,0,0,0,705,1,296
C00663,CLI00427,2025-04-30,0,10,102.03,3385.45,Loja física,293,0.03013779556632058,1,1,389.47,0,0,1,0,262.0,9,9,0,0,0,0.0,0.0,0,0,,,0,0,0,0,744,1,296
C00664,CLI00131,2025-11-19,0,6,302.58,1850.51,Loja física,173,0.16351168056373647,1,0,,0,0,0,0,,5,5,0,2,2,0.4,5.2,24,26,13.0,24.0,0,1,0,0,745,1,174
C00665,CLI00547,2026-02-06,0,24,56.78,3287.32,Loja física,293,0.01727242860445591,3,1,1091.64,1,0,0,0,862.0,9,9,0,2,2,0.2222222222222222,0.3333333333333333,2,3,1.5,2.0,0,1,0,0,776,1,294
C00666,CLI02454,2025-10-02,1,10,142.62,2375.98,Site,293,0.06002575779257401,3,4,858.2375,1,2,1,0,572.0,9,9,0,4,4,0.4444444444444444,1.3333333333333333,8,12,3.0,8.0,1,1,2,0,614,1,296
C00667,CLI00142,2026-01-27,0,10,345.63,3475.53,Televendas,203,0.0994467030927657,3,2,2370.31,1,0,1,0,488.0,6,6,0,1,1,0.16666666666666666,0.8333333333333334,5,5,5.0,5.0,0,0,0,0,773,1,206
C00668,CLI02503,2026-01-29,1,24,93.0,3809.99,Site,593,0.024409512885860594,2,3,1201.59,1,0,1,1,96.0,19,19,0,8,8,0.42105263157894735,5.315789473684211,20,101,12.625,20.0,0,0,0,0,576,1,596
C00669,CLI01574,2025-06-16,0,12,461.6,5832.26,Loja física,353,0.0791459914338524,2,4,937.2375,2,0,0,2,55.0,11,10,1,6,5,0.5454545454545454,4.636363636363637,23,51,5.6,12.0,0,0,0,0,830,1,354
C00670,CLI01274,2026-01-10,0,24,48.38,2450.15,Loja física,293,0.019745729853274288,1,7,828.5971428571429,2,2,2,1,40.0,9,9,0,4,4,0.4444444444444444,4.444444444444445,23,40,10.0,23.0,0,0,0,1,683,1,294
C00671,CLI01293,2026-01-10,1,12,286.44,2035.42,Loja física,353,0.14072771221664324,2,1,959.11,0,1,0,0,268.0,11,11,0,4,4,0.36363636363636365,2.6363636363636362,24,29,7.25,24.0,0,0,0,0,672,1,354
C00672,CLI01045,2026-01-23,1,24,53.07,5771.23,Loja física,533,0.0091956134134318,1,0,,0,0,0,0,,17,16,1,9,8,0.5294117647058824,9.235294117647058,26,157,16.75,26.0,1,2,0,0,622,1,534
C00673,CLI02241,2026-01-13,0,12,310.28,3500.66,Loja física,83,0.08863471459667605,3,4,695.1925,1,1,0,2,242.0,2,2,0,0,0,0.0,0.0,0,0,,,0,0,0,0,704,1,85
C00675,CLI00470,2026-01-30,1,12,305.06,1805.87,Loja física,233,0.1689268884249697,1,2,557.5550000000001,0,0,1,1,55.0,7,7,0,6,6,0.8571428571428571,8.0,16,56,9.333333333333334,16.0,0,0,1,0,540,1,236
C00676,CLI00081,2026-01-27,1,12,183.15,2165.32,Loja física,233,0.08458334103042506,1,0,,0,0,0,0,,7,7,0,5,5,0.7142857142857143,10.285714285714286,25,72,14.4,25.0,0,0,1,0,527,1,234
C00677,CLI00166,2026-01-12,0,12,160.77,4277.94,Site,113,0.037581172246455075,1,1,1459.6,1,0,0,0,299.0,3,3,0,1,1,0.3333333333333333,0.6666666666666666,2,2,2.0,2.0,1,0,0,0,663,1,113
C00678,CLI01660,2026-01-16,0,24,53.55,3754.77,Loja física,563,0.014261858915459535,1,3,1325.7966666666666,1,1,0,1,70.0,18,18,0,4,4,0.2222222222222222,1.5555555555555556,15,28,7.0,15.0,0,0,0,0,733,1,565
C00679,CLI00760,2025-09-10,1,12,118.65,2197.69,Loja física,353,0.053988506113237085,1,2,274.795,0,2,0,0,407.0,11,11,0,3,3,0.2727272727272727,2.0,17,22,7.333333333333333,17.0,0,0,0,1,808,1,353
C00680,CLI01833,2026-02-04,0,24,42.88,1986.22,Televendas,383,0.021588746463130973,1,3,763.1266666666667,1,0,0,2,409.0,12,12,0,2,2,0.16666666666666666,0.25,2,3,1.5,2.0,0,0,0,0,759,1,384
C00681,CLI01721,2026-01-20,0,24,61.04,1328.04,Loja física,233,0.04596247100990934,1,2,718.265,1,0,1,0,236.0,7,7,0,2,2,0.2857142857142857,0.42857142857142855,2,3,1.5,2.0,0,0,0,0,690,1,236
C00682,CLI01449,2026-01-09,0,18,134.37,1528.45,Loja física,293,0.08791259118715038,1,2,1102.885,0,1,1,0,22.0,9,9,0,1,1,0.1111111111111111,0.2222222222222222,2,2,2.0,2.0,0,1,0,0,829,1,296
C00683,CLI00122,2025-06-10,0,12,99.58,3428.58,Televendas,353,0.029044094056431526,1,3,553.7733333333333,2,0,1,0,81.0,11,11,0,5,5,0.45454545454545453,6.545454545454546,19,72,14.4,19.0,2,1,0,0,575,1,355
C00684,CLI02015,2025-05-18,1,10,96.05,3719.64,Site,293,0.025822391414222882,1,1,390.53,0,1,0,0,104.0,9,9,0,3,3,0.3333333333333333,0.7777777777777778,3,7,2.3333333333333335,3.0,0,0,0,0,643,1,293
C00685,CLI01358,2026-02-02,1,10,75.3,4271.24,Loja física,83,0.017629540835916502,3,8,869.135,1,3,2,2,346.0,2,2,0,1,1,0.5,1.0,2,2,2.0,2.0,0,0,0,0,898,1,84
C00687,CLI00670,2026-01-20,0,12,103.55,2581.58,Loja física,323,0.04011109475592466,2,7,1015.4457142857143,3,2,1,1,269.0,10,10,0,5,5,0.5,6.4,24,64,12.8,24.0,1,1,0,0,641,1,323
C00688,CLI00549,2025-10-01,1,12,134.19,2722.61,Loja física,353,0.04928726479370898,5,6,1039.4950000000001,3,1,1,1,51.0,11,11,0,3,3,0.2727272727272727,0.2727272727272727,1,3,1.0,1.0,0,0,1,0,758,1,355
C00689,CLI00175,2025-07-14,1,12,165.36,1789.87,Loja física,353,0.09238659790934539,2,2,505.735,1,0,1,0,95.0,11,11,0,7,7,0.6363636363636364,1.0909090909090908,2,12,1.7142857142857142,2.0,0,0,0,0,873,1,356
C00691,CLI00362,2026-01-30,1,12,75.53,1389.62,Loja física,323,0.05435298858680791,2,1,500.06,0,0,1,0,855.0,10,10,0,5,5,0.5,3.1,24,31,6.2,24.0,0,0,0,0,696,1,325
C00692,CLI01947,2026-01-14,1,6,426.1,1747.14,Loja física,143,0.24388429089826802,2,2,726.96,2,0,0,0,795.0,4,4,0,0,0,0.0,0.0,0,0,,,0,1,0,0,677,1,144
C00693,CLI01338,2025-08-14,0,10,144.15,1890.84,Site,293,0.07623595862156503,2,3,1903.21,0,1,2,0,284.0,9,9,0,1,1,0.1111111111111111,0.1111111111111111,1,1,1.0,1.0,0,1,0,0,710,1,293
C00694,CLI02079,2025-03-13,0,6,255.14,2305.49,Site,173,0.11066627918576963,2,4,354.7475,1,1,1,1,317.0,5,5,0,2,2,0.4,1.4,6,7,3.5,6.0,0,0,0,0,807,1,174
C00695,CLI02484,2025-12-18,1,6,655.74,3106.49,Loja física,173,0.21108711117692316,2,5,1962.1599999999999,1,2,1,1,24.0,5,4,1,5,4,1.0,15.6,25,78,13.75,25.0,0,0,0,1,416,1,175
C00696,CLI02778,2026-02-04,1,10,521.87,1956.9,Loja física,233,0.26668199703612855,1,0,,0,0,0,0,,7,6,1,6,5,0.8571428571428571,11.142857142857142,25,78,11.0,25.0,3,0,0,0,404,1,233
C00697,CLI02671,2025-05-29,1,10,122.4,2607.22,Loja física,293,0.04694655610190165,1,2,285.105,1,0,1,0,33.0,9,9,0,4,4,0.4444444444444444,5.444444444444445,17,49,12.25,17.0,1,0,0,0,813,1,296
C00698,CLI01522,2026-01-25,0,18,86.47,5097.38,Site,353,0.016963616603039206,2,4,350.42499999999995,1,0,1,2,98.0,11,11,0,2,2,0.18181818181818182,0.18181818181818182,1,2,1.0,1.0,0,0,1,0,858,1,354
C00699,CLI00056,2026-02-01,0,18,105.47,3442.11,Loja física,413,0.03064108933183425,1,1,544.1,1,0,0,0,837.0,13,13,0,3,3,0.23076923076923078,2.1538461538461537,25,28,9.333333333333334,25.0,0,0,0,0,733,1,414
C00700,CLI01508,2026-01-27,0,10,74.5,2333.74,Loja física,143,0.03192300770437153,2,1,1071.37,0,1,0,0,845.0,4,4,0,1,1,0.25,0.25,1,1,1.0,1.0,0,0,0,0,650,1,145
C00701,CLI02381,2026-01-22,1,18,52.72,2283.74,Loja física,173,0.023084939616593834,4,6,916.5233333333332,2,2,2,0,53.0,5,5,0,1,1,0.2,0.4,2,2,2.0,2.0,0,0,0,0,632,1,173
C00702,CLI02018,2026-01-16,1,10,209.54,3407.75,Loja física,143,0.061489252439292784,2,1,182.22,0,0,1,0,790.0,4,4,0,0,0,0.0,0.0,0,0,,,0,1,0,0,587,1,143
C00704,CLI02637,2025-11-15,1,12,120.01,2738.23,Televendas,353,0.04382758205117905,2,3,2438.7633333333333,2,0,0,1,135.0,11,11,0,8,8,0.7272727272727273,6.181818181818182,21,68,8.5,21.0,1,0,0,0,631,1,353
C00705,CLI01862,2025-06-17,0,10,82.66,2854.18,Loja física,293,0.028961032590796656,3,2,438.565,0,1,1,0,180.0,9,9,0,3,3,0.3333333333333333,3.111111111111111,25,28,9.333333333333334,25.0,0,0,1,0,750,1,295
C00706,CLI01889,2026-01-26,0,10,184.0,1867.38,Loja física,83,0.09853377459328042,2,3,426.8233333333333,1,1,1,0,295.0,2,2,0,1,1,0.5,1.0,2,2,2.0,2.0,0,1,0,0,598,1,84
C00707,CLI02108,2026-01-14,1,24,145.45,3035.8,Loja física,263,0.047911588378681064,2,1,526.21,0,0,0,1,320.0,8,8,0,5,5,0.625,9.25,23,74,14.8,23.0,0,0,0,0,597,1,264
C00708,CLI02378,2026-01-15,1,10,163.32,4705.66,Loja física,113,0.03470713991236086,1,0,,0,0,0,0,,3,3,0,1,1,0.3333333333333333,5.0,15,15,15.0,15.0,0,0,0,0,850,1,114
C00709,CLI02449,2025-01-20,1,6,372.4,1535.59,Loja física,173,0.2425126498609655,3,2,176.46,0,1,0,1,453.0,5,5,0,4,4,0.8,12.2,21,61,15.25,21.0,2,1,0,0,486,1,175
C00710,CLI00497,2026-01-06,0,10,70.44,4505.78,Loja física,293,0.01563325328799897,1,0,,0,0,0,0,,9,9,0,6,6,0.6666666666666666,2.6666666666666665,10,24,4.0,10.0,1,0,0,0,659,1,294
C00711,CLI01826,2026-01-28,0,12,101.85,2870.51,Loja física,233,0.03548149980317086,5,9,791.1966666666667,3,0,2,4,185.0,7,7,0,0,0,0.0,0.0,0,0,,,1,1,0,0,607,1,234
C00712,CLI01745,2025-07-12,0,12,104.15,1587.63,Site,353,0.0656009271681689,1,2,493.09,1,0,0,1,340.0,11,11,0,1,1,0.09090909090909091,0.18181818181818182,2,2,2.0,2.0,0,0,0,0,857,1,354
C00713,CLI00791,2025-12-26,1,18,263.53,3266.69,Site,533,0.08067187275192932,3,7,1071.6342857142856,2,1,3,1,13.0,17,17,0,10,10,0.5882352941176471,9.411764705882353,26,160,16.0,26.0,0,0,0,0,654,1,536
C00714,CLI01041,2026-01-26,0,12,268.42,2301.17,Loja física,353,0.11664501101613528,3,3,1129.42,0,1,0,2,149.0,11,11,0,3,3,0.2727272727272727,0.36363636363636365,2,4,1.3333333333333333,2.0,0,0,0,0,860,1,355
C00715,CLI02636,2025-10-03,0,12,528.34,3441.51,Loja física,353,0.15351982124125746,1,2,813.86,0,0,1,1,803.0,11,11,0,2,2,0.18181818181818182,0.36363636363636365,2,4,2.0,2.0,0,0,0,0,732,1,356
C00716,CLI01827,2026-01-24,1,6,634.42,3232.57,Loja física,173,0.19625870437453788,3,2,1764.3400000000001,0,0,2,0,39.0,5,4,1,3,2,0.6,5.6,23,28,2.5,4.0,0,0,0,0,798,1,176
C00717,CLI01376,2025-12-05,1,18,309.42,4872.92,Loja física,533,0.06349786165174064,1,2,372.89,0,0,1,1,386.0,17,17,0,11,11,0.6470588235294118,8.0,26,136,12.363636363636363,26.0,0,0,2,0,611,1,533
C00718,CLI00339,2025-01-31,0,6,619.24,3740.99,Loja física,173,0.16552837617849822,2,3,852.1666666666666,0,0,1,2,151.0,5,5,0,2,2,0.4,1.4,5,7,3.5,5.0,0,0,0,0,695,1,175
C00719,CLI01751,2026-02-03,0,10,154.99,1740.93,Loja física,293,0.08902712917808298,1,0,,0,0,0,0,,9,8,1,6,5,0.6666666666666666,10.555555555555555,26,95,14.4,26.0,0,2,0,0,554,1,296
C00720,CLI02662,2026-01-18,0,24,77.65,1581.76,Loja física,263,0.04909088610155776,3,1,853.15,1,0,0,0,156.0,8,8,0,5,5,0.625,5.875,24,47,9.4,24.0,0,0,0,1,796,1,265
C00721,CLI00503,2026-02-05,1,18,206.12,1252.9,Loja física,353,0.16451432676191236,6,7,1172.9142857142856,0,4,2,1,10.0,11,11,0,2,2,0.18181818181818182,0.2727272727272727,2,3,1.5,2.0,0,0,0,0,794,1,356
C00722,CLI01621,2026-01-26,1,24,91.96,1539.31,Loja física,233,0.059741052809375625,1,1,184.84,0,0,0,1,803.0,7,7,0,6,6,0.8571428571428571,9.857142857142858,25,69,11.5,25.0,0,0,0,0,614,1,235
C00723,CLI00803,2025-08-25,0,12,173.97,7020.34,Televendas,353,0.0247808510698912,1,3,1870.7666666666667,1,0,1,1,99.0,11,11,0,0,0,0.0,0.0,0,0,,,0,0,2,0,897,1,354
C00724,CLI02690,2025-08-02,1,6,506.16,2035.8,Loja física,173,0.2486295313881521,2,1,461.39,1,0,0,0,278.0,5,4,1,5,4,1.0,13.8,23,69,11.5,17.0,0,1,2,0,529,1,174
C00725,CLI02159,2026-01-23,1,18,114.48,2203.62,Loja física,83,0.05195088082337246,2,1,339.38,1,0,0,0,779.0,2,2,0,1,1,0.5,0.5,1,1,1.0,1.0,1,0,1,0,655,1,84
C00726,CLI02719,2025-12-02,0,12,99.92,2550.33,Loja física,353,0.039179243470452846,1,3,1394.62,0,1,1,1,129.0,11,11,0,5,5,0.45454545454545453,1.9090909090909092,14,21,4.2,14.0,0,0,0,0,703,1,353
C00727,CLI02244,2025-11-11,1,6,191.96,2238.57,Site,173,0.08575117150681015,1,0,,0,0,0,0,,5,5,0,3,3,0.6,11.0,22,55,18.333333333333332,22.0,0,0,0,0,580,1,173
C00728,CLI02250,2025-11-11,0,12,121.9,5481.3,Loja física,353,0.022239249813000565,1,0,,0,0,0,0,,11,11,0,6,6,0.5454545454545454,1.0909090909090908,4,12,2.0,4.0,0,1,0,0,844,1,354
C00729,CLI01470,2025-11-08,0,12,168.73,2727.57,Loja física,353,0.06186092382596963,2,2,782.975,1,0,0,1,191.0,11,11,0,5,5,0.45454545454545453,3.272727272727273,23,36,7.2,23.0,1,1,0,0,596,1,354
C00730,CLI00671,2026-01-20,1,10,144.33,3623.86,Site,263,0.03982769753798436,1,0,,0,0,0,0,,8,8,0,7,7,0.875,7.0,19,56,8.0,19.0,1,0,0,0,633,1,266
C00731,CLI01826,2026-01-14,1,18,63.6,5718.63,Site,263,0.011121544845531186,5,9,791.1966666666667,3,0,2,4,171.0,8,8,0,3,3,0.375,6.25,22,50,16.666666666666668,22.0,0,1,0,0,703,1,263
C00732,CLI00115,2026-02-03,0,18,322.0,5817.14,Site,143,0.055353661765059806,2,5,757.8340000000001,1,1,1,2,306.0,4,4,0,1,1,0.25,0.5,2,2,2.0,2.0,0,0,0,0,831,1,145
C00734,CLI02578,2026-01-08,0,24,97.11,3899.66,Loja física,533,0.024902170958493817,2,2,1307.37,0,0,0,2,103.0,17,17,0,6,6,0.35294117647058826,2.764705882352941,20,47,7.833333333333333,20.0,0,0,0,0,845,1,536
C00735,CLI01605,2026-01-29,1,18,130.65,4448.12,Site,293,0.029371959389584815,2,4,1125.53,1,0,1,2,269.0,9,9,0,6,6,0.6666666666666666,10.333333333333334,26,93,15.5,26.0,2,0,0,0,585,1,294
C00736,CLI02060,2026-01-30,0,18,158.94,2089.52,Loja física,203,0.07606531643631073,1,0,,0,0,0,0,,6,6,0,5,5,0.8333333333333334,11.666666666666666,22,70,14.0,22.0,0,0,0,1,695,1,205
C00737,CLI01420,2025-12-21,1,10,174.84,4948.58,Loja física,293,0.03533134757849727,2,0,,0,0,0,0,,9,9,0,5,5,0.5555555555555556,7.555555555555555,26,68,13.6,26.0,0,1,0,0,602,1,296
C00738,CLI00505,2026-01-26,0,24,102.0,1900.21,Loja física,203,0.053678277664047654,1,0,,0,0,0,0,,6,6,0,2,2,0.3333333333333333,6.833333333333333,22,41,20.5,22.0,0,0,0,0,596,1,206
C00739,CLI01373,2026-01-17,1,24,107.81,2273.96,Site,83,0.04741068444475716,2,2,437.59,1,0,1,0,122.0,2,2,0,2,2,1.0,10.5,17,21,10.5,17.0,0,0,0,0,546,1,84
C00740,CLI01033,2026-01-13,0,18,35.47,3111.3,Loja física,323,0.011400379262687622,2,4,1071.29,0,1,2,1,100.0,10,10,0,2,2,0.2,3.0,20,30,15.0,20.0,0,2,1,0,843,1,323
C00741,CLI00255,2026-02-03,0,24,34.33,2888.66,Loja física,413,0.011884403148864872,2,1,807.04,0,0,0,1,465.0,13,13,0,4,4,0.3076923076923077,2.6153846153846154,23,34,8.5,23.0,0,0,0,0,734,1,414
C00742,CLI00744,2026-02-06,0,24,120.0,1296.7,Site,83,0.09254260815917328,1,3,1356.5966666666666,1,1,1,0,192.0,2,2,0,2,2,1.0,4.0,7,8,4.0,7.0,0,0,0,0,919,1,83
C00743,CLI01845,2026-01-30,1,12,293.58,6184.17,Loja física,353,0.04747282173678925,2,1,842.25,0,1,0,0,755.0,11,11,0,3,3,0.2727272727272727,2.272727272727273,23,25,8.333333333333334,23.0,1,1,1,0,662,1,353
C00744,CLI00238,2026-01-24,0,18,143.35,2973.15,Televendas,203,0.04821485629719321,3,1,938.36,0,1,0,0,344.0,6,6,0,1,1,0.16666666666666666,1.5,9,9,9.0,9.0,0,0,0,0,687,1,206
C00745,CLI00719,2026-02-05,1,18,64.66,2714.98,Loja física,233,0.023816013377630774,1,1,654.44,0,1,0,0,158.0,7,7,0,2,2,0.2857142857142857,0.42857142857142855,2,3,1.5,2.0,1,0,2,0,657,1,235
C00746,CLI00173,2025-06-29,1,12,104.2,2710.59,Loja física,353,0.038441815250554304,2,2,800.03,1,0,0,1,393.0,11,11,0,7,7,0.6363636363636364,2.0,10,22,3.142857142857143,10.0,0,0,0,0,694,1,355
C00747,CLI02564,2025-10-26,0,10,170.93,2434.11,Site,293,0.07022279190340618,3,5,901.988,3,2,0,0,47.0,9,9,0,5,5,0.5555555555555556,3.7777777777777777,17,34,6.8,17.0,0,1,2,0,672,1,294
C00750,CLI00103,2025-11-20,1,10,253.39,5928.2,Loja física,293,0.04274315981242198,4,5,1141.298,1,0,1,3,103.0,9,9,0,7,7,0.7777777777777778,9.333333333333334,18,84,12.0,18.0,1,2,1,0,438,1,296
C00751,CLI00577,2026-01-29,0,18,101.11,5175.11,Site,473,0.01953774895606084,2,4,1023.0775,1,2,1,0,60.0,15,15,0,1,1,0.06666666666666667,0.06666666666666667,1,1,1.0,1.0,0,0,0,1,878,1,476
C00753,CLI02316,2025-12-16,0,10,149.25,1729.62,Loja física,293,0.08629063031186042,2,2,648.8,1,1,0,0,320.0,9,9,0,3,3,0.3333333333333333,3.2222222222222223,22,29,9.666666666666666,22.0,0,0,0,0,695,1,293
C00755,CLI01699,2026-01-14,0,10,148.35,3364.98,Televendas,173,0.044086443307241055,1,1,477.57,0,0,0,1,268.0,5,5,0,3,3,0.6,1.0,2,5,1.6666666666666667,2.0,1,2,0,0,681,1,173
C00756,CLI00881,2025-07-12,0,10,281.48,3411.61,Loja física,293,0.08250649986370072,2,1,359.31,1,0,0,0,744.0,9,9,0,5,5,0.5555555555555556,5.333333333333333,15,48,9.6,15.0,1,0,1,0,657,1,294
C00757,CLI00499,2026-01-30,1,12,162.38,2279.77,Site,83,0.07122648337332274,2,0,,0,0,0,0,,2,2,0,1,1,0.5,3.0,6,6,6.0,6.0,0,0,1,0,686,1,85
C00758,CLI01803,2025-08-07,1,12,68.76,2419.99,Loja física,353,0.028413340550994017,2,2,901.47,1,1,0,0,275.0,11,11,0,8,8,0.7272727272727273,11.363636363636363,23,125,15.625,23.0,0,0,1,0,542,1,354
C00759,CLI01596,2025-07-01,1,12,322.63,2324.11,Loja física,353,0.13881873061085748,2,1,525.4,0,1,0,0,864.0,11,11,0,8,8,0.7272727272727273,8.090909090909092,18,89,11.125,18.0,0,0,1,1,696,1,356
C00760,CLI02643,2025-08-03,0,6,101.79,1826.85,Loja física,173,0.05571886033336071,1,0,,0,0,0,0,,5,5,0,1,1,0.2,0.2,1,1,1.0,1.0,0,0,0,0,736,1,175
C00761,CLI01924,2026-01-19,0,18,125.63,1700.23,Loja física,143,0.07389000311722531,3,4,1122.4775,2,0,0,2,199.0,4,4,0,2,2,0.5,0.75,2,3,1.5,2.0,0,1,0,1,736,1,144
C00762,CLI01398,2025-12-03,1,10,238.88,2796.16,Loja física,293,0.0854314488441291,2,4,1853.0075000000002,0,1,2,1,233.0,9,9,0,5,5,0.5555555555555556,5.888888888888889,22,53,10.6,22.0,0,0,1,0,627,1,294
C00763,CLI01587,2026-01-29,0,24,30.62,2182.19,Loja física,83,0.01403177541827247,2,2,1241.64,0,1,0,1,59.0,2,2,0,2,2,1.0,13.0,24,26,13.0,24.0,0,0,1,0,794,1,83
C00764,CLI02084,2025-12-09,1,6,224.82,2640.8,Site,173,0.08513329294153286,2,3,2440.0099999999998,1,1,0,1,138.0,5,5,0,1,1,0.2,1.8,9,9,9.0,9.0,0,0,0,0,653,1,174
C00765,CLI00402,2025-08-02,0,10,224.18,2837.07,Televendas,293,0.07901814195631408,2,4,1365.9875,2,1,1,0,78.0,9,9,0,3,3,0.3333333333333333,3.7777777777777777,25,34,11.333333333333334,25.0,1,0,0,0,753,1,294
C00768,CLI01361,2025-10-24,0,12,88.78,2668.1,Loja física,353,0.03327461489449421,2,0,,0,0,0,0,,11,11,0,2,2,0.18181818181818182,1.2727272727272727,13,14,7.0,13.0,0,0,0,0,831,1,353
C00769,CLI00373,2026-01-13,1,24,75.01,2327.15,Site,263,0.03223255913886084,1,4,1831.6525,0,2,1,1,141.0,8,8,0,7,7,0.875,17.125,25,137,19.571428571428573,25.0,0,0,0,0,700,1,263
C00770,CLI00114,2026-01-09,1,10,326.8,2695.31,Televendas,143,0.12124764869347125,2,1,1412.74,0,0,1,0,116.0,4,4,0,1,1,0.25,1.0,4,4,4.0,4.0,0,1,0,0,845,1,144
C00771,CLI02146,2025-10-16,0,12,196.65,1429.59,Loja física,353,0.13755692191467486,1,2,1777.785,1,1,0,0,189.0,11,11,0,6,6,0.5454545454545454,9.454545454545455,26,104,17.333333333333332,26.0,1,0,0,0,614,1,354
C00772,CLI02564,2025-12-23,1,10,197.91,1601.02,Loja física,293,0.12361494547226143,3,6,842.0749999999999,3,2,1,0,27.0,9,9,0,4,4,0.4444444444444444,5.222222222222222,21,47,11.75,21.0,0,2,0,0,627,1,296
C00773,CLI01866,2026-01-16,1,18,63.47,3100.46,Loja física,353,0.020471155892996522,1,2,797.625,1,1,0,0,441.0,11,11,0,5,5,0.45454545454545453,6.545454545454546,23,72,14.4,23.0,0,0,0,0,616,1,356
C00774,CLI02246,2026-01-24,1,12,211.26,2191.53,Loja física,263,0.09639840659265443,1,1,3201.1,0,0,0,1,101.0,8,8,0,4,4,0.5,8.625,23,69,17.25,23.0,0,0,0,0,712,1,265
C00775,CLI02193,2025-07-06,0,12,203.28,1900.93,Loja física,353,0.10693713077283225,1,2,716.225,1,0,1,0,8.0,11,11,0,4,4,0.36363636363636365,2.8181818181818183,24,31,7.75,24.0,0,0,0,0,708,1,354
C00776,CLI01083,2025-04-13,0,10,138.44,4886.89,Loja física,293,0.028328855366091726,2,4,578.5074999999999,1,0,0,3,190.0,9,9,0,1,1,0.1111111111111111,0.1111111111111111,1,1,1.0,1.0,0,0,0,0,729,1,296
C00777,CLI01548,2026-01-19,0,12,386.21,3323.13,Televendas,323,0.11621874558022105,1,4,661.735,1,0,1,2,330.0,10,9,1,6,5,0.6,10.8,26,108,17.0,26.0,1,3,0,0,665,1,326
C00778,CLI01915,2026-01-22,0,12,53.1,4532.77,Loja física,323,0.011714691016751346,3,0,,0,0,0,0,,10,10,0,5,5,0.5,2.4,17,24,4.8,17.0,0,1,0,0,781,1,324
C00779,CLI01242,2026-01-18,1,12,295.5,2931.66,Site,173,0.10079613597756902,2,5,605.8639999999999,1,3,1,0,95.0,5,5,0,5,5,1.0,14.0,26,70,14.0,26.0,0,0,0,0,551,1,174
C00781,CLI02687,2025-07-15,0,12,147.4,1606.56,Loja física,353,0.0917488297978289,2,4,631.5575,2,0,1,1,25.0,11,11,0,5,5,0.45454545454545453,7.909090909090909,26,87,17.4,26.0,1,0,0,0,696,1,356
C00782,CLI00839,2026-02-06,1,12,148.0,3143.6,Loja física,203,0.04707978114263901,3,3,587.7233333333334,1,1,1,0,404.0,6,6,0,2,2,0.3333333333333333,4.0,16,24,12.0,16.0,0,1,0,0,709,1,204
C00783,CLI02314,2026-01-10,0,24,152.22,1995.75,Site,473,0.07627207816610297,1,1,595.0,0,0,0,1,749.0,15,15,0,8,8,0.5333333333333333,2.6,16,39,4.875,16.0,0,0,0,0,729,1,474
C00784,CLI01296,2026-01-29,0,24,42.1,2144.42,Loja física,233,0.01963234814075601,2,1,271.39,1,0,0,0,94.0,7,7,0,4,4,0.5714285714285714,8.857142857142858,26,62,15.5,26.0,1,0,0,0,739,1,235
C00785,CLI01722,2025-07-10,0,10,85.06,2150.41,Televendas,293,0.0395552476039453,2,1,448.99,1,0,0,0,336.0,9,9,0,4,4,0.4444444444444444,5.555555555555555,21,50,12.5,21.0,0,1,1,0,564,1,296
C00786,CLI00608,2026-01-20,1,18,163.34,2252.18,Loja física,143,0.07252528661119449,2,5,293.596,0,1,1,3,248.0,4,4,0,1,1,0.25,1.0,4,4,4.0,4.0,0,0,0,1,800,1,143
C00787,CLI01664,2025-12-10,1,10,158.92,3847.51,Loja física,293,0.04130463598535156,2,3,494.4866666666667,0,1,1,1,418.0,9,9,0,6,6,0.6666666666666666,4.222222222222222,20,38,6.333333333333333,20.0,0,0,0,0,643,1,294
C00788,CLI02241,2026-02-03,0,18,107.37,1689.81,Loja física,473,0.06353968789390524,3,4,695.1925,1,1,0,2,263.0,15,15,0,1,1,0.06666666666666667,0.13333333333333333,2,2,2.0,2.0,0,1,0,0,687,1,473
C00789,CLI00018,2025-10-10,1,10,83.41,2316.98,Loja física,293,0.03599944755673333,3,3,515.5233333333333,1,1,0,1,70.0,9,9,0,3,3,0.3333333333333333,3.111111111111111,20,28,9.333333333333334,20.0,0,1,0,0,719,1,295
C00790,CLI00536,2025-12-20,0,6,455.01,4004.77,Televendas,173,0.11361701171353161,1,1,341.45,0,0,0,1,159.0,5,5,0,1,1,0.2,0.8,4,4,4.0,4.0,1,0,0,0,760,1,174
C00791,CLI02170,2025-01-27,1,6,634.98,3691.9,Loja física,173,0.1719927408651372,1,1,921.38,0,1,0,0,358.0,5,5,0,3,3,0.6,13.4,26,67,22.333333333333332,26.0,0,1,0,0,623,1,176
C00793,CLI01962,2025-12-14,0,12,220.85,3893.87,Loja física,353,0.05671735317306433,3,4,788.0325,0,1,3,0,100.0,11,11,0,3,3,0.2727272727272727,3.5454545454545454,21,39,13.0,21.0,2,0,0,0,553,1,355
C00794,CLI02437,2026-01-12,0,24,144.61,1282.74,Televendas,83,0.11273523862980808,1,0,,0,0,0,0,,2,2,0,0,0,0.0,0.0,0,0,,,0,0,0,0,664,1,84
C00795,CLI00216,2026-01-09,1,10,143.88,3087.34,Loja física,173,0.04660322478249885,3,2,1144.915,0,0,2,0,696.0,5,5,0,2,2,0.4,4.6,19,23,11.5,19.0,0,0,0,0,652,1,175
C00796,CLI02204,2025-11-22,1,10,145.29,5576.67,Site,293,0.026053182275443947,1,0,,0,0,0,0,,9,9,0,5,5,0.5555555555555556,6.777777777777778,21,61,12.2,21.0,0,0,0,0,684,1,294
C00797,CLI02580,2025-11-03,1,10,558.2,3011.11,Loja física,293,0.18538014220669455,1,1,1232.55,0,1,0,0,276.0,9,9,0,9,9,1.0,15.0,26,135,15.0,26.0,0,1,0,0,536,1,293
C00798,CLI01304,2026-01-11,0,10,259.98,3892.28,Loja física,233,0.06679375584490324,2,10,1189.7549999999999,3,0,5,2,9.0,7,7,0,1,1,0.14285714285714285,0.14285714285714285,1,1,1.0,1.0,0,0,0,0,783,1,236
C00800,CLI00903,2026-01-21,1,18,48.73,2064.61,Loja física,143,0.023602520572892697,1,1,1594.21,0,0,1,0,487.0,4,3,1,2,1,0.5,8.5,23,34,11.0,11.0,0,0,0,1,609,1,145
C00801,CLI00190,2026-01-19,1,12,170.91,1611.73,Loja física,203,0.10604133446669106,3,3,1020.4633333333333,0,1,0,2,123.0,6,6,0,3,3,0.5,1.0,2,6,2.0,2.0,1,1,0,0,646,1,204
C00802,CLI01358,2026-01-29,0,18,204.16,6678.61,Loja física,293,0.030569235215112126,3,8,869.135,1,3,2,2,342.0,9,9,0,3,3,0.3333333333333333,2.111111111111111,16,19,6.333333333333333,16.0,0,0,0,0,960,1,295
C00803,CLI02264,2025-12-01,1,6,177.02,1459.34,Loja física,173,0.12130141022654078,1,1,1026.25,0,1,0,0,876.0,5,5,0,4,4,0.8,10.4,25,52,13.0,25.0,0,0,0,1,694,1,175
C00804,CLI02746,2026-02-02,0,24,50.9,2107.81,Site,143,0.024148286610273222,5,8,825.5425,2,3,1,2,18.0,4,4,0,1,1,0.25,0.25,1,1,1.0,1.0,1,0,0,0,736,1,144
C00805,CLI00184,2025-12-19,0,18,64.29,2907.03,Loja física,533,0.022115354846699208,5,11,486.42999999999995,1,2,4,4,29.0,17,17,0,3,3,0.17647058823529413,1.9411764705882353,22,33,11.0,22.0,0,0,0,0,895,1,536
C00807,CLI00726,2025-11-16,1,6,417.78,2116.73,Site,173,0.1973704723795666,2,4,831.9625,1,0,1,2,407.0,5,5,0,3,3,0.6,11.8,22,59,19.666666666666668,22.0,0,1,0,0,552,1,176
C00808,CLI01323,2026-01-11,0,18,237.11,1542.92,Site,353,0.1536761465273637,1,0,,0,0,0,0,,11,11,0,9,9,0.8181818181818182,16.727272727272727,26,184,20.444444444444443,26.0,0,0,0,0,675,1,356
C00809,CLI00898,2026-01-18,0,18,153.26,3829.92,Site,233,0.040016501650165015,2,5,580.6099999999999,1,0,3,1,48.0,7,7,0,3,3,0.42857142857142855,1.2857142857142858,6,9,3.0,6.0,0,1,0,0,834,1,234
C00810,CLI00922,2026-01-18,1,24,138.16,2816.48,Site,263,0.049054138499119465,3,1,805.81,0,1,0,0,170.0,8,8,0,7,7,0.875,12.75,22,102,14.571428571428571,22.0,0,2,0,1,537,1,265
C00811,CLI01523,2026-01-03,0,10,268.76,2216.55,Loja física,293,0.12125149443955696,1,1,1120.55,0,1,0,0,814.0,9,9,0,3,3,0.3333333333333333,4.888888888888889,25,44,14.666666666666666,25.0,0,0,0,0,704,1,296
C00813,CLI02508,2026-01-16,0,12,193.12,3036.09,Loja física,353,0.06360812755880095,1,2,400.845,1,0,0,1,30.0,11,11,0,6,6,0.5454545454545454,2.909090909090909,25,32,5.333333333333333,25.0,1,0,0,0,781,1,356
C00814,CLI01137,2025-07-20,0,6,206.84,2189.8,Loja física,173,0.09445611471367248,2,1,156.36,1,0,0,0,26.0,5,5,0,2,2,0.4,0.6,2,3,1.5,2.0,0,0,0,0,797,1,175
C00816,CLI02310,2025-11-03,0,12,129.17,2397.08,Televendas,353,0.05388639511405543,1,1,1195.48,0,0,1,0,99.0,11,11,0,5,5,0.45454545454545453,5.818181818181818,23,64,12.8,23.0,0,0,1,0,735,1,353
C00817,CLI00171,2025-12-20,0,12,188.0,6587.84,Loja física,353,0.028537426531306163,2,2,1252.0549999999998,1,0,0,1,151.0,11,11,0,9,9,0.8181818181818182,7.636363636363637,25,84,9.333333333333334,25.0,0,0,0,0,438,1,356
C00818,CLI02545,2026-01-15,0,12,61.71,2010.48,Loja física,113,0.030694162588038677,2,1,492.78,1,0,0,0,84.0,3,3,0,1,1,0.3333333333333333,0.6666666666666666,2,2,2.0,2.0,0,0,0,0,830,1,116
C00819,CLI02137,2026-02-05,0,6,195.21,1993.27,Loja física,143,0.09793454975994222,3,1,187.45,1,0,0,0,596.0,4,4,0,2,2,0.5,9.75,23,39,19.5,23.0,1,0,0,0,692,1,144
C00820,CLI01355,2026-01-10,0,24,39.77,3239.92,Televendas,533,0.012274994444307267,1,1,520.49,0,1,0,0,71.0,17,17,0,9,9,0.5294117647058824,4.529411764705882,16,77,8.555555555555555,16.0,1,0,0,0,907,1,535
C00821,CLI00976,2026-01-28,1,12,246.32,2477.75,Loja física,113,0.09941277368580365,1,2,902.5150000000001,0,0,2,0,453.0,3,3,0,1,1,0.3333333333333333,0.3333333333333333,1,1,1.0,1.0,0,0,0,0,686,1,116
C00823,CLI02339,2026-01-29,1,12,60.69,2247.38,Site,143,0.027004778898094668,2,4,950.5374999999999,1,2,1,0,179.0,4,4,0,2,2,0.5,0.75,2,3,1.5,2.0,0,1,0,0,558,1,144
C00824,CLI00716,2026-01-11,1,18,35.53,3828.88,Loja física,443,0.009279475982532752,4,4,1103.4375,0,2,1,1,111.0,14,14,0,3,3,0.21428571428571427,2.7857142857142856,24,39,13.0,24.0,0,0,0,0,634,1,446
C00825,CLI01383,2025-11-21,0,12,76.88,1593.17,Site,353,0.048255992769133234,2,4,570.83,0,0,2,2,301.0,11,11,0,6,6,0.5454545454545454,9.090909090909092,25,100,16.666666666666668,25.0,0,1,2,0,573,1,356
C00826,CLI02551,2026-01-25,0,10,316.17,1904.52,Loja física,83,0.16601033331233067,2,2,719.68,1,0,1,0,184.0,2,2,0,1,1,0.5,1.0,2,2,2.0,2.0,0,0,0,0,645,1,84
C00827,CLI02480,2026-01-22,0,24,41.56,3580.28,Site,113,0.011608030656820137,1,0,,0,0,0,0,,3,3,0,0,0,0.0,0.0,0,0,,,0,0,1,0,807,1,113
C00829,CLI02267,2026-01-31,1,6,171.92,3517.97,Site,83,0.048869092118466045,2,1,534.19,0,0,1,0,436.0,2,1,1,2,1,1.0,12.0,23,24,1.0,1.0,0,0,0,0,675,1,84
C00830,CLI00939,2026-01-27,1,6,558.6,1993.82,Site,173,0.28016571205023527,2,1,462.32,1,0,0,0,399.0,5,5,0,1,1,0.2,2.4,12,12,12.0,12.0,0,1,0,0,689,1,175
C00831,CLI00400,2026-02-02,0,18,122.63,3688.12,Loja física,533,0.03325000271140852,2,2,604.45,0,2,0,0,849.0,17,17,0,9,9,0.5294117647058824,8.647058823529411,26,147,16.333333333333332,26.0,0,0,1,0,586,1,536
C00832,CLI01438,2026-01-08,0,10,95.78,3200.58,Loja física,83,0.029925825944047642,2,3,518.1733333333333,0,0,1,2,309.0,2,2,0,0,0,0.0,0.0,0,0,,,0,0,0,0,638,1,83
C00834,CLI02180,2026-01-09,0,18,103.66,1940.52,Loja física,263,0.05341867128398573,1,4,1061.8875,0,0,2,2,141.0,8,8,0,0,0,0.0,0.0,0,0,,,1,0,0,0,845,1,264
C00835,CLI00646,2025-05-28,1,10,164.04,3786.0,Loja física,293,0.043328050713153723,3,2,420.07500000000005,0,1,1,0,179.0,9,8,1,7,6,0.7777777777777778,5.333333333333333,23,48,4.166666666666667,11.0,0,0,0,0,498,1,295
C00836,CLI01627,2026-01-24,1,10,190.3,2363.38,Loja física,143,0.08052027181409677,3,3,872.2700000000001,1,0,0,2,88.0,4,4,0,1,1,0.25,0.25,1,1,1.0,1.0,0,0,0,0,694,1,146
C00837,CLI02346,2026-02-02,0,10,215.47,3383.19,Loja física,173,0.06368841241550134,2,2,960.21,1,0,0,1,494.0,5,5,0,2,2,0.4,4.4,21,22,11.0,21.0,0,0,0,0,758,1,173
C00838,CLI01753,2026-01-18,0,18,104.68,2100.72,Site,413,0.04983053429300431,1,1,404.6,0,0,1,0,741.0,13,13,0,8,8,0.6153846153846154,6.615384615384615,25,86,10.75,25.0,0,1,0,0,719,1,413
C00839,CLI01400,2026-01-30,0,10,95.92,3783.59,Loja física,83,0.025351584077555972,2,3,1174.6133333333335,2,1,0,0,262.0,2,2,0,0,0,0.0,0.0,0,0,,,0,0,0,0,870,1,85
C00840,CLI01354,2026-01-24,0,18,152.28,1388.66,Site,113,0.10965967191393142,2,3,670.3000000000001,0,0,1,2,48.0,3,3,0,2,2,0.6666666666666666,1.0,2,3,1.5,2.0,1,0,0,0,676,1,114
C00841,CLI01816,2026-01-25,0,18,80.7,1581.52,Site,143,0.0510268602357226,2,0,,0,0,0,0,,4,4,0,3,3,0.75,14.75,23,59,19.666666666666668,23.0,0,2,0,0,719,1,144
C00842,CLI02013,2025-10-09,1,10,286.4,3683.28,Site,293,0.07775678199865337,2,3,716.9266666666667,0,2,1,0,42.0,9,9,0,6,6,0.6666666666666666,12.666666666666666,26,114,19.0,26.0,0,0,0,0,758,1,296
C00843,CLI02171,2025-05-26,0,10,335.51,1824.01,Loja física,293,0.18394087751711888,1,1,985.83,0,0,1,0,794.0,9,9,0,5,5,0.5555555555555556,8.777777777777779,24,79,15.8,24.0,1,0,0,0,637,1,296
C00844,CLI00452,2026-01-28,1,18,73.77,3013.06,Loja física,323,0.024483415531054806,2,3,882.5333333333334,1,0,1,1,231.0,10,10,0,3,3,0.3,2.5,23,25,8.333333333333334,23.0,0,0,0,0,809,1,325
C00847,CLI02417,2026-01-27,1,18,78.24,2323.21,Loja física,473,0.033677540988546015,1,1,327.1,0,0,0,1,664.0,15,15,0,11,11,0.7333333333333333,8.666666666666666,24,130,11.818181818181818,24.0,1,0,0,0,565,1,473
C00848,CLI02315,2026-01-10,0,12,71.31,3290.14,Loja física,203,0.021673849744995654,1,6,950.735,1,1,1,3,64.0,6,6,0,2,2,0.3333333333333333,0.3333333333333333,1,2,1.0,1.0,0,0,0,0,732,1,203
C00849,CLI02489,2026-01-16,1,18,52.08,3638.11,Loja física,233,0.01431512516114136,1,1,1166.94,0,1,0,0,176.0,7,7,0,1,1,0.14285714285714285,0.14285714285714285,1,1,1.0,1.0,0,0,0,0,741,1,236
C00850,CLI02691,2026-01-21,1,18,48.05,2090.62,Loja física,413,0.022983612516861027,2,1,266.0,0,0,0,1,89.0,13,13,0,9,9,0.6923076923076923,6.6923076923076925,23,87,9.666666666666666,23.0,0,0,2,0,446,1,416
C00852,CLI00717,2025-05-19,0,6,513.16,3500.37,Televendas,173,0.14660164496896042,2,1,844.71,1,0,0,0,332.0,5,5,0,2,2,0.4,5.6,26,28,14.0,26.0,0,0,0,0,689,1,173
C00853,CLI00086,2026-01-19,1,10,87.93,3475.4,Loja física,263,0.025300684813258905,2,1,1331.5,1,0,0,0,328.0,8,8,0,3,3,0.375,1.375,7,11,3.6666666666666665,7.0,0,0,0,0,525,1,264
C00854,CLI01162,2025-10-05,0,12,74.28,3973.07,Loja física,353,0.018695869944400676,2,2,2342.35,0,0,1,1,126.0,11,11,0,2,2,0.18181818181818182,0.2727272727272727,2,3,1.5,2.0,0,0,0,1,636,1,354
C00855,CLI01804,2025-09-22,0,10,87.66,5676.74,Site,293,0.015441961407427502,1,1,498.13,0,1,0,0,667.0,9,9,0,1,1,0.1111111111111111,0.2222222222222222,2,2,2.0,2.0,0,1,0,0,825,1,296
C00856,CLI01902,2025-11-23,0,10,160.78,2747.47,Loja física,293,0.058519292294365366,1,0,,0,0,0,0,,9,9,0,3,3,0.3333333333333333,0.5555555555555556,2,5,1.6666666666666667,2.0,0,0,1,0,824,1,295
C00857,CLI01136,2026-01-25,0,12,343.02,3034.99,Loja física,83,0.11302178919864646,2,3,903.2133333333333,0,1,1,1,47.0,2,2,0,1,1,0.5,0.5,1,1,1.0,1.0,0,0,0,0,862,1,86
C00858,CLI01855,2026-01-14,1,12,243.34,3871.39,Loja física,323,0.06285597679386475,2,3,1192.53,1,2,0,0,48.0,10,10,0,5,5,0.5,3.1,12,31,6.2,12.0,0,0,0,0,728,1,325
C00859,CLI00983,2026-01-17,1,24,107.71,2294.72,Site,113,0.046938188537163576,4,4,641.1274999999999,1,1,2,0,158.0,3,3,0,3,3,1.0,9.666666666666666,16,29,9.666666666666666,16.0,0,0,0,0,706,1,116
C00860,CLI00734,2026-01-21,1,18,72.15,2738.76,Loja física,353,0.026344038908119004,2,1,1305.51,1,0,0,0,841.0,11,11,0,6,6,0.5454545454545454,7.181818181818182,25,79,13.166666666666666,25.0,0,1,0,0,737,1,354
C00861,CLI01832,2026-01-22,1,12,318.09,3740.68,Loja física,293,0.08503534116791599,3,2,779.6,1,1,0,0,112.0,9,9,0,6,6,0.6666666666666666,7.222222222222222,21,65,10.833333333333334,21.0,0,1,1,0,602,1,294
C00862,CLI01536,2026-01-27,0,18,54.92,4062.07,Loja física,503,0.013520200291969365,4,4,1318.23,0,1,3,0,250.0,16,16,0,2,2,0.125,0.25,2,4,2.0,2.0,1,0,0,0,834,1,505
C00863,CLI02365,2026-01-27,1,12,201.36,2311.71,Televendas,323,0.08710435132434433,1,1,462.74,0,0,1,0,882.0,10,10,0,7,7,0.7,9.6,26,96,13.714285714285714,26.0,0,0,0,0,617,1,325
C00864,CLI01813,2026-01-01,0,12,40.71,1687.97,Loja física,353,0.02411772721079166,1,3,394.7766666666667,0,0,2,1,99.0,11,11,0,2,2,0.18181818181818182,0.2727272727272727,2,3,1.5,2.0,0,0,0,0,810,1,355
C00865,CLI00123,2026-01-24,0,24,147.85,,Televendas,443,,1,0,,0,0,0,0,,14,14,0,4,4,0.2857142857142857,0.5,2,7,1.75,2.0,0,0,0,0,682,1,445
C00866,CLI00072,2026-01-10,1,18,107.03,1580.08,Site,533,0.06773707660371626,3,1,2240.53,0,1,0,0,131.0,17,17,0,13,13,0.7647058823529411,9.941176470588236,26,169,13.0,26.0,1,0,0,0,599,1,536
C00867,CLI00142,2026-02-05,1,18,411.57,2288.06,Televendas,353,0.17987727594556088,3,2,2370.31,1,0,1,0,497.0,11,11,0,10,10,0.9090909090909091,11.636363636363637,25,128,12.8,25.0,3,0,0,0,698,1,353
C00868,CLI00099,2025-02-10,0,6,306.4,1927.36,Loja física,173,0.15897393325585257,1,1,978.08,0,1,0,0,873.0,5,5,0,2,2,0.4,2.2,10,11,5.5,10.0,0,0,0,0,715,1,175
C00869,CLI00522,2026-01-20,1,18,134.1,3028.5,Site,203,0.04427934621099554,1,0,,0,0,0,0,,6,6,0,4,4,0.6666666666666666,9.166666666666666,21,55,13.75,21.0,0,2,0,0,693,1,203
C00870,CLI01283,2026-01-30,1,12,35.37,4093.85,Loja física,263,0.008639788951720262,2,0,,0,0,0,0,,8,8,0,3,3,0.375,3.375,25,27,9.0,25.0,0,0,0,0,778,1,266
C00871,CLI02609,2025-08-14,1,10,487.72,1563.95,Loja física,293,0.3118514018990377,2,3,1023.9233333333333,2,0,1,0,174.0,9,9,0,8,8,0.8888888888888888,12.555555555555555,21,113,14.125,21.0,0,0,0,0,527,1,296
C00872,CLI00184,2026-01-20,0,10,174.44,6023.81,Loja física,83,0.028958416683129113,5,11,486.42999999999995,1,2,4,4,61.0,2,2,0,1,1,0.5,11.0,22,22,22.0,22.0,0,0,0,0,728,1,84
C00873,CLI02356,2026-01-16,0,24,26.56,2086.42,Site,143,0.01272993932190067,1,0,,0,0,0,0,,4,4,0,3,3,0.75,3.75,12,15,5.0,12.0,0,1,0,0,626,1,145
C00874,CLI02184,2026-01-24,1,18,83.97,7523.88,Site,263,0.011160465079187866,3,1,1754.08,0,0,0,1,830.0,8,8,0,6,6,0.75,8.25,18,66,11.0,18.0,1,0,0,0,655,1,266
C00875,CLI02128,2026-01-28,0,24,117.06,5185.91,Loja física,353,0.022572701801612447,1,1,1183.96,1,0,0,0,257.0,11,11,0,8,8,0.7272727272727273,10.272727272727273,26,113,14.125,26.0,0,0,1,0,665,1,354
C00876,CLI01223,2026-01-27,1,18,34.59,951.96,Loja física,323,0.03633556031766041,2,3,783.4333333333334,1,0,2,0,227.0,10,10,0,5,5,0.5,2.6,11,26,5.2,11.0,0,0,0,1,664,1,323
C00877,CLI00906,2026-01-22,0,18,300.75,3956.23,Loja física,83,0.07601934164596093,2,1,543.18,0,1,0,0,67.0,2,2,0,0,0,0.0,0.0,0,0,,,0,0,0,0,658,1,86
C00879,CLI01271,2025-11-26,1,12,119.31,3969.44,Loja física,353,0.030057136523035995,1,0,,0,0,0,0,,11,11,0,3,3,0.2727272727272727,0.45454545454545453,2,5,1.6666666666666667,2.0,1,0,0,0,747,1,353
C00880,CLI01071,2025-01-18,0,6,140.36,2469.6,Loja física,173,0.056835114998380315,2,1,2717.83,0,1,0,0,610.0,5,5,0,2,2,0.4,4.0,19,20,10.0,19.0,0,1,0,1,651,1,175
C00881,CLI02298,2026-01-30,0,10,225.35,4090.54,Loja física,143,0.05509052594522972,1,1,1017.09,0,0,0,1,443.0,4,4,0,0,0,0.0,0.0,0,0,,,0,1,0,0,844,1,144
C00884,CLI02596,2025-05-24,1,10,175.76,1564.44,Loja física,293,0.11234691007644908,3,3,609.41,0,2,0,1,293.0,9,9,0,6,6,0.6666666666666666,4.888888888888889,21,44,7.333333333333333,21.0,0,0,0,0,570,1,293
C00885,CLI01416,2025-11-03,0,12,90.86,2119.18,Loja física,353,0.04287507432119971,2,1,775.66,0,0,1,0,552.0,11,11,0,5,5,0.45454545454545453,4.181818181818182,21,46,9.2,21.0,0,0,2,0,551,1,356
C00886,CLI00839,2025-11-24,1,12,117.19,3112.28,Loja física,353,0.037654067114784015,3,3,587.7233333333334,1,1,1,0,330.0,11,11,0,5,5,0.45454545454545453,3.3636363636363638,15,37,7.4,15.0,0,0,0,0,846,1,353
C00887,CLI01734,2025-08-17,0,6,267.18,3165.2,Site,173,0.08441172753696449,5,5,1180.482,2,1,2,0,53.0,5,5,0,1,1,0.2,0.4,2,2,2.0,2.0,0,0,0,0,734,1,173
C00889,CLI02390,2026-01-28,1,18,649.65,2683.44,Loja física,293,0.2420959663715231,1,3,545.98,0,0,1,2,177.0,9,9,0,8,8,0.8888888888888888,15.444444444444445,26,139,17.375,26.0,1,2,1,0,496,1,294
C00890,CLI01545,2026-01-11,1,6,740.88,3953.77,Loja física,113,0.18738571034733936,1,4,629.5400000000001,1,1,0,2,76.0,3,3,0,1,1,0.3333333333333333,0.6666666666666666,2,2,2.0,2.0,0,0,0,0,704,1,114
C00891,CLI01330,2026-01-30,1,24,202.99,1578.29,Loja física,83,0.1286138795785312,1,1,333.18,1,0,0,0,647.0,2,2,0,2,2,1.0,11.0,14,22,11.0,14.0,0,0,1,0,481,1,84
C00892,CLI00362,2025-06-16,0,12,151.03,2356.73,Loja física,353,0.06408455784073695,2,1,500.06,0,0,1,0,627.0,11,11,0,7,7,0.6363636363636364,5.181818181818182,26,57,8.142857142857142,26.0,0,0,0,0,667,1,356
C00894,CLI02287,2026-02-06,0,12,190.11,1392.85,Loja física,233,0.13648993071759344,3,3,1162.63,1,0,0,2,143.0,7,7,0,2,2,0.2857142857142857,3.0,19,21,10.5,19.0,0,0,0,0,605,1,233
C00895,CLI01832,2026-01-13,0,18,76.5,3902.36,Loja física,353,0.01960352197131992,3,2,779.6,1,1,0,0,103.0,11,11,0,2,2,0.18181818181818182,3.0,23,33,16.5,23.0,0,0,0,0,708,1,355
C00896,CLI00573,2026-01-24,1,10,196.03,2131.41,Loja física,143,0.0919719809891105,1,1,1012.39,0,0,1,0,189.0,4,4,0,4,4,1.0,16.5,23,66,16.5,23.0,1,0,0,0,707,1,143
C00899,CLI01038,2026-01-15,0,18,102.69,6718.16,Loja física,383,0.015285435297760101,1,2,588.735,1,0,1,0,57.0,12,12,0,4,4,0.3333333333333333,1.9166666666666667,18,23,5.75,18.0,0,0,0,0,750,1,383
C00900,CLI01864,2026-01-07,1,6,751.74,1930.08,Site,173,0.38948644615767225,1,2,715.5,0,0,0,2,284.0,5,4,1,5,4,1.0,12.4,23,62,9.75,21.0,0,1,0,1,461,1,176
C00901,CLI01467,2026-01-18,0,18,106.07,1793.22,Loja física,503,0.05915057828933427,1,1,374.89,1,0,0,0,562.0,16,16,0,2,2,0.125,0.1875,2,3,1.5,2.0,0,1,0,0,685,1,504
C00902,CLI01423,2026-01-14,1,24,19.35,1942.43,Loja física,353,0.009961748943333865,4,3,354.9266666666667,0,2,1,0,99.0,11,11,0,7,7,0.6363636363636364,8.909090909090908,23,98,14.0,23.0,0,0,1,0,605,1,355
C00903,CLI02438,2026-01-10,0,18,119.94,3622.66,Loja física,533,0.03310826850987948,2,4,1274.0049999999999,1,1,1,1,62.0,17,17,0,5,5,0.29411764705882354,0.47058823529411764,2,8,1.6,2.0,0,2,0,0,686,1,536
C00904,CLI00706,2026-01-11,0,10,158.99,3104.74,Loja física,83,0.05120879687187978,1,0,,0,0,0,0,,2,2,0,1,1,0.5,4.0,8,8,8.0,8.0,0,0,0,0,688,1,86
C00905,CLI02012,2025-04-14,0,10,130.89,4702.42,Loja física,293,0.027834604310121167,1,1,444.21,0,0,1,0,98.0,9,9,0,4,4,0.4444444444444444,5.222222222222222,21,47,11.75,21.0,0,0,1,0,777,1,296
C00907,CLI00071,2025-12-15,0,18,78.48,3084.22,Televendas,533,0.025445655627678962,2,2,455.875,1,1,0,0,192.0,17,17,0,7,7,0.4117647058823529,2.7058823529411766,21,46,6.571428571428571,21.0,0,0,1,0,586,1,533
C00908,CLI01412,2026-01-08,1,18,71.83,1622.01,Loja física,323,0.04428456051442346,2,1,1400.73,0,0,0,1,743.0,10,10,0,4,4,0.4,3.7,23,37,9.25,23.0,1,0,0,1,721,1,324
C00909,CLI01483,2025-12-13,1,10,296.82,2064.36,Loja física,293,0.14378306109399522,1,0,,0,0,0,0,,9,9,0,7,7,0.7777777777777778,4.777777777777778,18,43,6.142857142857143,18.0,0,0,0,0,600,1,294
C00910,CLI02236,2026-01-18,0,24,23.92,2216.32,Loja física,503,0.010792665319087496,3,5,762.126,3,0,1,1,214.0,16,16,0,7,7,0.4375,0.6875,2,11,1.5714285714285714,2.0,0,0,0,0,728,1,505
C00911,CLI00425,2026-01-21,0,10,134.99,2635.02,Televendas,203,0.05122921268149768,1,2,1717.12,0,0,0,2,22.0,6,6,0,0,0,0.0,0.0,0,0,,,0,0,1,0,652,1,203
C00912,CLI01521,2026-01-27,0,24,86.45,1544.99,Televendas,143,0.055955054725273304,2,5,686.594,1,1,2,1,40.0,4,4,0,0,0,0.0,0.0,0,0,,,0,0,0,0,839,1,145
C00913,CLI02637,2026-01-31,0,18,182.56,3538.65,Site,113,0.051590295734248934,2,3,2438.7633333333333,2,0,0,1,212.0,3,3,0,2,2,0.6666666666666666,1.0,2,3,1.5,2.0,0,0,0,0,658,1,116
C00914,CLI00737,2025-12-05,1,6,121.96,3967.28,Loja física,173,0.030741465185215058,3,3,794.1266666666667,1,1,1,0,283.0,5,5,0,3,3,0.6,8.6,20,43,14.333333333333334,20.0,0,0,0,0,634,1,175
C00916,CLI01163,2026-01-28,0,18,139.38,1750.69,Loja física,533,0.07961432349530756,2,6,504.66833333333335,1,1,1,3,191.0,17,17,0,7,7,0.4117647058823529,6.235294117647059,23,106,15.142857142857142,23.0,0,0,0,0,601,1,536
C00917,CLI02201,2026-01-19,0,10,144.74,5818.47,Loja física,173,0.024875955362835937,2,6,1178.3033333333333,1,1,2,2,184.0,5,5,0,2,2,0.4,0.6,2,3,1.5,2.0,1,0,0,0,845,1,173
C00918,CLI00894,2026-01-22,0,24,130.1,4641.5,Loja física,83,0.028029731767747493,3,5,1614.1680000000001,1,0,2,2,411.0,2,2,0,2,2,1.0,2.0,2,4,2.0,2.0,0,0,0,0,598,1,84
C00919,CLI01107,2025-08-08,1,12,130.62,1791.2,Televendas,353,0.07292317999106744,1,1,486.13,0,0,0,1,280.0,11,11,0,5,5,0.45454545454545453,4.636363636363637,24,51,10.2,24.0,0,0,0,0,787,1,353
C00920,CLI02230,2025-12-05,0,6,253.12,2631.29,Loja física,173,0.09619616233862478,3,1,712.12,0,1,0,0,874.0,5,5,0,0,0,0.0,0.0,0,0,,,0,0,0,0,865,1,174
C00921,CLI01251,2026-01-19,0,12,106.25,2472.72,Loja física,263,0.04296887637904818,1,2,874.98,2,0,0,0,156.0,8,8,0,0,0,0.0,0.0,0,0,,,0,0,0,0,867,1,265
C00922,CLI00365,2026-01-13,1,10,1400.0,1799.16,Loja física,113,0.778140910202539,2,3,1358.1766666666667,0,2,0,1,37.0,3,3,0,3,3,1.0,7.333333333333333,9,22,7.333333333333333,9.0,2,0,0,0,469,1,114
C00924,CLI02511,2025-08-02,0,10,166.33,5174.48,Loja física,293,0.0321442927598522,1,0,,0,0,0,0,,9,9,0,3,3,0.3333333333333333,0.5555555555555556,2,5,1.6666666666666667,2.0,1,0,0,0,874,1,295
C00925,CLI02751,2025-03-20,0,6,208.85,3086.66,Loja física,173,0.0676621331795533,2,6,1382.9433333333334,3,2,0,1,246.0,5,5,0,0,0,0.0,0.0,0,0,,,0,0,0,0,899,1,173
C00926,CLI01619,2026-01-29,1,24,43.39,10322.74,Televendas,593,0.004203341360917741,1,0,,0,0,0,0,,19,19,0,8,8,0.42105263157894735,7.631578947368421,26,145,18.125,26.0,0,2,2,1,665,1,595
C00927,CLI00143,2026-02-03,0,10,173.76,2664.8,Loja física,113,0.06520564395076553,3,2,400.79,1,1,0,0,368.0,3,3,0,2,2,0.6666666666666666,3.0,8,9,4.5,8.0,0,0,0,0,586,1,116
C00928,CLI02447,2025-12-06,0,12,289.88,2185.53,Loja física,353,0.13263601963825708,3,4,371.325,2,1,1,0,179.0,11,11,0,6,6,0.5454545454545454,4.2727272727272725,21,47,7.833333333333333,21.0,0,1,0,0,762,1,354
C00929,CLI01188,2025-09-11,1,6,469.37,2212.69,Loja física,173,0.21212641626255824,2,2,509.27500000000003,2,0,0,0,143.0,5,5,0,2,2,0.4,4.6,22,23,11.5,22.0,1,0,0,0,616,1,174
C00931,CLI01674,2026-01-14,0,12,89.49,3138.5,Loja física,83,0.028513621156603473,1,1,441.15,1,0,0,0,174.0,2,2,0,0,0,0.0,0.0,0,0,,,1,0,0,0,658,1,85
C00932,CLI02547,2026-01-19,1,24,207.92,3537.66,Loja física,83,0.05877331343317334,1,2,1199.65,0,1,0,1,404.0,2,2,0,1,1,0.5,5.0,10,10,10.0,10.0,0,0,0,0,641,1,83
C00933,CLI01975,2026-01-15,1,12,426.55,1495.86,Loja física,83,0.2851536908534221,2,4,1412.8675,0,2,0,2,173.0,2,2,0,2,2,1.0,7.5,8,15,7.5,8.0,0,0,0,0,595,1,84
C00934,CLI00503,2026-01-12,1,6,239.29,3841.42,Televendas,83,0.06229206907862196,6,6,1320.81,0,3,2,1,209.0,2,2,0,1,1,0.5,8.5,17,17,17.0,17.0,1,0,0,0,710,1,86
C00935,CLI00222,2025-08-04,0,10,253.49,2208.63,Loja física,293,0.11477250603315177,1,2,911.5,1,1,0,0,114.0,9,9,0,0,0,0.0,0.0,0,0,,,0,0,0,1,652,1,295
C00936,CLI02419,2025-04-28,1,10,486.54,2481.16,Loja física,293,0.1960937625949153,1,3,748.9533333333334,1,1,0,1,2.0,9,9,0,7,7,0.7777777777777778,12.555555555555555,24,113,16.142857142857142,24.0,0,0,0,0,572,1,293
C00937,CLI01017,2026-01-24,1,10,105.97,1870.64,Loja física,83,0.05664906128383868,1,1,691.36,1,0,0,0,73.0,2,2,0,0,0,0.0,0.0,0,0,,,0,0,0,0,737,1,86
C00938,CLI00230,2025-02-14,0,6,381.67,3709.15,Loja física,173,0.10289958615855385,2,3,773.25,1,0,2,0,49.0,5,5,0,2,2,0.4,5.4,26,27,13.5,26.0,0,0,1,0,759,1,173
C00939,CLI02219,2025-09-14,0,12,143.26,4385.29,Loja física,353,0.032668306999081013,2,3,810.8566666666667,0,0,2,1,377.0,11,11,0,3,3,0.2727272727272727,1.0909090909090908,9,12,4.0,9.0,1,1,0,0,784,1,355
C00940,CLI01634,2026-01-27,0,18,21.29,4086.6,Loja física,533,0.005209709783193853,2,4,847.4324999999999,1,1,2,0,253.0,17,17,0,2,2,0.11764705882352941,0.23529411764705882,2,4,2.0,2.0,0,0,0,0,504,1,533
C00941,CLI01043,2025-11-24,1,10,163.22,1574.38,Loja física,293,0.10367255681601646,1,2,602.73,0,1,0,1,107.0,9,9,0,4,4,0.4444444444444444,2.4444444444444446,13,22,5.5,13.0,1,0,1,1,615,1,295
C00942,CLI01662,2025-09-01,0,12,184.7,5336.49,Loja física,353,0.03461076475361145,3,3,833.5799999999999,0,0,1,2,94.0,11,11,0,2,2,0.18181818181818182,1.2727272727272727,12,14,7.0,12.0,0,0,0,0,568,1,353
C00943,CLI01750,2026-01-18,0,18,61.39,2632.51,Site,383,0.023319949401901605,2,2,971.49,0,1,0,1,379.0,12,12,0,6,6,0.5,2.1666666666666665,12,26,4.333333333333333,12.0,0,0,0,0,816,1,386
C00944,CLI01437,2026-01-18,0,10,323.82,2815.76,Loja física,263,0.11500269909367275,1,1,556.81,0,1,0,0,641.0,8,8,0,2,2,0.25,0.25,1,2,1.0,1.0,0,0,0,0,744,1,264
C00947,CLI02312,2025-12-22,1,6,559.9,5316.15,Loja física,173,0.10532057974285902,2,5,791.718,4,0,0,1,226.0,5,4,1,5,4,1.0,15.2,23,76,13.25,17.0,0,1,0,0,658,1,176
C00949,CLI01151,2026-01-19,1,24,99.5,5588.32,Loja física,173,0.017804993271680936,2,3,1430.7533333333333,0,2,1,0,159.0,5,5,0,2,2,0.4,9.0,23,45,22.5,23.0,0,1,0,0,554,1,175
C00950,CLI01277,2025-07-20,1,10,82.66,2852.24,Loja física,293,0.02898073093428323,2,2,485.56,0,0,0,2,121.0,9,9,0,1,1,0.1111111111111111,0.1111111111111111,1,1,1.0,1.0,0,0,0,0,597,1,293
C00951,CLI02543,2026-01-08,1,10,494.72,4327.38,Televendas,203,0.11432321635724156,1,0,,0,0,0,0,,6,6,0,6,6,1.0,14.833333333333334,25,89,14.833333333333334,25.0,0,0,0,0,629,1,206
C00952,CLI01535,2026-01-14,1,18,159.1,2033.49,Loja física,383,0.0782398733212359,1,0,,0,0,0,0,,12,12,0,9,9,0.75,12.25,26,147,16.333333333333332,26.0,0,0,0,0,633,1,383
C00953,CLI01446,2026-01-15,0,10,185.49,1454.14,Loja física,293,0.1275599323311373,2,5,1019.9440000000001,2,2,0,1,194.0,9,9,0,6,6,0.6666666666666666,7.111111111111111,22,64,10.666666666666666,22.0,1,0,1,0,684,1,294
C00954,CLI00711,2025-06-30,1,10,286.29,1615.83,Loja física,293,0.17717829227084533,2,1,1143.65,0,0,0,1,422.0,9,9,0,3,3,0.3333333333333333,1.2222222222222223,9,11,3.6666666666666665,9.0,0,0,0,0,522,1,294
C00955,CLI00475,2026-01-10,1,18,69.12,3145.4,Loja física,503,0.021974947542442932,3,3,545.1533333333333,0,0,3,0,284.0,16,16,0,4,4,0.25,1.9375,26,31,7.75,26.0,2,0,0,0,706,1,504
C00956,CLI02745,2026-01-23,1,6,696.34,3495.76,Loja física,83,0.1991955969517358,1,0,,0,0,0,0,,2,2,0,1,1,0.5,6.0,12,12,12.0,12.0,0,1,0,0,708,1,86
C00957,CLI01519,2025-05-09,1,6,709.4,3938.2,Site,173,0.1801330557107308,2,1,431.19,0,0,0,1,221.0,5,5,0,1,1,0.2,3.2,16,16,16.0,16.0,0,1,0,0,554,1,175
C00958,CLI00184,2025-10-02,0,10,200.92,1861.32,Loja física,293,0.10794489931876303,4,10,400.186,1,2,4,3,200.0,9,9,0,4,4,0.4444444444444444,1.7777777777777777,11,16,4.0,11.0,0,0,0,0,667,1,295
C00959,CLI00018,2025-06-27,1,6,302.85,1615.14,Loja física,173,0.18750696534046585,3,2,630.12,1,1,0,0,229.0,5,5,0,2,2,0.4,2.6,12,13,6.5,12.0,0,1,0,1,625,1,176
C00960,CLI02175,2026-01-13,0,12,226.21,3003.04,Site,323,0.07532700197133571,1,0,,0,0,0,0,,10,10,0,1,1,0.1,0.1,1,1,1.0,1.0,0,0,0,0,903,1,326
C00961,CLI01327,2026-01-09,0,24,115.2,2490.24,Site,533,0.04626060138781805,2,1,2140.69,0,1,0,0,939.0,17,17,0,4,4,0.23529411764705882,0.7647058823529411,9,13,3.25,9.0,0,2,0,0,705,1,536
C00962,CLI02093,2026-01-20,0,10,40.52,3402.89,Loja física,173,0.011907525662010822,2,0,,0,0,0,0,,5,5,0,3,3,0.6,0.8,2,4,1.3333333333333333,2.0,0,0,0,0,773,1,174
C00963,CLI00318,2026-01-17,1,18,419.57,6134.97,Televendas,83,0.06838990247711073,3,2,1493.145,0,1,0,1,146.0,2,1,1,1,0,0.5,11.5,23,23,,,0,0,0,0,663,1,84
C00964,CLI00205,2025-02-01,0,6,347.21,2472.14,Loja física,173,0.14044916550033573,1,9,744.2411111111111,1,2,4,2,92.0,5,5,0,3,3,0.6,1.2,2,6,2.0,2.0,0,0,0,0,819,1,175
C00966,CLI02358,2026-01-19,0,6,761.66,6210.98,Televendas,113,0.12263121117762414,2,8,812.5925,0,2,2,4,113.0,3,3,0,2,2,0.6666666666666666,2.6666666666666665,5,8,4.0,5.0,0,0,0,0,504,1,115
C00967,CLI02308,2025-09-14,0,12,162.43,4450.5,Televendas,353,0.03649702280642625,3,8,1136.10625,3,3,1,1,45.0,11,11,0,3,3,0.2727272727272727,0.2727272727272727,1,3,1.0,1.0,1,1,1,0,694,1,353
C00968,CLI01026,2026-01-16,0,10,137.18,2043.75,Site,173,0.0671217125382263,1,2,530.245,1,0,0,1,447.0,5,4,1,2,1,0.4,5.0,23,25,2.0,2.0,0,0,0,0,778,1,176
C00969,CLI01671,2025-09-22,0,10,181.94,2326.8,Loja física,293,0.07819322674918341,2,1,1374.7,0,0,1,0,575.0,9,9,0,2,2,0.2222222222222222,1.3333333333333333,11,12,6.0,11.0,0,0,0,0,781,1,295
C00970,CLI01824,2025-07-20,1,10,84.66,4061.63,Loja física,293,0.02084384840568934,2,1,236.85,0,1,0,0,205.0,9,9,0,5,5,0.5555555555555556,2.7777777777777777,11,25,5.0,11.0,0,0,1,0,631,1,293
C00971,CLI01359,2026-01-10,0,6,356.36,2406.08,Loja física,83,0.14810812608059584,1,1,1827.08,1,0,0,0,259.0,2,2,0,1,1,0.5,1.0,2,2,2.0,2.0,0,0,0,0,791,1,85
C00972,CLI00274,2025-10-25,0,12,44.38,3426.37,Loja física,353,0.01295248324028053,1,2,301.275,0,0,1,1,105.0,11,11,0,1,1,0.09090909090909091,0.18181818181818182,2,2,2.0,2.0,0,0,0,0,765,1,355
C00973,CLI00758,2026-01-09,1,24,57.47,2297.29,Site,203,0.025016432405138227,2,2,2638.395,0,1,0,1,168.0,6,6,0,3,3,0.5,4.833333333333333,21,29,9.666666666666666,21.0,0,0,1,0,568,1,203
C00974,CLI00383,2026-01-10,1,12,431.93,4334.81,Site,353,0.09964219885069933,3,5,984.896,1,0,1,3,64.0,11,11,0,7,7,0.6363636363636364,6.7272727272727275,20,74,10.571428571428571,20.0,0,0,0,0,787,1,356
C00975,CLI00798,2026-01-15,1,10,304.71,2945.02,Loja física,263,0.10346619038240826,3,7,800.11,2,2,2,1,75.0,8,8,0,4,4,0.5,5.625,26,45,11.25,26.0,0,0,0,0,696,1,266
C00976,CLI01667,2026-01-27,1,18,368.8,1506.52,Loja física,443,0.24480259140270294,1,0,,0,0,0,0,,14,14,0,12,12,0.8571428571428571,9.071428571428571,23,127,10.583333333333334,23.0,0,0,2,0,455,1,443
C00977,CLI01171,2025-12-20,0,18,59.64,1993.62,Site,533,0.029915430222409486,2,2,1554.895,0,0,0,2,338.0,17,17,0,7,7,0.4117647058823529,4.117647058823529,25,70,10.0,25.0,1,0,2,0,762,1,536
C00978,CLI02494,2026-02-02,1,10,181.5,3824.35,Loja física,263,0.04745904532796423,3,3,1172.5666666666666,0,2,1,0,457.0,8,8,0,5,5,0.625,9.625,26,77,15.4,26.0,0,1,0,0,619,1,263
C00979,CLI02627,2026-01-27,1,24,23.67,1942.04,Loja física,353,0.012188214454903092,2,0,,0,0,0,0,,11,11,0,4,4,0.36363636363636365,5.090909090909091,22,56,14.0,22.0,0,0,0,0,752,1,354
C00980,CLI00444,2026-01-10,0,12,131.24,1914.23,Loja física,353,0.06856020436415687,2,2,1719.215,0,0,1,1,430.0,11,11,0,7,7,0.6363636363636364,6.181818181818182,26,68,9.714285714285714,26.0,0,0,0,0,604,1,355
C00981,CLI00856,2026-01-15,1,12,158.74,1482.78,Loja física,353,0.10705566570900607,1,1,639.65,0,0,1,0,327.0,11,11,0,9,9,0.8181818181818182,9.727272727272727,22,107,11.88888888888889,22.0,0,0,0,0,627,1,355
C00982,CLI02000,2026-01-19,0,10,52.52,3300.14,Loja física,293,0.015914476355548553,3,8,827.93875,1,2,2,3,65.0,9,9,0,2,2,0.2222222222222222,0.2222222222222222,1,2,1.0,1.0,0,0,0,0,823,1,295
C00983,CLI00825,2026-01-13,1,24,189.04,2525.09,Site,113,0.0748646582894075,2,2,1782.65,1,0,1,0,47.0,3,3,0,2,2,0.6666666666666666,8.666666666666666,18,26,13.0,18.0,0,0,0,1,749,1,116
C00984,CLI00424,2026-01-29,1,18,23.09,3256.1,Loja física,533,0.0070913055495838585,3,5,766.866,0,4,0,1,193.0,17,17,0,3,3,0.17647058823529413,2.3529411764705883,23,40,13.333333333333334,23.0,0,1,1,0,751,1,534
C00985,CLI01074,2026-01-14,0,12,168.9,3834.38,Site,113,0.04404884231609804,2,1,1029.16,0,0,1,0,344.0,3,3,0,1,1,0.3333333333333333,0.6666666666666666,2,2,2.0,2.0,0,0,0,0,751,1,115
C00986,CLI01341,2026-01-28,0,12,207.91,4072.25,Loja física,113,0.051055313401682116,1,0,,0,0,0,0,,3,3,0,2,2,0.6666666666666666,13.333333333333334,23,40,20.0,23.0,0,0,0,0,487,1,113
C00987,CLI00740,2026-01-06,0,18,185.9,3742.98,Loja física,533,0.049666308663150756,1,0,,0,0,0,0,,17,17,0,3,3,0.17647058823529413,1.5294117647058822,12,26,8.666666666666666,12.0,0,0,0,0,646,1,536
C00988,CLI02340,2025-06-07,1,10,457.16,2679.22,Televendas,293,0.1706317510320168,2,0,,0,0,0,0,,9,9,0,3,3,0.3333333333333333,4.111111111111111,18,37,12.333333333333334,18.0,2,0,0,0,649,1,296
C00989,CLI01425,2026-01-29,0,10,264.38,4606.46,Site,143,0.05739331286931831,3,2,1828.235,0,1,0,1,172.0,4,4,0,2,2,0.5,1.5,4,6,3.0,4.0,0,0,0,0,748,1,143
C00990,CLI00695,2026-01-23,0,12,138.3,2313.27,Loja física,113,0.059785498450245764,3,8,1456.92875,3,2,1,2,23.0,3,3,0,0,0,0.0,0.0,0,0,,,0,1,0,0,612,1,115
C00991,CLI00380,2025-08-08,0,6,224.27,2592.75,Loja física,173,0.0864988911387523,2,0,,0,0,0,0,,5,5,0,1,1,0.2,0.4,2,2,2.0,2.0,0,0,0,0,920,1,173
C00992,CLI00831,2026-01-18,1,6,676.3,2227.02,Site,173,0.30367935626981346,1,2,956.675,1,0,1,0,258.0,5,5,0,4,4,0.8,8.8,17,44,11.0,17.0,2,0,0,1,539,1,176
C00993,CLI02416,2026-01-23,1,24,159.99,2735.52,Loja física,473,0.05848613791893315,2,0,,0,0,0,0,,15,14,1,10,9,0.6666666666666666,6.133333333333334,23,92,7.666666666666667,20.0,0,1,0,0,506,1,475
C00994,CLI02527,2025-10-03,0,12,244.84,2308.86,Televendas,353,0.10604367523366509,1,0,,0,0,0,0,,11,11,0,5,5,0.45454545454545453,4.181818181818182,24,46,9.2,24.0,0,0,0,0,864,1,354
C00995,CLI01632,2026-01-08,1,10,159.83,1753.77,Loja física,83,0.09113509753274375,2,0,,0,0,0,0,,2,2,0,0,0,0.0,0.0,0,0,,,1,0,0,0,779,1,85
C00996,CLI00967,2026-01-13,0,24,132.05,4491.43,Loja física,473,0.02940043594133717,2,4,648.135,0,3,1,0,126.0,15,15,0,13,13,0.8666666666666667,9.533333333333333,26,143,11.0,26.0,0,0,1,1,724,1,475
C00998,CLI00239,2026-01-14,1,24,33.35,4297.8,Loja física,113,0.00775978407557355,3,1,689.51,0,0,1,0,54.0,3,3,0,2,2,0.6666666666666666,4.333333333333333,12,13,6.5,12.0,0,0,0,0,705,1,114
C00999,CLI02199,2026-02-01,0,18,385.16,3330.38,Loja física,323,0.11565046631315345,1,2,965.25,1,1,0,0,177.0,10,10,0,7,7,0.7,6.0,24,60,8.571428571428571,24.0,0,0,0,0,619,1,324
C01000,CLI01121,2025-08-04,0,10,122.17,3352.15,Loja física,293,0.03644526647077249,1,5,916.6899999999999,1,1,2,1,51.0,9,9,0,3,3,0.3333333333333333,3.2222222222222223,26,29,9.666666666666666,26.0,0,2,0,0,742,1,294
C01001,CLI01877,2026-01-22,1,12,159.82,2075.2,Site,143,0.07701426368542791,2,2,1593.295,2,0,0,0,61.0,4,4,0,3,3,0.75,8.0,22,32,10.666666666666666,22.0,0,0,0,0,620,1,145
C01002,CLI02775,2026-01-17,1,18,143.24,1596.99,Loja física,323,0.08969373634149244,2,4,833.9000000000001,1,2,1,0,348.0,10,10,0,6,6,0.6,7.3,20,73,12.166666666666666,20.0,0,0,2,1,722,1,325
C01003,CLI01125,2026-01-31,1,24,51.73,4673.41,Loja física,593,0.011069005287359764,1,2,1950.415,0,0,2,0,244.0,19,19,0,8,8,0.42105263157894735,1.4736842105263157,9,28,3.5,9.0,0,0,0,0,572,1,594
C01004,CLI02209,2025-07-29,0,10,459.37,2797.51,Loja física,293,0.16420674099467025,1,3,840.4366666666666,2,0,0,1,401.0,9,9,0,3,3,0.3333333333333333,2.5555555555555554,20,23,7.666666666666667,20.0,1,0,0,0,678,1,295
C01005,CLI00575,2025-08-16,0,12,134.28,3275.46,Loja física,353,0.04099576853327472,1,1,475.8,0,0,0,1,373.0,11,11,0,3,3,0.2727272727272727,1.4545454545454546,13,16,5.333333333333333,13.0,0,1,0,0,652,1,355
C01006,CLI00598,2026-02-06,0,12,186.84,2102.84,Loja física,173,0.08885126780924844,1,1,540.19,0,0,0,1,389.0,5,5,0,2,2,0.4,3.2,15,16,8.0,15.0,1,1,0,0,656,1,175
C01008,CLI01859,2025-09-03,1,10,153.13,2528.41,Site,293,0.06056375350516728,1,3,1292.77,0,2,1,0,275.0,9,9,0,2,2,0.2222222222222222,0.6666666666666666,4,6,3.0,4.0,0,1,0,0,607,1,296
C01009,CLI00325,2026-01-30,1,12,166.45,1174.6,Loja física,233,0.1417078154265282,2,1,754.45,0,1,0,0,1059.0,7,7,0,2,2,0.2857142857142857,2.4285714285714284,9,17,8.5,9.0,0,0,0,0,563,1,233
C01010,CLI01935,2026-01-10,1,12,442.67,1713.74,Site,83,0.25830639420215434,1,0,,0,0,0,0,,2,2,0,2,2,1.0,13.5,20,27,13.5,20.0,0,0,0,1,642,1,83
C01011,CLI00408,2025-09-28,1,10,404.91,3776.15,Loja física,293,0.10722826158918476,1,1,267.4,0,0,0,1,687.0,9,9,0,5,5,0.5555555555555556,6.0,23,54,10.8,23.0,0,2,0,1,446,1,294
C01012,CLI02293,2026-01-17,0,24,59.35,2774.88,Televendas,143,0.021388312287378194,4,2,1237.79,1,0,0,1,245.0,4,4,0,0,0,0.0,0.0,0,0,,,1,0,1,0,655,1,145
C01013,CLI01701,2025-09-19,1,6,733.66,3039.59,Loja física,173,0.24136807924753007,1,2,535.02,0,0,2,0,176.0,5,4,1,4,3,0.8,5.8,23,29,2.0,4.0,1,0,0,0,478,1,176
C01014,CLI00383,2026-02-04,0,18,105.21,2886.61,Site,443,0.0364475977011096,3,5,984.896,1,0,1,3,89.0,14,14,0,4,4,0.2857142857142857,1.7857142857142858,21,25,6.25,21.0,0,0,1,0,819,1,443
C01015,CLI00392,2026-01-29,0,24,70.54,3156.06,Loja física,413,0.022350652395708576,1,3,1474.8966666666668,2,0,0,1,235.0,13,13,0,2,2,0.15384615384615385,0.15384615384615385,1,2,1.0,1.0,0,0,0,0,824,1,415
C01016,CLI02252,2026-01-28,0,12,221.57,3235.64,Site,263,0.06847795181169722,2,5,686.5440000000001,0,2,1,2,168.0,8,8,0,4,4,0.5,3.625,26,29,7.25,26.0,1,0,0,0,603,1,265
C01017,CLI02307,2026-02-05,1,10,216.84,1292.55,Loja física,83,0.16776140188000466,2,1,428.65,0,0,1,0,350.0,2,2,0,1,1,0.5,10.5,21,21,21.0,21.0,0,0,0,0,570,1,83
C01018,CLI00936,2025-05-10,0,10,112.46,1657.09,Loja física,293,0.06786595779348134,2,2,493.245,0,1,0,1,276.0,9,9,0,3,3,0.3333333333333333,3.2222222222222223,16,29,9.666666666666666,16.0,0,0,0,0,801,1,293
C01019,CLI02558,2026-02-02,0,18,218.86,7329.69,Loja física,143,0.029859380137495586,1,1,631.82,1,0,0,0,101.0,4,4,0,2,2,0.5,0.5,1,2,1.0,1.0,0,0,0,0,724,1,144
C01021,CLI01498,2025-09-07,1,10,129.24,1997.45,Loja física,293,0.06470249568199454,2,2,883.615,0,1,1,0,607.0,9,9,0,1,1,0.1111111111111111,0.7777777777777778,7,7,7.0,7.0,0,0,0,0,734,1,295
C01022,CLI01041,2026-01-17,0,12,228.13,3155.36,Loja física,323,0.07229919882358907,3,3,1129.42,0,1,0,2,140.0,10,10,0,7,7,0.7,8.5,26,85,12.142857142857142,26.0,0,0,0,0,534,1,324
C01023,CLI02662,2025-12-03,0,12,117.44,5906.85,Televendas,353,0.01988200140514826,3,1,853.15,1,0,0,0,110.0,11,11,0,0,0,0.0,0.0,0,0,,,0,0,1,0,729,1,355
C01024,CLI01827,2026-01-24,1,24,73.04,2972.08,Televendas,383,0.024575381550967675,3,2,1764.3400000000001,0,0,2,0,39.0,12,12,0,9,9,0.75,9.916666666666666,25,119,13.222222222222221,25.0,0,0,1,0,568,1,384
C01025,CLI02701,2026-01-15,1,24,56.35,1869.42,Loja física,323,0.03014303901744926,2,2,803.18,0,1,0,1,295.0,10,10,0,2,2,0.2,1.3,11,13,6.5,11.0,0,0,0,0,711,1,326
C01026,CLI01151,2025-11-25,0,12,246.37,2103.67,Loja física,353,0.11711437630426826,2,3,1430.7533333333333,0,2,1,0,104.0,11,11,0,5,5,0.45454545454545453,3.5454545454545454,21,39,7.8,21.0,0,0,0,0,701,1,355
C01027,CLI01573,2025-07-26,0,10,298.49,2344.51,Televendas,293,0.12731444950117507,4,4,636.78,3,0,0,1,124.0,9,9,0,7,7,0.7777777777777778,6.777777777777778,19,61,8.714285714285714,19.0,0,1,1,0,698,1,296
C01028,CLI00714,2026-01-18,1,10,191.0,3110.85,Loja física,233,0.06139801019014096,2,6,555.0033333333333,3,0,1,2,102.0,7,7,0,5,5,0.7142857142857143,5.714285714285714,25,40,8.0,25.0,1,0,0,0,591,1,235
C01029,CLI01682,2026-01-28,0,18,98.89,2184.0,Loja física,533,0.04527930402930403,2,3,344.40333333333336,0,2,0,1,346.0,17,17,0,10,10,0.5882352941176471,4.117647058823529,23,70,7.0,23.0,0,1,1,0,588,1,533
C01030,CLI00581,2025-07-24,1,12,213.29,2502.68,Loja física,353,0.08522463918679177,3,2,970.8249999999999,0,0,1,1,98.0,11,11,0,5,5,0.45454545454545453,7.0,26,77,15.4,26.0,0,0,1,1,485,1,356
C01031,CLI02302,2026-02-05,1,18,113.18,1930.35,Loja física,143,0.05863185432693554,3,2,546.27,0,1,0,1,181.0,4,4,0,4,4,1.0,9.5,12,38,9.5,12.0,0,0,1,0,482,1,146
C01032,CLI02334,2025-11-20,1,10,345.89,4352.43,Loja física,293,0.07947054863604928,1,2,452.89000000000004,1,0,0,1,29.0,9,9,0,3,3,0.3333333333333333,3.0,17,27,9.0,17.0,1,0,1,0,916,1,294
C01033,CLI01442,2026-01-09,0,12,87.46,6013.81,Televendas,143,0.014543193083918512,2,3,484.55999999999995,1,1,0,1,124.0,4,4,0,1,1,0.25,0.5,2,2,2.0,2.0,0,0,0,0,821,1,143
C01034,CLI01508,2025-08-02,0,6,517.64,3565.62,Site,173,0.14517531312927345,1,1,1071.37,0,1,0,0,667.0,5,5,0,2,2,0.4,1.6,6,8,4.0,6.0,0,1,0,1,669,1,174
C01035,CLI00730,2025-08-06,1,10,180.82,900.0,Loja física,293,0.2009111111111111,2,2,778.36,1,1,0,0,219.0,9,9,0,6,6,0.6666666666666666,6.888888888888889,24,62,10.333333333333334,24.0,2,3,1,0,560,1,294
C01036,CLI00055,2025-12-26,1,12,229.25,1581.77,Loja física,353,0.14493257553247313,2,3,613.7633333333333,1,1,0,1,157.0,11,11,0,6,6,0.5454545454545454,5.545454545454546,25,61,10.166666666666666,25.0,0,1,0,0,697,1,353
C01037,CLI01743,2026-01-17,1,12,117.29,2121.86,Loja física,203,0.05527697397566286,1,2,599.3050000000001,0,0,2,0,210.0,6,6,0,3,3,0.5,4.0,13,24,8.0,13.0,2,0,0,0,682,1,205
C01038,CLI01962,2025-04-08,1,6,527.28,2114.13,Loja física,173,0.2494075577187779,2,3,944.9433333333333,0,1,2,0,66.0,5,5,0,4,4,0.8,4.2,14,21,5.25,14.0,0,1,0,0,642,1,176
C01039,CLI00756,2026-01-15,0,10,591.82,6436.18,Loja física,263,0.09195205851918374,2,0,,0,0,0,0,,8,8,0,1,1,0.125,0.25,2,2,2.0,2.0,0,0,0,0,703,1,265
C01040,CLI01744,2026-01-12,0,12,175.29,2164.3,Loja física,233,0.08099154461026659,1,0,,0,0,0,0,,7,7,0,4,4,0.5714285714285714,4.857142857142857,18,34,8.5,18.0,0,0,0,0,823,1,234
C01041,CLI01114,2026-01-14,0,10,395.4,5257.94,Site,83,0.07520055382906614,3,3,884.9466666666667,1,0,0,2,545.0,2,2,0,0,0,0.0,0.0,0,0,,,1,0,0,0,611,1,83
C01042,CLI02116,2025-09-04,0,12,177.79,2235.67,Loja física,353,0.07952425894698233,1,1,870.49,1,0,0,0,475.0,11,11,0,5,5,0.45454545454545453,2.4545454545454546,13,27,5.4,13.0,0,0,0,0,737,1,354
C01043,CLI00798,2026-01-10,0,12,48.99,2123.19,Loja física,323,0.023073771070888618,3,7,800.11,2,2,2,1,70.0,10,10,0,3,3,0.3,1.3,11,13,4.333333333333333,11.0,0,0,0,1,671,1,323
C01044,CLI01427,2026-01-18,1,10,360.64,2113.5,Site,83,0.1706363851431275,2,2,1946.38,1,0,1,0,367.0,2,2,0,2,2,1.0,9.5,12,19,9.5,12.0,0,0,0,0,716,1,83
C01045,CLI00846,2026-01-22,1,24,72.1,2826.76,Loja física,413,0.02550623328475003,1,1,917.7,0,0,1,0,468.0,13,13,0,5,5,0.38461538461538464,2.4615384615384617,26,32,6.4,26.0,0,0,0,0,577,1,413
C01046,CLI01801,2026-02-02,0,18,73.93,2968.67,Loja física,113,0.024903407923413518,4,4,1062.6125,0,1,2,1,141.0,3,3,0,1,1,0.3333333333333333,0.6666666666666666,2,2,2.0,2.0,0,0,0,0,680,1,114
C01047,CLI01892,2025-11-24,0,6,199.6,4203.81,Loja física,173,0.04748073771174244,3,4,681.1750000000001,1,1,0,2,27.0,5,5,0,0,0,0.0,0.0,0,0,,,0,0,1,0,806,1,174
C01048,CLI00779,2025-10-24,1,12,225.59,2400.54,Loja física,353,0.09397468902830197,2,2,254.22,1,1,0,0,15.0,11,11,0,2,2,0.18181818181818182,2.4545454545454546,25,27,13.5,25.0,1,0,0,0,742,1,354
C01049,CLI02659,2025-08-16,1,12,143.29,2164.87,Loja física,353,0.06618873188690313,1,0,,0,0,0,0,,11,11,0,8,8,0.7272727272727273,9.181818181818182,22,101,12.625,22.0,0,0,0,0,541,1,354
C01050,CLI00268,2026-01-17,0,18,56.71,1751.67,Televendas,233,0.03237481945800293,2,0,,0,0,0,0,,7,7,0,7,7,1.0,11.428571428571429,26,80,11.428571428571429,26.0,0,0,0,0,691,1,235
C01051,CLI00149,2025-03-25,0,6,160.44,5057.67,Loja física,173,0.031722117101352997,2,2,1021.6700000000001,1,0,0,1,158.0,5,5,0,0,0,0.0,0.0,0,0,,,0,0,1,0,770,1,174
C01052,CLI01888,2025-10-24,0,6,273.13,3707.82,Loja física,173,0.07366323068541622,2,1,269.56,0,1,0,0,680.0,5,5,0,3,3,0.6,4.2,15,21,7.0,15.0,1,0,0,0,485,1,176
C01054,CLI02071,2026-01-31,1,10,318.29,3296.47,Loja física,173,0.09655479952797995,2,3,763.9166666666666,1,2,0,0,263.0,5,5,0,2,2,0.4,1.2,4,6,3.0,4.0,0,0,0,0,680,1,175
C01055,CLI00462,2026-01-19,0,6,238.43,3335.24,Televendas,143,0.0714881088017654,1,0,,0,0,0,0,,4,4,0,1,1,0.25,1.25,5,5,5.0,5.0,0,0,0,0,673,1,144
C01057,CLI02379,2026-01-13,1,18,348.51,2819.82,Site,323,0.12359299529757217,2,1,303.74,1,0,0,0,351.0,10,10,0,5,5,0.5,6.5,26,65,13.0,26.0,0,1,0,0,693,1,325
C01058,CLI01401,2026-02-06,1,10,165.63,1644.43,Televendas,143,0.10072183066472881,3,1,531.44,0,1,0,0,898.0,4,4,0,2,2,0.5,3.0,10,12,6.0,10.0,0,1,0,0,668,1,146
C01059,CLI01255,2025-11-21,0,6,208.72,3074.62,Loja física,173,0.06788481178161854,1,0,,0,0,0,0,,5,5,0,2,2,0.4,4.6,22,23,11.5,22.0,0,2,0,0,650,1,176
C01060,CLI00928,2026-01-09,0,18,193.85,2715.95,Loja física,383,0.07137465711813547,2,2,359.73,1,0,1,0,406.0,12,12,0,3,3,0.25,3.1666666666666665,21,38,12.666666666666666,21.0,0,0,0,0,605,1,385
C01061,CLI00075,2025-11-02,0,12,196.74,5856.95,Site,353,0.03359086213814358,1,1,1097.36,1,0,0,0,833.0,11,11,0,4,4,0.36363636363636365,1.5454545454545454,13,17,4.25,13.0,0,0,0,0,701,1,355
C01062,CLI00041,2026-01-17,0,12,186.39,2939.7,Site,263,0.06340442902336973,2,7,1876.4257142857143,4,2,1,0,86.0,8,8,0,5,5,0.625,3.625,23,29,5.8,23.0,0,0,1,0,785,1,266
C01063,CLI00902,2026-01-29,1,18,41.21,3622.23,Loja física,503,0.0113769694359552,2,1,816.72,0,1,0,0,689.0,16,16,0,7,7,0.4375,3.375,21,54,7.714285714285714,21.0,0,1,0,0,673,1,505
C01064,CLI01852,2026-01-30,1,18,166.71,2732.28,Loja física,413,0.061014976503140236,4,8,714.8612499999999,3,3,0,2,27.0,13,12,1,9,8,0.6923076923076923,7.6923076923076925,23,100,9.625,22.0,0,1,0,0,580,1,414
C01065,CLI01238,2025-12-03,0,12,67.82,1896.57,Loja física,353,0.035759291774097444,2,5,1660.868,3,1,1,0,209.0,11,11,0,3,3,0.2727272727272727,0.5454545454545454,2,6,2.0,2.0,1,0,0,1,807,1,353
C01066,CLI02043,2026-01-30,0,18,27.79,2830.95,Televendas,353,0.009816492696797895,2,3,667.91,0,0,2,1,312.0,11,11,0,3,3,0.2727272727272727,0.45454545454545453,2,5,1.6666666666666667,2.0,0,1,0,0,766,1,354
C01067,CLI01914,2025-07-21,1,10,214.42,1316.13,Loja física,293,0.16291703707080604,2,0,,0,0,0,0,,9,9,0,7,7,0.7777777777777778,5.555555555555555,17,50,7.142857142857143,17.0,0,1,0,0,674,1,293
C01068,CLI01599,2025-11-24,0,6,279.25,2459.72,Site,173,0.11352918218333795,1,2,546.505,1,0,0,1,43.0,5,5,0,0,0,0.0,0.0,0,0,,,0,0,0,0,745,1,175
C01069,CLI00664,2026-01-11,0,18,152.57,2790.67,Loja física,443,0.054671458825300015,1,4,941.0699999999999,2,0,0,2,106.0,14,14,0,2,2,0.14285714285714285,0.21428571428571427,2,3,1.5,2.0,0,0,0,0,841,1,445
C01070,CLI01707,2026-01-16,0,24,53.5,2997.81,Loja física,563,0.017846361176992537,2,1,1791.86,0,1,0,0,158.0,18,18,0,5,5,0.2777777777777778,2.111111111111111,17,38,7.6,17.0,0,1,0,0,811,1,565
C01071,CLI02121,2026-01-24,1,12,91.9,4497.14,Site,83,0.020435209933424354,1,2,394.865,0,0,1,1,100.0,2,2,0,1,1,0.5,3.0,6,6,6.0,6.0,0,0,0,0,720,1,86
C01072,CLI01995,2025-08-17,1,10,343.89,1218.87,Site,293,0.28213837406778414,2,3,797.3266666666667,0,0,0,3,269.0,9,9,0,4,4,0.4444444444444444,4.222222222222222,18,38,9.5,18.0,1,0,0,0,645,1,296
C01073,CLI00928,2026-01-26,1,10,39.94,3712.86,Loja física,143,0.01075720603523968,2,2,359.73,1,0,1,0,423.0,4,4,0,3,3,0.75,5.75,19,23,7.666666666666667,19.0,1,0,0,0,763,1,144
C01074,CLI02324,2026-02-06,0,12,302.75,4069.74,Loja física,143,0.07439050160452511,2,3,1177.3933333333334,0,1,2,0,205.0,4,4,0,1,1,0.25,1.75,7,7,7.0,7.0,2,0,0,0,861,1,145
C01075,CLI02058,2026-01-15,1,24,83.54,3971.68,Loja física,443,0.021033920154695244,2,1,403.23,1,0,0,0,523.0,14,14,0,3,3,0.21428571428571427,2.4285714285714284,22,34,11.333333333333334,22.0,1,0,0,0,703,1,445
C01076,CLI02301,2026-01-19,0,24,96.16,1425.2,Loja física,323,0.06747123210777434,4,6,965.8183333333333,1,2,1,2,107.0,10,10,0,3,3,0.3,2.4,15,24,8.0,15.0,1,0,1,0,673,1,324
C01077,CLI00469,2026-01-13,1,10,392.64,2514.81,Loja física,83,0.15613107948513008,2,2,750.145,1,0,1,0,723.0,2,2,0,1,1,0.5,8.0,16,16,16.0,16.0,0,0,0,0,710,1,85
C01078,CLI01203,2026-02-05,0,12,251.54,2801.24,Loja física,293,0.08979594750896032,2,2,792.01,0,1,0,1,676.0,9,9,0,2,2,0.2222222222222222,2.7777777777777777,20,25,12.5,20.0,0,0,0,0,625,1,293
C01079,CLI00564,2026-01-23,0,18,121.87,3029.34,Site,533,0.040229885057471264,1,1,853.44,0,0,1,0,96.0,17,17,0,9,9,0.5294117647058824,1.6470588235294117,14,28,3.111111111111111,14.0,0,0,1,0,723,1,536
C01080,CLI02052,2025-07-24,0,12,208.05,5333.53,Loja física,353,0.03900793658233853,3,0,,0,0,0,0,,11,11,0,5,5,0.45454545454545453,2.5454545454545454,14,28,5.6,14.0,0,0,0,0,671,1,355
C01081,CLI00159,2025-04-17,0,6,334.76,2645.8,Loja física,173,0.1265250585834152,1,4,514.6375,1,2,0,1,6.0,5,5,0,3,3,0.6,3.0,13,15,5.0,13.0,1,0,0,0,766,1,176
C01082,CLI00108,2025-09-27,0,12,174.75,5635.88,Loja física,353,0.03100669283235271,1,0,,0,0,0,0,,11,11,0,4,4,0.36363636363636365,5.909090909090909,25,65,16.25,25.0,0,0,0,0,642,1,356
C01083,CLI01253,2025-01-12,1,6,330.5,1925.64,Loja física,173,0.17163124987017303,1,0,,0,0,0,0,,5,5,0,2,2,0.4,6.8,21,34,17.0,21.0,0,0,0,0,715,1,176
C01084,CLI02696,2026-01-26,1,24,15.83,2232.92,Loja física,203,0.0070893717643265314,4,5,1268.108,1,1,2,1,43.0,6,6,0,5,5,0.8333333333333334,9.0,18,54,10.8,18.0,0,1,0,0,790,1,204
C01086,CLI01897,2026-02-01,0,12,71.73,1477.6,Televendas,323,0.04854493773687061,1,0,,0,0,0,0,,10,10,0,0,0,0.0,0.0,0,0,,,1,1,0,0,799,1,323
C01087,CLI02765,2025-05-19,1,6,166.73,3077.2,Loja física,173,0.054182373586377224,2,3,1412.6499999999999,0,0,3,0,116.0,5,5,0,5,5,1.0,15.2,20,76,15.2,20.0,0,0,0,0,717,1,174
C01088,CLI01083,2025-06-11,0,10,258.38,2163.94,Loja física,293,0.11940257123580136,2,4,578.5074999999999,1,0,0,3,249.0,9,9,0,5,5,0.5555555555555556,1.7777777777777777,7,16,3.2,7.0,0,0,0,0,555,1,295
C01089,CLI02727,2026-01-30,0,10,100.02,2240.86,Site,203,0.04463464919718322,2,3,804.6700000000001,1,1,0,1,50.0,6,6,0,0,0,0.0,0.0,0,0,,,0,0,0,0,934,1,205
C01090,CLI00824,2026-02-01,1,10,118.68,1503.33,Loja física,113,0.07894474267126979,2,2,709.835,0,2,0,0,135.0,3,3,0,3,3,1.0,7.0,10,21,7.0,10.0,1,1,0,0,536,1,116
C01091,CLI00688,2025-12-16,0,6,277.16,3427.04,Site,173,0.08087445725757506,1,2,1354.925,0,0,1,1,181.0,5,5,0,1,1,0.2,0.4,2,2,2.0,2.0,0,1,0,0,869,1,174
C01092,CLI01177,2025-05-18,1,6,284.04,2074.75,Loja física,173,0.13690324135438006,2,3,507.56666666666666,0,2,0,1,345.0,5,5,0,3,3,0.6,6.6,22,33,11.0,22.0,0,0,1,0,556,1,176
C01093,CLI00847,2026-01-21,0,10,101.81,1534.39,Televendas,203,0.06635210083485946,1,1,1528.37,1,0,0,0,539.0,6,6,0,4,4,0.6666666666666666,2.8333333333333335,13,17,4.25,13.0,0,0,0,0,839,1,204
C01095,CLI02761,2026-02-01,0,18,114.21,3279.73,Loja física,293,0.03482298847771005,2,2,435.71000000000004,1,0,0,1,298.0,9,9,0,3,3,0.3333333333333333,7.777777777777778,26,70,23.333333333333332,26.0,0,1,0,0,600,1,295
C01096,CLI02533,2026-02-04,1,12,237.79,1352.76,Loja física,203,0.175781365504598,1,0,,0,0,0,0,,6,5,1,3,2,0.5,8.166666666666666,23,49,13.0,20.0,0,1,2,0,699,1,206
C01098,CLI01844,2026-01-14,0,10,121.85,3245.41,Loja física,143,0.03754533325527437,3,2,1682.745,1,1,0,0,1055.0,4,4,0,2,2,0.5,0.5,1,2,1.0,1.0,0,0,0,0,725,1,146
C01099,CLI00429,2026-01-25,1,18,120.57,2157.09,Loja física,473,0.05589474708982935,2,1,1656.19,0,0,1,0,215.0,15,15,0,9,9,0.6,4.8,22,72,8.0,22.0,0,0,0,0,708,1,474
C01100,CLI02708,2026-02-03,0,24,50.2,4767.71,Televendas,233,0.010529163896294028,3,5,880.908,1,1,3,0,112.0,7,7,0,3,3,0.42857142857142855,0.7142857142857143,2,5,1.6666666666666667,2.0,0,0,1,0,797,1,234
C01101,CLI02761,2026-01-17,1,18,165.68,3540.82,Site,383,0.04679142119622008,2,2,435.71000000000004,1,0,0,1,283.0,12,12,0,5,5,0.4166666666666667,2.1666666666666665,12,26,5.2,12.0,0,0,0,0,753,1,383
C01102,CLI01362,2025-03-20,1,6,665.46,2044.36,Loja física,173,0.3255101841163005,1,0,,0,0,0,0,,5,5,0,4,4,0.8,14.8,23,74,18.5,23.0,0,0,1,0,544,1,175
C01104,CLI02108,2026-01-11,0,18,122.58,1627.27,Loja física,443,0.07532861786919196,2,1,526.21,0,0,0,1,317.0,14,14,0,8,8,0.5714285714285714,5.714285714285714,22,80,10.0,22.0,0,0,0,0,570,1,445
C01105,CLI00885,2025-01-17,0,6,315.37,4522.28,Televendas,173,0.06973694684981913,1,1,1328.58,1,0,0,0,558.0,5,5,0,3,3,0.6,7.0,23,35,11.666666666666666,23.0,0,0,0,0,753,1,173
C01106,CLI00912,2025-01-02,0,6,212.42,4189.8,Televendas,173,0.05069931738985154,1,1,1134.56,0,0,0,1,616.0,5,5,0,1,1,0.2,0.2,1,1,1.0,1.0,0,0,0,0,641,1,174
C01107,CLI01441,2026-01-10,1,24,171.27,2300.9,Site,443,0.07443609022556391,2,1,1433.26,1,0,0,0,46.0,14,14,0,9,9,0.6428571428571429,6.714285714285714,21,94,10.444444444444445,21.0,1,1,1,0,733,1,444
C01108,CLI02597,2025-10-30,0,12,115.92,4872.78,Loja física,353,0.0237892948173322,3,4,891.2675,1,2,1,0,133.0,11,11,0,1,1,0.09090909090909091,0.09090909090909091,1,1,1.0,1.0,0,0,0,0,933,1,353
C01109,CLI00891,2026-02-04,0,12,381.18,3389.36,Loja física,323,0.11246370996294286,3,3,679.6866666666666,1,0,2,0,285.0,10,10,0,2,2,0.2,3.8,25,38,19.0,25.0,1,0,0,0,636,1,326
C01110,CLI02404,2025-10-12,0,10,310.68,1911.26,Loja física,293,0.16255245230894802,3,5,915.568,1,0,0,4,124.0,9,9,0,6,6,0.6666666666666666,7.222222222222222,23,65,10.833333333333334,23.0,0,1,1,0,731,1,294
C01111,CLI01124,2025-07-12,0,10,114.98,2551.35,Loja física,293,0.04506633742920415,3,5,740.558,2,1,2,0,383.0,9,9,0,1,1,0.1111111111111111,0.1111111111111111,1,1,1.0,1.0,0,0,1,1,806,1,294
C01112,CLI01199,2025-06-26,1,12,360.73,4981.8,Site,353,0.07240957083784977,1,1,250.81,0,1,0,0,286.0,11,11,0,9,9,0.8181818181818182,9.727272727272727,21,107,11.88888888888889,21.0,0,0,0,0,586,1,353
C01113,CLI00590,2026-01-14,0,24,39.24,2906.25,Loja física,563,0.013501935483870969,1,1,1245.31,0,1,0,0,84.0,18,18,0,2,2,0.1111111111111111,1.1666666666666667,20,21,10.5,20.0,1,0,3,0,739,1,565
C01114,CLI01021,2026-01-18,0,10,123.12,3288.94,Loja física,173,0.03743455338194069,1,4,682.04,1,1,1,1,525.0,5,5,0,3,3,0.6,5.6,15,28,9.333333333333334,15.0,0,0,0,0,696,1,175
C01115,CLI00395,2025-02-26,0,6,330.8,3238.49,Loja física,173,0.10214637068510325,2,3,641.7433333333333,0,0,1,2,76.0,5,5,0,4,4,0.8,4.2,17,21,5.25,17.0,1,0,0,0,685,1,173
C01116,CLI00773,2026-01-12,1,18,176.79,3913.87,Loja física,203,0.04517012573233142,4,6,648.7800000000001,3,1,1,1,65.0,6,5,1,3,2,0.5,10.666666666666666,23,64,20.5,23.0,0,0,0,0,717,1,203
C01117,CLI00099,2026-01-26,0,24,98.71,1905.7,Loja física,293,0.05179723985936926,2,2,1007.605,0,2,0,0,210.0,9,9,0,3,3,0.3333333333333333,2.6666666666666665,19,24,8.0,19.0,1,0,0,0,695,1,294
C01118,CLI01919,2026-02-05,0,12,240.99,3087.83,Televendas,113,0.07804509963307565,1,1,664.81,0,0,0,1,447.0,3,3,0,0,0,0.0,0.0,0,0,,,0,0,0,0,803,1,114
C01119,CLI01349,2025-07-30,0,6,314.39,2594.29,Loja física,173,0.12118537249112474,1,1,455.26,0,0,0,1,799.0,5,5,0,2,2,0.4,4.2,20,21,10.5,20.0,0,0,1,0,681,1,174
C01120,CLI00281,2026-02-06,1,18,43.85,2106.42,Loja física,443,0.020817310887667227,3,3,770.54,1,1,1,0,241.0,14,14,0,7,7,0.5,3.357142857142857,25,47,6.714285714285714,25.0,1,0,0,0,537,1,443
C01121,CLI00537,2025-09-30,1,12,574.3,1729.53,Loja física,353,0.3320555295369262,3,6,908.8433333333332,2,3,0,1,174.0,11,11,0,11,11,1.0,14.363636363636363,25,158,14.363636363636363,25.0,0,0,2,0,607,1,353
C01122,CLI02174,2026-01-16,0,18,175.23,3076.32,Loja física,473,0.05696091433921048,3,6,905.0733333333333,3,1,1,1,34.0,15,15,0,6,6,0.4,1.1333333333333333,8,17,2.8333333333333335,8.0,0,0,0,0,813,1,474
C01123,CLI00032,2026-02-02,1,18,96.73,3081.88,Loja física,323,0.031386686048775425,2,4,838.515,1,0,2,1,67.0,10,10,0,6,6,0.6,3.6,9,36,6.0,9.0,0,0,1,1,439,1,326
C01124,CLI01049,2026-01-10,0,10,244.79,2010.64,Loja física,173,0.12174730434090637,2,4,1684.0125,0,0,2,2,252.0,5,5,0,4,4,0.8,9.6,21,48,12.0,21.0,0,0,1,0,657,1,173
C01125,CLI01340,2026-01-08,0,24,71.9,2614.28,Loja física,113,0.027502792355830287,1,0,,0,0,0,0,,3,3,0,1,1,0.3333333333333333,0.3333333333333333,1,1,1.0,1.0,0,0,0,0,771,1,114
C01126,CLI00035,2025-01-23,0,6,267.28,4718.75,Loja física,173,0.056642119205298005,1,1,572.1,1,0,0,0,188.0,5,5,0,2,2,0.4,0.8,2,4,2.0,2.0,0,0,0,0,890,1,175
C01127,CLI01554,2026-02-06,0,24,201.58,2505.5,Loja física,413,0.08045499900219517,4,8,881.66625,1,2,3,2,78.0,13,13,0,9,9,0.6923076923076923,7.076923076923077,21,92,10.222222222222221,21.0,1,3,0,0,641,1,415
C01128,CLI00307,2026-01-14,1,12,255.33,4512.21,Televendas,143,0.05658646206626022,1,1,647.4,1,0,0,0,172.0,4,4,0,0,0,0.0,0.0,0,0,,,0,0,0,0,703,1,146
C01129,CLI01074,2026-01-11,0,10,90.52,2082.14,Televendas,263,0.04347450219485721,2,1,1029.16,0,0,1,0,341.0,8,8,0,5,5,0.625,1.625,7,13,2.6,7.0,0,0,0,0,774,1,266
C01130,CLI00798,2026-02-02,0,24,301.87,3538.8,Loja física,173,0.08530292754606081,3,7,800.11,2,2,2,1,93.0,5,5,0,2,2,0.4,4.8,22,24,12.0,22.0,1,0,1,0,793,1,173
C01131,CLI02780,2026-01-22,0,12,75.81,3409.3,Loja física,293,0.022236236177514444,2,1,284.55,0,0,1,0,586.0,9,9,0,4,4,0.4444444444444444,4.0,22,36,9.0,22.0,0,0,1,0,831,1,293
C01132,CLI02510,2025-07-31,0,10,190.44,2283.96,Loja física,293,0.08338149529764094,1,1,2761.44,0,1,0,0,652.0,9,8,1,7,6,0.7777777777777778,6.777777777777778,23,61,6.333333333333333,15.0,1,0,0,0,687,1,294
C01133,CLI00580,2025-11-18,0,12,165.22,1198.82,Loja física,353,0.13781885520762083,2,4,1408.04,1,1,1,1,294.0,11,11,0,6,6,0.5454545454545454,1.0,2,11,1.8333333333333333,2.0,0,0,0,0,752,1,355
C01135,CLI00157,2026-01-15,1,24,100.65,1513.06,Site,473,0.06652082534730944,3,1,270.58,0,1,0,0,867.0,15,15,0,7,7,0.4666666666666667,6.333333333333333,26,95,13.571428571428571,26.0,0,0,0,0,678,1,474
C01136,CLI01970,2026-01-29,0,18,135.18,2590.53,Loja física,383,0.0521823719470533,2,1,592.6,0,0,1,0,884.0,12,12,0,5,5,0.4166666666666667,3.75,26,45,9.0,26.0,1,0,0,1,747,1,386
C01138,CLI00393,2025-11-09,0,12,139.72,1596.96,Loja física,353,0.08749123334335236,2,3,865.3333333333334,0,2,1,0,232.0,11,11,0,5,5,0.45454545454545453,4.818181818181818,22,53,10.6,22.0,0,1,1,0,664,1,356
C01139,CLI02305,2025-07-18,0,6,497.25,3067.06,Loja física,173,0.16212594471578645,2,3,796.7866666666665,1,2,0,0,344.0,5,5,0,1,1,0.2,1.0,5,5,5.0,5.0,0,0,0,0,693,1,175
C01140,CLI02629,2026-01-21,1,12,255.82,1918.35,Loja física,173,0.1333541845857117,4,3,828.91,1,0,1,1,147.0,5,5,0,5,5,1.0,4.0,13,20,4.0,13.0,0,1,0,0,593,1,174
C01141,CLI00972,2026-01-09,0,18,41.79,4136.83,Loja física,323,0.010101937957324812,5,8,924.67125,1,3,3,1,152.0,10,10,0,4,4,0.4,1.9,13,19,4.75,13.0,0,0,0,0,762,1,324
C01142,CLI01079,2025-10-08,0,10,493.5,6263.84,Loja física,293,0.07878553730618917,2,5,990.926,1,1,3,0,268.0,9,9,0,2,2,0.2222222222222222,0.4444444444444444,2,4,2.0,2.0,0,0,0,0,697,1,296
C01143,CLI01937,2026-01-27,1,12,265.58,2478.64,Loja física,233,0.1071474679663041,1,2,441.33000000000004,1,0,1,0,94.0,7,7,0,2,2,0.2857142857142857,0.42857142857142855,2,3,1.5,2.0,0,0,1,0,595,1,234
C01144,CLI02446,2026-01-20,0,18,67.54,1231.99,Site,533,0.05482187355416846,4,1,1311.15,1,0,0,0,482.0,17,17,0,9,9,0.5294117647058824,4.176470588235294,25,71,7.888888888888889,25.0,0,1,0,0,668,1,536
C01145,CLI00265,2026-02-01,0,24,31.58,2693.58,Loja física,143,0.011724173776164065,1,0,,0,0,0,0,,4,4,0,1,1,0.25,0.5,2,2,2.0,2.0,0,0,1,1,679,1,146
C01147,CLI02784,2026-01-21,0,18,82.21,3099.31,Loja física,143,0.02652525884793712,1,1,977.16,1,0,0,0,757.0,4,4,0,2,2,0.5,10.5,24,42,21.0,24.0,0,0,0,0,702,1,145
C01148,CLI02278,2024-12-07,1,6,440.73,3872.74,Site,173,0.11380314712580758,2,0,,0,0,0,0,,5,5,0,4,4,0.8,6.6,20,33,8.25,20.0,1,0,0,0,503,1,174
C01150,CLI01777,2024-12-20,0,6,352.86,5060.68,Loja física,173,0.0697258075989788,2,1,1158.71,0,1,0,0,753.0,5,5,0,1,1,0.2,1.8,9,9,9.0,9.0,1,0,0,0,779,1,176
C01151,CLI02331,2026-02-04,0,24,117.43,3295.95,Loja física,173,0.03562857446259804,2,0,,0,0,0,0,,5,5,0,0,0,0.0,0.0,0,0,,,0,0,0,0,704,1,175
C01152,CLI02015,2026-01-15,0,24,159.6,5246.27,Televendas,233,0.03042161383230371,2,3,702.5466666666666,0,1,1,1,158.0,7,7,0,2,2,0.2857142857142857,2.5714285714285716,16,18,9.0,16.0,0,0,0,0,837,1,236
C01153,CLI02192,2025-09-01,0,10,196.14,2094.22,Site,293,0.09365778189492986,2,4,1528.845,1,0,1,2,376.0,9,9,0,1,1,0.1111111111111111,0.1111111111111111,1,1,1.0,1.0,0,0,0,0,657,1,296
C01154,CLI01875,2026-02-04,0,18,131.71,1350.75,Loja física,383,0.09750879141217843,1,1,1023.58,0,0,0,1,590.0,12,12,0,5,5,0.4166666666666667,2.6666666666666665,21,32,6.4,21.0,0,0,0,0,692,1,386
C01155,CLI00909,2026-01-08,1,24,223.15,1550.81,Site,533,0.1438925464757127,3,1,371.72,0,0,1,0,530.0,17,16,1,12,11,0.7058823529411765,7.470588235294118,23,127,9.454545454545455,19.0,2,1,0,0,618,1,536
C01156,CLI00551,2026-01-02,1,10,248.77,1935.36,Site,293,0.1285393931878307,1,1,281.45,0,0,0,1,803.0,9,9,0,7,7,0.7777777777777778,10.88888888888889,24,98,14.0,24.0,0,0,0,0,561,1,293
C01157,CLI01087,2026-01-28,1,10,151.02,2860.82,Televendas,263,0.05278906047916332,4,4,678.805,2,0,0,2,79.0,8,8,0,7,7,0.875,7.625,16,61,8.714285714285714,16.0,1,1,0,0,556,1,264
C01158,CLI01852,2025-11-05,0,10,103.05,3066.08,Loja física,293,0.033609690549496425,4,5,720.6519999999999,2,2,0,1,40.0,9,9,0,4,4,0.4444444444444444,5.222222222222222,22,47,11.75,22.0,0,1,0,0,830,1,294
C01159,CLI01242,2025-03-12,0,6,232.78,1727.98,Site,173,0.1347122073172143,1,4,708.7674999999999,0,3,1,0,142.0,5,5,0,1,1,0.2,0.4,2,2,2.0,2.0,0,0,0,0,718,1,175
C01160,CLI00855,2026-01-10,0,10,240.73,1446.15,Loja física,113,0.16646267676243817,2,0,,0,0,0,0,,3,3,0,1,1,0.3333333333333333,0.3333333333333333,1,1,1.0,1.0,0,0,0,0,594,1,115
C01161,CLI00152,2026-02-06,1,18,44.75,2602.42,Loja física,383,0.0171955333881541,2,1,496.69,0,0,1,0,478.0,12,12,0,6,6,0.5,3.1666666666666665,12,38,6.333333333333333,12.0,0,0,0,1,671,1,386
C01162,CLI00203,2026-01-18,0,18,152.93,1882.4,Loja física,83,0.08124203144921377,1,1,255.49,0,0,1,0,821.0,2,2,0,0,0,0.0,0.0,0,0,,,0,0,0,0,711,1,83
C01163,CLI00645,2026-01-29,0,24,80.85,5781.39,Loja física,473,0.013984526212554419,2,3,1104.9033333333334,1,0,2,0,438.0,15,15,0,6,6,0.4,2.2,25,33,5.5,25.0,0,0,0,0,795,1,476
C01164,CLI02308,2026-01-30,1,10,476.94,1870.9,Site,233,0.254925436955476,3,8,1136.10625,3,3,1,1,183.0,7,7,0,5,5,0.7142857142857143,6.714285714285714,19,47,9.4,19.0,1,0,2,0,470,1,236
C01165,CLI02432,2025-11-05,0,12,314.0,3175.32,Loja física,353,0.09888767116385119,1,0,,0,0,0,0,,11,11,0,4,4,0.36363636363636365,3.272727272727273,19,36,9.0,19.0,0,0,0,0,796,1,354
C01166,CLI02773,2025-01-14,0,6,613.2,5142.3,Loja física,173,0.11924625167726505,4,6,571.1783333333334,1,2,2,1,76.0,5,5,0,3,3,0.6,7.4,25,37,12.333333333333334,25.0,0,0,0,0,770,1,175
C01168,CLI01778,2025-07-02,0,6,167.59,2412.1,Loja física,173,0.06947887732681067,2,2,641.98,0,1,0,1,3.0,5,5,0,1,1,0.2,3.4,17,17,17.0,17.0,0,0,0,0,697,1,173
C01169,CLI00013,2025-09-23,0,12,74.36,2860.4,Loja física,353,0.025996364144874842,1,4,1313.9,0,1,2,1,28.0,11,11,0,3,3,0.2727272727272727,3.8181818181818183,23,42,14.0,23.0,0,1,0,0,852,1,354
C01170,CLI00660,2026-02-02,1,12,216.11,1146.97,Site,353,0.18841818007445704,2,3,1268.56,0,0,2,1,87.0,11,11,0,5,5,0.45454545454545453,5.0,22,55,11.0,22.0,1,0,0,0,580,1,354
C01172,CLI01298,2026-01-30,1,18,342.08,1251.55,Site,113,0.27332507690463825,1,2,630.6700000000001,0,1,0,1,473.0,3,3,0,3,3,1.0,13.333333333333334,16,40,13.333333333333334,16.0,0,0,0,0,591,1,114
C01173,CLI01622,2026-01-09,0,12,115.41,1953.79,Televendas,173,0.05906980791180219,2,2,1393.54,1,0,1,0,264.0,5,4,1,2,1,0.4,7.2,23,36,13.0,13.0,0,1,0,0,716,1,175
C01174,CLI01144,2026-02-04,1,12,162.6,2255.46,Loja física,83,0.07209172408289218,3,1,700.99,1,0,0,0,806.0,2,2,0,0,0,0.0,0.0,0,0,,,0,1,0,0,570,1,83
C01175,CLI02140,2025-10-11,0,10,216.52,2077.09,Site,293,0.1042419924028328,2,7,759.7328571428571,1,1,2,3,33.0,9,9,0,6,6,0.6666666666666666,2.3333333333333335,13,21,3.5,13.0,0,0,0,0,544,1,294
C01176,CLI01124,2026-02-02,0,12,99.71,1760.52,Loja física,263,0.056636675527685,3,6,855.5583333333333,3,1,2,0,164.0,8,8,0,2,2,0.25,0.875,5,7,3.5,5.0,0,0,0,0,739,1,265
C01177,CLI01331,2026-01-18,0,6,674.68,5585.25,Site,83,0.12079674141712546,3,2,1492.845,0,0,2,0,24.0,2,2,0,2,2,1.0,7.5,9,15,7.5,9.0,0,0,0,0,567,1,85
C01178,CLI00548,2026-01-09,0,18,257.26,1795.49,Loja física,203,0.14328122128221266,4,5,659.42,0,2,0,3,157.0,6,6,0,5,5,0.8333333333333334,9.166666666666666,23,55,11.0,23.0,0,0,1,0,674,1,205
C01179,CLI00157,2025-11-30,1,10,141.86,3783.36,Loja física,293,0.037495770954918385,3,1,270.58,0,1,0,0,821.0,9,9,0,5,5,0.5555555555555556,5.555555555555555,16,50,10.0,16.0,0,1,0,0,589,1,294
C01180,CLI02294,2026-01-09,1,10,141.61,3017.39,Site,293,0.046931288298827804,1,0,,0,0,0,0,,9,9,0,4,4,0.4444444444444444,6.0,26,54,13.5,26.0,2,0,0,0,614,1,296
C01181,CLI02188,2026-02-02,0,18,55.61,3445.37,Site,143,0.01614050160069891,2,5,926.308,2,2,1,0,124.0,4,4,0,1,1,0.25,0.25,1,1,1.0,1.0,0,0,0,0,680,1,145
C01182,CLI02500,2025-10-31,0,10,280.82,3197.47,Loja física,293,0.0878256871839298,2,0,,0,0,0,0,,9,9,0,6,6,0.6666666666666666,6.444444444444445,24,58,9.666666666666666,24.0,1,0,0,0,688,1,296
C01183,CLI00422,2026-01-23,0,12,141.14,1942.01,Loja física,323,0.07267727766592344,1,2,857.9649999999999,1,1,0,0,446.0,10,10,0,3,3,0.3,0.4,2,4,1.3333333333333333,2.0,1,1,0,1,837,1,323
C01184,CLI00619,2026-01-16,1,10,166.74,2930.4,Loja física,83,0.0569000819000819,2,1,1971.71,0,0,0,1,408.0,2,2,0,0,0,0.0,0.0,0,0,,,0,0,2,0,670,1,86
C01185,CLI02671,2026-02-02,0,18,132.81,2837.94,Site,233,0.046798029556650245,2,3,525.11,2,0,1,0,218.0,7,7,0,3,3,0.42857142857142855,5.0,23,35,11.666666666666666,23.0,0,0,0,0,735,1,234
C01186,CLI00205,2026-01-21,0,12,101.98,4867.43,Site,323,0.020951508290822877,4,10,842.7620000000001,1,3,4,2,346.0,10,10,0,0,0,0.0,0.0,0,0,,,0,0,0,0,816,1,324
C01187,CLI02697,2026-01-16,0,18,29.42,2908.17,Loja física,473,0.010116327449908362,1,0,,0,0,0,0,,15,15,0,4,4,0.26666666666666666,1.4666666666666666,17,22,5.5,17.0,0,1,0,0,864,1,476
C01188,CLI02210,2025-01-13,0,6,556.38,6849.05,Loja física,173,0.08123462377994028,1,1,987.09,0,1,0,0,231.0,5,4,1,3,2,0.6,9.6,23,48,12.5,14.0,0,0,0,0,734,1,176
C01190,CLI01450,2026-02-05,1,18,94.32,1725.48,Loja física,203,0.05466305028166075,1,1,293.58,0,1,0,0,536.0,6,6,0,2,2,0.3333333333333333,1.3333333333333333,6,8,4.0,6.0,0,0,0,0,685,1,205
C01191,CLI01401,2025-12-21,0,12,224.7,3240.03,Loja física,353,0.06935120971102118,3,1,531.44,0,1,0,0,851.0,11,11,0,5,5,0.45454545454545453,3.8181818181818183,17,42,8.4,17.0,1,0,0,0,797,1,356
C01192,CLI01702,2026-01-23,0,12,208.55,1725.32,Loja física,263,0.12087612732710455,1,0,,0,0,0,0,,8,8,0,2,2,0.25,5.125,21,41,20.5,21.0,0,0,0,0,685,1,266
C01193,CLI02122,2025-09-06,0,10,133.33,2940.17,Site,293,0.04534771798909587,1,1,404.87,0,0,0,1,894.0,9,9,0,4,4,0.4444444444444444,4.666666666666667,26,42,10.5,26.0,0,0,0,0,838,1,293
C01194,CLI01688,2026-02-01,0,12,219.14,2392.87,Loja física,353,0.09158040344857848,1,0,,0,0,0,0,,11,10,1,8,7,0.7272727272727273,8.818181818181818,23,97,10.571428571428571,22.0,0,0,0,0,645,1,354
C01195,CLI02084,2026-02-06,1,24,191.43,1784.05,Loja física,233,0.10730080434965389,2,3,2440.0099999999998,1,1,0,1,197.0,7,7,0,7,7,1.0,12.857142857142858,24,90,12.857142857142858,24.0,0,0,0,0,509,1,234
C01196,CLI00735,2025-04-15,1,10,732.43,4341.99,Loja física,293,0.16868532631351063,1,0,,0,0,0,0,,9,9,0,8,8,0.8888888888888888,10.666666666666666,20,96,12.0,20.0,0,0,1,0,543,1,296
C01198,CLI02756,2026-01-19,0,24,68.91,2757.61,Loja física,563,0.024989030355996675,2,2,619.705,2,0,0,0,350.0,18,18,0,6,6,0.3333333333333333,0.6111111111111112,2,11,1.8333333333333333,2.0,0,0,1,1,715,1,564
C01199,CLI00998,2026-01-23,0,24,114.17,2781.64,Loja física,113,0.04104413223853554,3,2,897.13,1,0,0,1,64.0,3,2,1,3,2,1.0,16.0,24,48,12.5,24.0,1,0,0,0,506,1,113
C01200,CLI00412,2026-01-09,0,12,101.68,3650.31,Loja física,323,0.02785516846514406,1,2,751.335,0,2,0,0,396.0,10,10,0,3,3,0.3,4.0,20,40,13.333333333333334,20.0,0,0,0,1,923,1,324
C01201,CLI02620,2025-07-20,0,10,179.37,2742.9,Loja física,293,0.06539429071420759,1,2,735.79,0,2,0,0,296.0,9,9,0,3,3,0.3333333333333333,0.3333333333333333,1,3,1.0,1.0,0,0,0,0,917,1,294
C01202,CLI01171,2026-01-31,0,12,457.33,6800.91,Site,293,0.06724541274623543,2,2,1554.895,0,0,0,2,380.0,9,9,0,3,3,0.3333333333333333,4.666666666666667,24,42,14.0,24.0,0,0,0,0,685,1,295
C01203,CLI00507,2025-09-21,0,12,182.53,2318.2,Televendas,353,0.07873781382106808,1,1,1061.38,0,1,0,0,34.0,11,11,0,3,3,0.2727272727272727,0.2727272727272727,1,3,1.0,1.0,0,0,0,0,854,1,355
C01205,CLI00194,2026-01-25,0,24,60.38,3337.31,Site,113,0.01809241574801262,2,3,768.1466666666666,1,0,1,1,394.0,3,3,0,0,0,0.0,0.0,0,0,,,0,2,0,0,759,1,113
C01206,CLI01795,2026-01-20,0,24,125.67,3520.95,Loja física,413,0.03569207174200145,2,3,713.8833333333333,0,2,0,1,428.0,13,13,0,4,4,0.3076923076923077,2.8461538461538463,25,37,9.25,25.0,0,0,0,0,608,1,416
C01207,CLI02454,2025-12-19,1,10,302.4,2464.69,Loja física,293,0.12269291472761279,3,4,858.2375,1,2,1,0,650.0,9,9,0,6,6,0.6666666666666666,10.555555555555555,20,95,15.833333333333334,20.0,0,1,0,0,847,1,293
C01208,CLI02519,2025-07-05,1,12,79.53,6168.41,Loja física,353,0.01289311183919357,1,1,165.86,0,1,0,0,606.0,11,11,0,5,5,0.45454545454545453,1.7272727272727273,13,19,3.8,13.0,0,0,0,0,777,1,353
C01210,CLI02449,2025-06-07,1,10,75.04,1772.45,Loja física,293,0.04233687833225197,4,3,309.0366666666667,1,1,0,1,41.0,9,9,0,3,3,0.3333333333333333,1.6666666666666667,11,15,5.0,11.0,0,0,1,0,787,1,296
C01211,CLI02734,2026-01-23,1,12,151.53,3618.18,Loja física,323,0.04188017179908131,2,5,821.7180000000001,2,0,1,2,423.0,10,10,0,3,3,0.3,0.7,4,7,2.3333333333333335,4.0,1,0,1,1,617,1,326
C01212,CLI00134,2026-01-23,0,12,189.0,1942.46,Site,323,0.09729930088650474,3,7,844.4585714285714,2,0,3,2,187.0,10,10,0,6,6,0.6,6.6,22,66,11.0,22.0,0,0,0,0,733,1,324
C01214,CLI00549,2026-02-06,1,12,121.41,1188.31,Loja física,233,0.10217030909442823,6,6,1039.4950000000001,3,1,1,1,179.0,7,7,0,6,6,0.8571428571428571,12.714285714285714,24,89,14.833333333333334,24.0,0,0,0,0,615,1,236
C01216,CLI01563,2025-12-14,1,12,79.29,7349.56,Loja física,353,0.010788400938287462,2,3,679.7933333333334,1,1,0,1,92.0,11,11,0,2,2,0.18181818181818182,1.7272727272727273,17,19,9.5,17.0,1,0,1,0,677,1,354
C01217,CLI00895,2025-05-13,0,6,315.31,3046.75,Site,173,0.10349060474275867,1,0,,0,0,0,0,,5,5,0,2,2,0.4,3.2,14,16,8.0,14.0,0,0,1,0,713,1,175
C01218,CLI01573,2024-12-21,0,6,101.12,3251.69,Loja física,173,0.031097675362657572,3,3,725.7233333333334,2,0,0,1,239.0,5,5,0,0,0,0.0,0.0,0,0,,,0,0,0,0,785,1,174
C01220,CLI00728,2026-01-26,1,12,521.24,3238.31,Loja física,143,0.1609605010020659,1,2,533.165,0,2,0,0,453.0,4,4,0,1,1,0.25,0.5,2,2,2.0,2.0,0,0,0,0,764,1,145
C01222,CLI00030,2025-12-09,1,12,112.85,1629.26,Loja física,353,0.06926457410112566,2,2,860.565,1,0,0,1,277.0,11,11,0,5,5,0.45454545454545453,3.6363636363636362,18,40,8.0,18.0,0,0,1,0,625,1,355
C01223,CLI01471,2026-01-28,0,10,264.76,3249.74,Loja física,263,0.08147113307526141,1,1,311.1,0,1,0,0,175.0,8,8,0,2,2,0.25,3.0,23,24,12.0,23.0,0,0,0,0,625,1,263
C01225,CLI02525,2026-01-12,1,10,188.86,5507.46,Site,293,0.03429166984417499,4,4,1056.8375,0,1,1,2,154.0,9,9,0,3,3,0.3333333333333333,4.777777777777778,26,43,14.333333333333334,26.0,0,1,0,0,539,1,293
C01226,CLI02016,2026-01-18,0,18,122.48,3412.32,Loja física,113,0.03589346837342336,4,7,953.1828571428571,2,0,2,3,127.0,3,2,1,1,0,0.3333333333333333,7.666666666666667,23,23,,,0,0,0,1,671,1,114
C01227,CLI00114,2026-01-21,0,24,53.2,3030.94,Site,233,0.01755231050433199,2,1,1412.74,0,0,1,0,128.0,7,7,0,3,3,0.42857142857142855,4.142857142857143,24,29,9.666666666666666,24.0,1,1,0,0,774,1,233
C01228,CLI01981,2026-01-30,1,12,130.64,1831.04,Loja física,353,0.07134743096819293,2,5,924.7879999999999,2,1,0,2,339.0,11,11,0,10,10,0.9090909090909091,9.727272727272727,21,107,10.7,21.0,1,1,0,0,492,1,354
C01230,CLI02284,2026-02-05,1,18,181.21,2325.56,Site,473,0.07792101687335524,3,4,550.03,2,1,0,1,254.0,15,14,1,13,12,0.8666666666666667,13.933333333333334,24,209,15.5,24.0,1,2,0,0,486,1,476
C01231,CLI02479,2025-09-05,0,12,87.87,2517.26,Site,353,0.034907002057793,1,0,,0,0,0,0,,11,11,0,4,4,0.36363636363636365,2.8181818181818183,20,31,7.75,20.0,0,0,0,0,696,1,354
C01232,CLI00675,2026-01-20,0,18,146.35,1880.84,Site,263,0.07781097807362668,3,5,1119.664,1,0,3,1,42.0,8,8,0,2,2,0.25,0.375,2,3,1.5,2.0,0,0,0,0,910,1,266
C01234,CLI01419,2026-01-18,0,12,379.44,3224.88,Loja física,83,0.11766019200714445,1,3,1039.16,0,1,0,2,138.0,2,2,0,2,2,1.0,7.5,13,15,7.5,13.0,0,1,0,0,732,1,84
C01235,CLI01166,2025-06-28,1,10,641.52,2990.99,Loja física,293,0.21448416744957355,1,0,,0,0,0,0,,9,9,0,7,7,0.7777777777777778,8.11111111111111,17,73,10.428571428571429,17.0,0,0,0,0,482,1,295
C01236,CLI01778,2025-03-28,1,6,584.13,4305.21,Loja física,173,0.13567979262335636,2,1,345.82,0,0,0,1,511.0,5,5,0,5,5,1.0,15.2,23,76,15.2,23.0,0,0,0,0,559,1,175
C01237,CLI01782,2025-12-20,0,10,185.01,11437.15,Loja física,293,0.016176232715318064,1,1,891.27,1,0,0,0,341.0,9,9,0,1,1,0.1111111111111111,0.6666666666666666,6,6,6.0,6.0,2,0,0,0,655,1,293
C01238,CLI00618,2026-01-18,0,24,115.04,3346.28,Loja física,533,0.034378474006956976,1,2,1027.36,0,2,0,0,64.0,17,17,0,7,7,0.4117647058823529,1.8823529411764706,20,32,4.571428571428571,20.0,1,0,0,0,710,1,535
C01239,CLI00636,2026-02-04,0,24,112.5,2945.12,Loja física,263,0.03819878307165752,3,4,663.1025,1,0,2,1,105.0,8,8,0,0,0,0.0,0.0,0,0,,,0,0,0,0,802,1,266
C01240,CLI02578,2025-10-30,0,10,336.51,3099.69,Loja física,293,0.10856246915014081,2,2,1307.37,0,0,0,2,33.0,9,9,0,3,3,0.3333333333333333,2.2222222222222223,9,20,6.666666666666667,9.0,0,0,0,1,519,1,293
C01241,CLI00733,2026-01-22,1,12,108.11,2132.83,Loja física,173,0.050688521823117644,2,2,2070.59,2,0,0,0,132.0,5,5,0,3,3,0.6,10.0,25,50,16.666666666666668,25.0,0,1,0,0,522,1,174
C01242,CLI00679,2025-08-22,1,10,654.54,2451.45,Site,293,0.2670011625772502,1,1,1137.45,0,0,0,1,526.0,9,9,0,5,5,0.5555555555555556,7.888888888888889,26,71,14.2,26.0,0,0,0,0,611,1,296
C01243,CLI02491,2026-01-27,1,12,601.38,2946.75,Loja física,353,0.20408246373122932,1,0,,0,0,0,0,,11,11,0,7,7,0.6363636363636364,8.909090909090908,24,98,14.0,24.0,0,1,1,0,482,1,355
C01245,CLI00262,2026-01-08,1,10,284.86,1883.59,Loja física,263,0.15123248690001542,2,1,174.93,1,0,0,0,716.0,8,8,0,5,5,0.625,11.375,26,91,18.2,26.0,2,1,0,0,699,1,266
C01246,CLI00481,2026-01-10,0,18,189.65,2620.32,Loja física,383,0.07237665628625511,1,1,507.83,0,1,0,0,301.0,12,12,0,5,5,0.4166666666666667,0.6666666666666666,2,8,1.6,2.0,0,0,0,0,843,1,384
C01247,CLI01948,2026-01-12,1,10,53.14,4401.9,Loja física,173,0.01207205979236239,1,1,2985.41,0,0,0,1,801.0,5,5,0,3,3,0.6,6.8,19,34,11.333333333333334,19.0,0,0,0,0,638,1,176
C01248,CLI02654,2025-07-19,1,12,262.92,1951.78,Loja física,353,0.13470780518296122,2,4,891.755,1,0,3,0,178.0,11,10,1,9,8,0.8181818181818182,13.818181818181818,24,152,16.125,24.0,1,0,0,0,637,1,353
C01249,CLI02454,2026-01-21,0,24,170.29,6252.71,Loja física,143,0.027234591081307144,3,4,858.2375,1,2,1,0,683.0,4,4,0,1,1,0.25,0.5,2,2,2.0,2.0,0,1,0,0,961,1,145
C01250,CLI00888,2025-07-04,0,6,275.15,5299.33,Televendas,173,0.05192165802091962,2,1,479.4,1,0,0,0,413.0,5,5,0,1,1,0.2,0.8,4,4,4.0,4.0,0,0,1,0,612,1,173
C01251,CLI00236,2025-11-04,0,10,162.53,2017.75,Site,293,0.08055011770536488,3,6,1136.6833333333334,2,2,1,1,102.0,9,9,0,5,5,0.5555555555555556,6.0,20,54,10.8,20.0,0,0,0,0,606,1,294
C01252,CLI02018,2026-01-10,0,10,287.48,6761.61,Loja física,233,0.04251650124748396,2,1,182.22,0,0,1,0,784.0,7,6,1,4,3,0.5714285714285714,10.142857142857142,26,71,16.0,26.0,0,0,0,0,587,1,233
C01253,CLI00406,2026-01-17,1,18,180.1,2042.0,Loja física,203,0.08819784524975514,1,0,,0,0,0,0,,6,6,0,1,1,0.16666666666666666,0.3333333333333333,2,2,2.0,2.0,0,0,0,0,586,1,204
C01254,CLI00935,2026-02-02,0,6,254.57,2164.85,Site,173,0.11759244289442687,3,0,,0,0,0,0,,5,5,0,1,1,0.2,4.0,20,20,20.0,20.0,0,0,1,0,627,1,174
C01256,CLI00978,2026-01-09,0,12,97.86,2648.94,Loja física,323,0.03694307911843983,2,2,1471.17,0,2,0,0,227.0,10,10,0,3,3,0.3,2.1,19,21,7.0,19.0,0,0,0,0,776,1,324
C01257,CLI00855,2025-12-07,1,6,444.07,4978.2,Loja física,173,0.08920292475191836,2,0,,0,0,0,0,,5,5,0,1,1,0.2,0.2,1,1,1.0,1.0,0,0,1,0,690,1,173
C01258,CLI01233,2025-09-23,1,10,145.04,2948.11,Site,293,0.049197621527012216,1,0,,0,0,0,0,,9,9,0,4,4,0.4444444444444444,5.555555555555555,25,50,12.5,25.0,0,1,0,0,810,1,295
C01259,CLI01865,2026-01-25,0,12,278.49,4505.79,Loja física,323,0.06180714147796502,1,3,878.21,1,1,0,1,111.0,10,10,0,6,6,0.6,4.0,19,40,6.666666666666667,19.0,0,0,0,0,830,1,324
C01260,CLI01498,2026-01-16,0,18,121.94,2849.67,Site,353,0.042790919650345476,2,3,1395.7,0,2,1,0,86.0,11,11,0,3,3,0.2727272727272727,0.5454545454545454,3,6,2.0,3.0,0,0,1,0,655,1,356
C01261,CLI00103,2026-01-26,1,12,144.96,3933.49,Loja física,233,0.03685276942359076,4,5,1141.298,1,0,1,3,170.0,7,7,0,2,2,0.2857142857142857,1.2857142857142858,8,9,4.5,8.0,0,0,0,0,848,1,233
C01262,CLI02563,2026-01-11,0,6,490.38,3528.5,Site,143,0.13897690236644467,3,2,1323.02,0,1,0,1,917.0,4,4,0,2,2,0.5,3.25,12,13,6.5,12.0,0,0,1,0,850,1,144
C01263,CLI00156,2025-09-26,0,12,326.69,2993.19,Site,353,0.10914442451030505,3,7,1233.6757142857143,1,3,2,1,35.0,11,11,0,2,2,0.18181818181818182,0.18181818181818182,1,2,1.0,1.0,1,0,0,0,733,1,355
C01264,CLI01536,2026-01-19,0,24,39.15,2296.85,Televendas,533,0.017045083483901866,4,4,1318.23,0,1,3,0,242.0,17,17,0,10,10,0.5882352941176471,3.5294117647058822,26,60,6.0,26.0,1,0,1,0,675,1,533
C01265,CLI01807,2026-02-02,1,24,46.6,1662.9,Loja física,113,0.02802333273197426,2,1,1198.37,0,1,0,0,234.0,3,3,0,0,0,0.0,0.0,0,0,,,0,0,0,0,713,1,113
C01266,CLI02654,2026-01-14,0,10,113.4,3241.05,Loja física,293,0.03498866108205674,2,4,891.755,1,0,3,0,357.0,9,9,0,4,4,0.4444444444444444,5.222222222222222,26,47,11.75,26.0,0,0,0,1,849,1,296
C01267,CLI00103,2026-01-10,0,12,172.55,2349.09,Loja física,173,0.07345397579488228,4,5,1141.298,1,0,1,3,154.0,5,5,0,1,1,0.2,0.4,2,2,2.0,2.0,0,0,0,0,647,1,173
C01268,CLI01842,2026-01-27,0,12,137.22,2927.42,Loja física,293,0.04687403925641008,2,4,799.4375,2,1,0,1,86.0,9,9,0,3,3,0.3333333333333333,0.5555555555555556,2,5,1.6666666666666667,2.0,0,0,0,0,893,1,294
C01269,CLI00835,2026-01-23,0,18,122.3,1416.73,Loja física,83,0.08632555250471155,1,2,474.435,0,1,1,0,372.0,2,2,0,0,0,0.0,0.0,0,0,,,0,1,0,0,861,1,85
C01270,CLI02474,2025-01-04,1,6,377.59,2219.43,Site,173,0.17012926742451892,1,1,935.09,0,1,0,0,134.0,5,5,0,5,5,1.0,17.6,25,88,17.6,25.0,0,0,0,0,734,1,174
C01271,CLI01933,2026-01-09,1,12,97.97,2729.31,Loja física,203,0.035895519380356206,2,2,864.575,0,1,1,0,487.0,6,6,0,1,1,0.16666666666666666,0.3333333333333333,2,2,2.0,2.0,0,0,1,0,788,1,206
C01273,CLI01003,2026-01-21,1,12,254.33,4407.61,Loja física,263,0.057702473676210016,2,4,408.40749999999997,1,1,0,2,27.0,8,8,0,2,2,0.25,3.0,17,24,12.0,17.0,0,0,1,2,718,1,263
C01274,CLI01156,2025-06-30,0,12,148.17,4877.11,Loja física,353,0.030380696765092443,3,6,739.6749999999998,3,1,0,2,3.0,11,11,0,4,4,0.36363636363636365,2.5454545454545454,12,28,7.0,12.0,1,1,0,0,739,1,354
C01275,CLI00800,2025-11-30,1,18,336.41,3084.56,Loja física,533,0.10906255673418576,1,0,,0,0,0,0,,17,17,0,9,9,0.5294117647058824,8.529411764705882,26,145,16.11111111111111,26.0,0,0,0,0,630,1,533
C01277,CLI01462,2026-01-26,0,18,106.71,2916.82,Loja física,473,0.0365843624220898,2,4,1088.3325,0,0,4,0,382.0,15,15,0,6,6,0.4,3.7333333333333334,24,56,9.333333333333334,24.0,0,0,0,0,701,1,474
C01279,CLI01734,2024-12-24,1,6,378.09,3532.55,Loja física,173,0.10703033219628878,1,1,424.15,1,0,0,0,158.0,5,5,0,2,2,0.4,6.8,21,34,17.0,21.0,1,1,1,0,675,1,174
C01280,CLI00909,2026-01-27,0,24,39.98,2687.58,Loja física,83,0.014875836254176619,3,1,371.72,0,0,1,0,549.0,2,2,0,1,1,0.5,3.5,7,7,7.0,7.0,0,0,0,0,816,1,83
C01281,CLI00963,2026-01-17,0,12,73.7,2105.1,Loja física,263,0.0350102132915301,1,3,918.5066666666667,1,0,2,0,26.0,8,8,0,5,5,0.625,4.5,23,36,7.2,23.0,0,0,1,0,488,1,265
C01282,CLI00988,2026-01-08,0,6,680.37,4408.0,Loja física,113,0.1543489110707804,1,1,431.01,1,0,0,0,100.0,3,3,0,3,3,1.0,15.333333333333334,21,46,15.333333333333334,21.0,0,0,0,0,584,1,113
C01283,CLI01572,2025-04-06,1,10,417.18,3535.57,Loja física,293,0.11799511818462087,1,3,620.1033333333334,0,2,0,1,159.0,9,9,0,6,6,0.6666666666666666,6.111111111111111,21,55,9.166666666666666,21.0,0,0,0,0,594,1,293
C01284,CLI00211,2026-01-21,0,24,52.17,4834.58,Site,203,0.010791009767135925,3,2,1023.5550000000001,0,1,1,0,357.0,6,6,0,0,0,0.0,0.0,0,0,,,0,0,1,0,644,1,204
C01285,CLI00951,2025-06-09,0,6,748.0,4135.72,Site,173,0.1808633079608871,1,1,903.59,1,0,0,0,285.0,5,5,0,3,3,0.6,3.8,10,19,6.333333333333333,10.0,0,0,0,1,746,1,174
C01286,CLI02391,2026-01-11,0,24,89.61,4413.5,Site,143,0.020303613911861335,2,1,290.59,0,1,0,0,269.0,4,3,1,1,0,0.25,5.75,23,23,,,0,0,0,0,676,1,146
C01287,CLI02628,2026-01-27,1,18,192.41,1557.12,Loja física,113,0.12356786888614879,1,0,,0,0,0,0,,3,3,0,2,2,0.6666666666666666,9.333333333333334,18,28,14.0,18.0,0,0,0,0,709,1,113
C01288,CLI02046,2026-01-28,0,10,255.76,1983.42,Loja física,173,0.12894898710308456,1,9,577.6133333333333,4,2,1,2,143.0,5,5,0,0,0,0.0,0.0,0,0,,,0,0,0,0,718,1,173
C01289,CLI02541,2026-01-22,0,12,293.84,2199.1,Loja física,83,0.13361829839479786,2,3,1224.98,2,0,1,0,209.0,2,2,0,0,0,0.0,0.0,0,0,,,0,0,0,0,809,1,85
C01291,CLI02131,2025-10-19,0,12,118.96,4935.5,Loja física,353,0.024102927768209905,1,4,897.22,2,0,2,0,70.0,11,11,0,1,1,0.09090909090909091,0.09090909090909091,1,1,1.0,1.0,0,0,0,0,794,1,353
C01292,CLI01604,2025-10-23,1,12,124.49,3246.01,Loja física,353,0.03835169947104291,3,3,980.2466666666666,0,2,0,1,160.0,11,11,0,7,7,0.6363636363636364,5.363636363636363,19,59,8.428571428571429,19.0,0,1,0,0,680,1,354
C01293,CLI01831,2026-01-09,1,12,103.72,1870.59,Loja física,353,0.05544774643294362,1,4,981.745,0,3,0,1,168.0,11,11,0,4,4,0.36363636363636365,2.909090909090909,16,32,8.0,16.0,1,0,0,1,629,1,354
C01296,CLI00611,2026-01-31,1,24,118.92,3951.71,Loja física,173,0.030093301380921172,1,2,1273.795,0,0,1,1,116.0,5,5,0,4,4,0.8,7.0,20,35,8.75,20.0,0,0,2,0,661,1,174
C01297,CLI01775,2026-01-30,0,18,111.76,5186.93,Loja física,473,0.02154646390061173,4,6,1029.3916666666667,1,1,1,3,141.0,15,15,0,2,2,0.13333333333333333,1.5333333333333334,20,23,11.5,20.0,1,0,0,0,943,1,475
C01298,CLI02395,2025-08-12,1,10,200.55,5356.18,Loja física,293,0.03744272970661927,1,0,,0,0,0,0,,9,9,0,8,8,0.8888888888888888,11.222222222222221,25,101,12.625,25.0,0,2,1,0,605,1,294
C01299,CLI00137,2026-01-23,0,24,37.37,2964.63,Loja física,353,0.012605282952678747,4,2,1703.0,1,0,1,0,320.0,11,11,0,6,6,0.5454545454545454,6.2727272727272725,24,69,11.5,24.0,0,1,0,0,510,1,356
C01300,CLI00047,2026-01-08,0,24,64.8,1796.09,Loja física,443,0.036078370237571614,1,2,1102.06,1,1,0,0,592.0,14,14,0,3,3,0.21428571428571427,2.142857142857143,16,30,10.0,16.0,0,0,0,0,726,1,445
C01301,CLI00290,2025-09-13,1,6,208.1,1815.36,Loja física,173,0.11463291027674952,1,0,,0,0,0,0,,5,5,0,4,4,0.8,8.4,17,42,10.5,17.0,1,0,0,0,653,1,176
C01302,CLI00348,2026-01-31,1,18,110.02,1932.92,Loja física,233,0.056919065455373216,1,0,,0,0,0,0,,7,7,0,4,4,0.5714285714285714,7.571428571428571,18,53,13.25,18.0,0,1,0,0,608,1,233
C01303,CLI00993,2025-05-03,1,6,605.53,4050.89,Televendas,173,0.14948073139482929,2,0,,0,0,0,0,,5,5,0,5,5,1.0,5.0,8,25,5.0,8.0,1,0,1,0,514,1,174
C01304,CLI01533,2026-01-22,0,18,40.85,2732.16,Loja física,113,0.014951540173342704,2,2,520.675,0,2,0,0,245.0,3,3,0,3,3,1.0,5.0,11,15,5.0,11.0,1,0,0,0,711,1,113
C01305,CLI02013,2026-01-22,0,12,110.77,4143.37,Loja física,293,0.026734276687816923,2,3,716.9266666666667,0,2,1,0,147.0,9,9,0,4,4,0.4444444444444444,0.7777777777777778,2,7,1.75,2.0,0,0,0,0,729,1,293
C01306,CLI02130,2026-01-18,1,18,168.18,2934.46,Loja física,113,0.05731207786100339,1,0,,0,0,0,0,,3,3,0,2,2,0.6666666666666666,3.3333333333333335,9,10,5.0,9.0,0,0,0,0,696,1,115
C01307,CLI00552,2026-01-29,0,12,112.22,4163.51,Loja física,203,0.026953219759289635,4,4,1417.1025,0,1,2,1,111.0,6,6,0,1,1,0.16666666666666666,1.6666666666666667,10,10,10.0,10.0,0,1,0,0,641,1,205
C01308,CLI00864,2025-11-19,0,12,136.0,2339.74,Site,353,0.058126116577055575,1,0,,0,0,0,0,,11,11,0,3,3,0.2727272727272727,1.7272727272727273,10,19,6.333333333333333,10.0,0,0,0,0,708,1,356
C01309,CLI02350,2026-01-21,0,24,111.08,1827.02,Loja física,323,0.06079845869229675,2,3,1693.4599999999998,1,0,0,2,507.0,10,10,0,3,3,0.3,3.6,19,36,12.0,19.0,0,0,0,0,609,1,324
C01311,CLI00680,2026-01-30,0,6,151.77,6604.19,Televendas,143,0.02298086517801578,2,1,414.22,0,1,0,0,828.0,4,4,0,2,2,0.5,6.25,24,25,12.5,24.0,1,1,0,0,768,1,143
C01312,CLI01662,2025-11-18,1,10,192.09,3698.81,Loja física,293,0.05193291896582955,3,3,833.5799999999999,0,0,1,2,172.0,9,9,0,3,3,0.3333333333333333,3.5555555555555554,15,32,10.666666666666666,15.0,0,0,0,0,613,1,294
C01315,CLI02446,2026-02-02,1,12,314.06,1963.91,Loja física,323,0.1599156784170354,4,1,1311.15,1,0,0,0,495.0,10,10,0,2,2,0.2,3.3,26,33,16.5,26.0,0,0,1,0,712,1,325
C01316,CLI01331,2025-04-04,0,10,38.0,1547.46,Site,293,0.024556369793080273,2,1,1886.31,0,0,1,0,548.0,9,9,0,1,1,0.1111111111111111,2.6666666666666665,24,24,24.0,24.0,0,0,0,0,644,1,293
C01317,CLI00005,2026-01-22,0,24,30.74,2574.53,Loja física,353,0.011940043425401916,2,1,552.85,0,0,0,1,827.0,11,11,0,3,3,0.2727272727272727,0.5454545454545454,2,6,2.0,2.0,0,0,0,0,883,1,353
C01318,CLI02779,2026-01-11,0,12,58.92,2938.66,Loja física,203,0.02004995474127664,2,6,558.375,0,4,1,1,59.0,6,6,0,2,2,0.3333333333333333,4.5,25,27,13.5,25.0,0,0,0,0,623,1,205
C01319,CLI01887,2026-01-29,0,10,321.32,4793.26,Loja física,263,0.06703579609701955,1,1,681.37,0,1,0,0,833.0,8,8,0,3,3,0.375,2.875,20,23,7.666666666666667,20.0,0,0,0,0,726,1,266
C01320,CLI00339,2025-12-15,0,12,209.72,5995.15,Loja física,353,0.034981610134859016,3,4,1204.2475,0,1,1,2,220.0,11,11,0,4,4,0.36363636363636365,1.9090909090909092,15,21,5.25,15.0,0,0,0,0,938,1,353
C01321,CLI00002,2026-01-13,0,10,142.6,4169.38,Loja física,203,0.03420172783483395,1,1,154.83,0,1,0,0,438.0,6,6,0,2,2,0.3333333333333333,3.5,19,21,10.5,19.0,0,1,0,0,649,1,205
C01322,CLI02162,2026-01-06,1,6,566.57,3500.63,Loja física,173,0.16184801021530412,2,1,540.7,0,0,1,0,481.0,5,5,0,3,3,0.6,8.0,22,40,13.333333333333334,22.0,0,0,0,0,679,1,176
C01323,CLI00729,2025-06-30,0,6,589.26,4667.42,Loja física,173,0.12624961970424775,2,3,1338.0333333333335,0,1,1,1,477.0,5,5,0,2,2,0.4,3.8,13,19,9.5,13.0,1,0,1,0,754,1,175
C01324,CLI00248,2025-11-08,1,12,354.31,3083.53,Televendas,353,0.11490402233803465,2,1,941.5,0,0,1,0,649.0,11,11,0,7,7,0.6363636363636364,8.454545454545455,22,93,13.285714285714286,22.0,0,0,1,0,614,1,355
C01326,CLI02006,2026-01-19,0,10,145.48,1397.29,Loja física,143,0.10411582420256353,1,0,,0,0,0,0,,4,4,0,1,1,0.25,0.25,1,1,1.0,1.0,0,0,0,0,778,1,143
C01327,CLI02293,2026-01-16,1,24,132.67,2252.98,Loja física,83,0.058886452609432836,4,2,1237.79,1,0,0,1,244.0,2,2,0,1,1,0.5,11.0,22,22,22.0,22.0,0,0,0,1,573,1,84
C01328,CLI02433,2025-06-21,1,12,96.82,3308.44,Loja física,353,0.029264547641788877,1,3,587.4166666666666,2,1,0,0,260.0,11,11,0,6,6,0.5454545454545454,7.545454545454546,26,83,13.833333333333334,26.0,0,0,1,0,709,1,354
C01329,CLI00861,2026-01-24,0,24,30.79,2614.82,Loja física,143,0.011775189114355863,1,0,,0,0,0,0,,4,4,0,1,1,0.25,0.25,1,1,1.0,1.0,0,0,0,0,864,1,145
C01330,CLI00292,2026-01-11,0,18,112.56,2922.75,Loja física,233,0.03851167564793431,1,1,254.44,0,0,0,1,770.0,7,7,0,2,2,0.2857142857142857,4.285714285714286,24,30,15.0,24.0,0,0,0,0,561,1,233
C01332,CLI01990,2026-01-21,1,12,137.36,2694.76,Loja física,83,0.05097299945078597,4,4,1021.1125000000001,2,1,1,0,222.0,2,2,0,1,1,0.5,1.0,2,2,2.0,2.0,0,0,0,0,704,1,86
C01333,CLI00419,2025-06-21,1,6,587.72,3491.93,Loja física,173,0.1683080703221428,1,2,482.185,0,1,1,0,198.0,5,5,0,2,2,0.4,5.6,17,28,14.0,17.0,0,0,0,0,602,1,174
C01334,CLI00126,2025-08-26,1,12,249.56,1867.14,Loja física,353,0.1336589650481485,1,1,810.84,0,0,1,0,124.0,11,11,0,5,5,0.45454545454545453,4.545454545454546,19,50,10.0,19.0,1,1,0,0,659,1,354
C01335,CLI00823,2024-12-13,1,6,369.69,2422.87,Loja física,173,0.15258350633752535,1,0,,0,0,0,0,,5,5,0,0,0,0.0,0.0,0,0,,,0,2,0,0,733,1,175
C01336,CLI01187,2026-01-31,0,18,116.44,3539.24,Loja física,143,0.032899718583650726,2,2,381.195,1,1,0,0,523.0,4,4,0,1,1,0.25,6.0,24,24,24.0,24.0,0,0,0,0,782,1,143
C01337,CLI00634,2025-04-26,0,10,567.31,1907.2,Loja física,293,0.297457005033557,1,2,552.275,1,0,0,1,151.0,9,9,0,4,4,0.4444444444444444,6.0,25,54,13.5,25.0,1,1,1,0,521,1,296
C01338,CLI00552,2025-06-11,1,12,172.49,5760.96,Loja física,353,0.029941190357162698,1,3,822.2633333333333,0,1,1,1,517.0,11,11,0,7,7,0.6363636363636364,6.454545454545454,25,71,10.142857142857142,25.0,0,1,0,0,600,1,356
C01339,CLI01734,2026-02-02,0,12,210.72,5196.85,Loja física,233,0.040547639435427225,5,6,1092.5716666666667,2,2,2,0,115.0,7,7,0,2,2,0.2857142857142857,1.0,5,7,3.5,5.0,0,0,0,0,554,1,235
C01340,CLI02596,2026-01-15,0,24,51.28,2378.32,Loja física,413,0.02156143832621346,3,4,703.1875,0,3,0,1,130.0,13,13,0,6,6,0.46153846153846156,5.769230769230769,23,75,12.5,23.0,1,0,0,0,605,1,415
C01341,CLI01988,2026-01-12,1,18,53.47,2421.34,Loja física,143,0.022082813648640832,2,2,1436.225,0,0,2,0,715.0,4,4,0,3,3,0.75,12.0,24,48,16.0,24.0,0,1,0,0,621,1,146
C01342,CLI02443,2026-01-01,1,10,322.45,3059.3,Site,293,0.10539992808812472,1,1,351.21,1,0,0,0,420.0,9,9,0,7,7,0.7777777777777778,9.666666666666666,19,87,12.428571428571429,19.0,0,0,0,0,721,1,294
C01343,CLI01627,2026-01-10,1,24,288.74,3063.59,Site,323,0.0942489040635333,3,3,872.2700000000001,1,0,0,2,74.0,10,10,0,4,4,0.4,3.2,20,32,8.0,20.0,2,0,0,0,702,1,325
C01344,CLI00102,2026-01-22,0,10,101.0,2562.55,Loja física,293,0.03941386509531521,1,0,,0,0,0,0,,9,9,0,0,0,0.0,0.0,0,0,,,0,0,0,0,718,1,295
C01345,CLI00190,2026-02-03,0,24,242.16,2962.15,Televendas,503,0.08175143054875682,3,3,1020.4633333333333,0,1,0,2,138.0,16,16,0,11,11,0.6875,4.25,21,68,6.181818181818182,21.0,0,0,1,0,675,1,505
C01346,CLI00921,2026-01-16,1,18,162.23,4354.85,Loja física,293,0.037252718233693465,4,1,703.29,0,0,0,1,628.0,9,9,0,4,4,0.4444444444444444,2.7777777777777777,14,25,6.25,14.0,1,0,0,0,772,1,295
C01347,CLI02371,2025-09-11,1,12,670.76,5555.76,Loja física,353,0.12073235704926058,1,1,424.38,0,0,0,1,532.0,11,11,0,9,9,0.8181818181818182,10.818181818181818,23,119,13.222222222222221,23.0,1,1,0,0,536,1,353
C01348,CLI01675,2026-01-27,1,12,174.26,9483.73,Televendas,143,0.01837462686095028,2,5,654.1020000000001,0,0,4,1,263.0,4,4,0,2,2,0.5,2.5,9,10,5.0,9.0,0,0,0,0,837,1,144
C01349,CLI00897,2026-02-01,0,24,150.11,3972.0,Loja física,443,0.037792044310171205,2,1,740.14,0,1,0,0,564.0,14,14,0,3,3,0.21428571428571427,3.142857142857143,26,44,14.666666666666666,26.0,0,0,0,0,523,1,446
C01350,CLI01350,2026-01-30,0,24,65.34,2394.9,Loja física,143,0.027282976324689966,2,3,771.3000000000001,1,0,1,1,270.0,4,4,0,3,3,0.75,5.0,16,20,6.666666666666667,16.0,0,0,0,0,620,1,144
C01351,CLI01219,2025-09-21,1,12,97.53,2867.15,Loja física,353,0.034016357707130775,2,2,965.1550000000001,1,1,0,0,764.0,11,11,0,2,2,0.18181818181818182,2.1818181818181817,20,24,12.0,20.0,1,0,0,1,869,1,356
C01352,CLI02541,2026-01-28,0,12,123.1,3668.73,Loja física,263,0.033553845608698375,2,3,1224.98,2,0,1,0,215.0,8,8,0,3,3,0.375,0.625,2,5,1.6666666666666667,2.0,0,1,0,1,844,1,263
C01353,CLI02410,2026-01-15,1,10,1165.25,3637.63,Loja física,113,0.3203321943133304,2,1,287.83,0,0,1,0,857.0,3,3,0,3,3,1.0,12.0,19,36,12.0,19.0,0,2,0,0,619,1,114
C01354,CLI01389,2025-12-07,1,6,617.05,1807.23,Loja física,173,0.3414341284728562,3,2,1920.445,0,0,1,1,371.0,5,5,0,5,5,1.0,14.6,18,73,14.6,18.0,0,1,0,0,485,1,174
C01356,CLI00377,2025-09-13,1,6,454.6,4413.93,Televendas,173,0.10299211813508596,1,2,1735.3400000000001,1,1,0,0,455.0,5,5,0,1,1,0.2,4.0,20,20,20.0,20.0,0,0,0,0,697,1,176
C01357,CLI02507,2025-07-26,0,12,212.82,2461.04,Loja física,353,0.08647563631635406,1,1,1057.99,0,0,1,0,343.0,11,11,0,4,4,0.36363636363636365,4.818181818181818,26,53,13.25,26.0,1,0,0,0,549,1,355
C01358,CLI02047,2025-10-11,0,12,142.61,1716.46,Loja física,353,0.08308378872796338,1,4,515.21,2,0,2,0,125.0,11,11,0,2,2,0.18181818181818182,0.5454545454545454,4,6,3.0,4.0,0,0,0,0,685,1,356
C01359,CLI01084,2026-01-25,0,12,55.04,2088.49,Loja física,83,0.02635396865678074,1,4,646.2075,2,1,1,0,202.0,2,2,0,0,0,0.0,0.0,0,0,,,0,0,0,0,660,1,84
C01360,CLI01290,2026-01-30,0,12,194.1,2730.83,Site,173,0.07107729151942815,1,0,,0,0,0,0,,5,5,0,1,1,0.2,4.6,23,23,23.0,23.0,0,1,0,0,677,1,176
C01361,CLI00981,2026-01-14,1,10,400.32,3375.39,Loja física,203,0.11859962848737479,2,3,1761.24,1,0,0,2,233.0,6,6,0,3,3,0.5,7.5,19,45,15.0,19.0,0,0,0,0,627,1,205
C01362,CLI01878,2025-06-29,0,6,340.09,5686.92,Loja física,173,0.0598021424602421,1,2,989.23,0,0,1,1,67.0,5,5,0,1,1,0.2,0.2,1,1,1.0,1.0,0,0,0,0,723,1,175
C01363,CLI01726,2026-01-18,1,24,69.72,2113.35,Loja física,233,0.03299027610192349,2,3,1867.7733333333333,1,2,0,0,163.0,7,7,0,6,6,0.8571428571428571,5.571428571428571,24,39,6.5,24.0,1,1,0,0,710,1,233
C01364,CLI02027,2025-11-20,0,6,144.15,5378.61,Loja física,173,0.026800604617178047,1,1,1463.52,1,0,0,0,281.0,5,5,0,0,0,0.0,0.0,0,0,,,1,0,0,0,818,1,174
C01365,CLI02236,2025-11-22,0,12,416.35,3770.76,Loja física,353,0.11041540697366048,3,5,762.126,3,0,1,1,157.0,11,11,0,4,4,0.36363636363636365,1.5454545454545454,12,17,4.25,12.0,0,0,0,0,722,1,356
C01366,CLI02187,2025-07-27,0,6,173.26,6776.65,Site,173,0.02556720503493614,1,1,545.07,0,1,0,0,74.0,5,5,0,2,2,0.4,5.8,26,29,14.5,26.0,0,0,0,0,782,1,175
C01367,CLI01558,2025-07-20,1,6,263.94,1591.32,Televendas,173,0.16586230299374105,1,1,480.19,0,0,0,1,651.0,5,5,0,3,3,0.6,11.8,26,59,19.666666666666668,26.0,0,0,1,0,738,1,173
C01368,CLI02482,2026-01-29,0,10,103.56,3451.56,Loja física,233,0.030003824357681744,1,2,1156.21,0,0,1,1,70.0,7,7,0,2,2,0.2857142857142857,1.5714285714285714,9,11,5.5,9.0,0,0,0,1,713,1,235
C01369,CLI00164,2026-01-21,1,18,143.3,2126.59,Loja física,503,0.06738487437634899,3,7,412.61428571428576,0,2,1,4,193.0,16,16,0,5,5,0.3125,1.5625,11,25,5.0,11.0,0,0,0,0,733,1,505
C01370,CLI02675,2026-02-06,0,10,244.58,1639.93,Site,83,0.14914051209502846,3,6,583.1116666666667,1,0,2,3,91.0,2,2,0,0,0,0.0,0.0,0,0,,,0,0,0,0,759,1,83
C01371,CLI00910,2026-01-11,0,18,62.92,5677.67,Site,83,0.011082010754411582,1,0,,0,0,0,0,,2,2,0,1,1,0.5,5.0,10,10,10.0,10.0,0,0,0,0,700,1,84
C01372,CLI02731,2026-02-03,0,6,147.98,3951.09,Televendas,83,0.03745295601973126,2,1,689.55,1,0,0,0,387.0,2,2,0,0,0,0.0,0.0,0,0,,,0,0,0,0,646,1,83
C01373,CLI02079,2026-02-04,1,6,450.86,2947.01,Televendas,173,0.15298896169337736,4,6,369.46166666666664,2,1,1,2,129.0,5,5,0,1,1,0.2,2.6,13,13,13.0,13.0,0,0,0,0,710,1,174
C01374,CLI01288,2025-10-23,1,12,125.22,3014.32,Loja física,353,0.04154170758247299,2,1,533.76,0,0,0,1,348.0,11,11,0,7,7,0.6363636363636364,5.909090909090909,19,65,9.285714285714286,19.0,0,1,0,0,657,1,355
C01375,CLI01818,2026-01-15,0,12,119.1,2840.09,Televendas,263,0.041935290783038565,4,4,648.315,1,2,0,1,229.0,8,8,0,3,3,0.375,2.5,17,20,6.666666666666667,17.0,0,1,0,0,752,1,266
C01376,CLI00084,2025-04-11,0,10,192.66,2757.45,Site,293,0.06986890061469836,2,4,908.8599999999999,1,0,1,2,407.0,9,9,0,3,3,0.3333333333333333,0.8888888888888888,5,8,2.6666666666666665,5.0,0,0,1,0,794,1,294
C01377,CLI00277,2026-01-31,1,18,99.06,4103.93,Loja física,83,0.024137838608358327,1,2,187.36,2,0,0,0,522.0,2,2,0,1,1,0.5,1.0,2,2,2.0,2.0,0,0,0,0,798,1,85
C01378,CLI00969,2026-01-24,0,18,150.5,5937.3,Loja física,323,0.025348222255907566,2,1,572.65,0,1,0,0,880.0,10,10,0,2,2,0.2,0.4,2,4,2.0,2.0,0,0,0,0,958,1,325
C01379,CLI02596,2025-03-03,0,6,273.46,3367.64,Loja física,173,0.08120226627549262,3,3,609.41,0,2,0,1,211.0,5,5,0,1,1,0.2,0.4,2,2,2.0,2.0,0,0,1,0,676,1,174
C01380,CLI00764,2025-12-08,1,6,595.22,2923.35,Loja física,173,0.2036088733815657,3,3,1464.26,2,1,0,0,236.0,5,5,0,3,3,0.6,7.2,25,36,12.0,25.0,0,0,0,0,463,1,176
C01381,CLI00158,2026-01-10,0,12,259.06,2266.89,Loja física,233,0.11427991653763526,1,0,,0,0,0,0,,7,7,0,5,5,0.7142857142857143,4.285714285714286,16,30,6.0,16.0,0,0,0,0,596,1,233
C01382,CLI00379,2026-01-12,0,6,95.43,4014.14,Site,143,0.023773460816015387,1,3,969.5300000000001,0,1,2,0,25.0,4,4,0,2,2,0.5,7.0,26,28,14.0,26.0,1,0,0,0,751,1,145
C01383,CLI02695,2026-02-03,0,12,80.09,1139.29,Loja física,143,0.07029816815736117,1,0,,0,0,0,0,,4,4,0,3,3,0.75,4.25,7,17,5.666666666666667,7.0,0,0,0,0,746,1,143
C01384,CLI00007,2025-07-05,1,12,222.92,2147.7,Televendas,353,0.10379475718210178,1,0,,0,0,0,0,,11,11,0,11,11,1.0,13.454545454545455,26,148,13.454545454545455,26.0,0,0,0,0,545,1,356
C01385,CLI00962,2026-01-10,0,24,58.58,4469.78,Loja física,113,0.013105790441587729,2,5,713.104,2,2,1,0,25.0,3,3,0,0,0,0.0,0.0,0,0,,,0,0,1,0,735,1,113
C01386,CLI00296,2025-04-22,0,10,85.99,,Site,293,,2,5,938.2360000000001,1,1,0,3,160.0,9,9,0,3,3,0.3333333333333333,0.4444444444444444,2,4,1.3333333333333333,2.0,1,0,0,0,668,1,296
C01387,CLI01197,2026-01-16,1,10,118.11,3533.39,Loja física,263,0.03342682240001811,1,4,1362.3474999999999,2,1,0,1,61.0,8,8,0,5,5,0.625,5.75,20,46,9.2,20.0,0,0,0,0,650,1,266
C01388,CLI01671,2026-01-09,0,12,90.71,1950.2,Loja física,233,0.04651317813557584,2,1,1374.7,0,0,1,0,684.0,7,7,0,3,3,0.42857142857142855,2.0,10,14,4.666666666666667,10.0,0,0,0,0,691,1,236
C01389,CLI00820,2026-01-08,0,18,163.63,3568.85,Loja física,323,0.0458495033414125,1,0,,0,0,0,0,,10,10,0,4,4,0.4,5.0,26,50,12.5,26.0,1,1,0,0,830,1,324
C01390,CLI02642,2026-01-24,0,12,76.94,3589.21,Loja física,293,0.021436472092744643,1,0,,0,0,0,0,,9,9,0,5,5,0.5555555555555556,7.444444444444445,18,67,13.4,18.0,0,1,0,0,767,1,296
C01391,CLI00291,2025-12-15,0,12,184.07,3682.45,Loja física,353,0.04998574318728021,2,2,568.375,1,0,0,1,561.0,11,11,0,4,4,0.36363636363636365,1.2727272727272727,9,14,3.5,9.0,0,0,0,1,741,1,355
C01392,CLI01715,2025-07-11,1,6,187.78,1258.66,Loja física,173,0.14919040884750448,3,3,848.2333333333332,1,1,1,0,469.0,5,5,0,4,4,0.8,8.2,22,41,10.25,22.0,0,0,0,0,601,1,175
C01396,CLI00638,2026-01-20,0,10,432.88,2991.95,Loja física,83,0.14468156219188155,1,2,346.62,0,0,2,0,288.0,2,1,1,2,1,1.0,12.0,23,24,1.0,1.0,0,0,0,0,745,1,85
C01397,CLI02711,2026-01-13,0,18,134.24,3967.32,Loja física,143,0.033836443745399916,2,3,1386.4866666666667,2,0,1,0,142.0,4,4,0,1,1,0.25,0.5,2,2,2.0,2.0,0,0,0,0,716,1,143
C01399,CLI02599,2025-06-26,1,10,300.51,2874.09,Loja física,293,0.10455831237017629,2,0,,0,0,0,0,,9,9,0,7,7,0.7777777777777778,8.222222222222221,24,74,10.571428571428571,24.0,0,1,1,0,652,1,296
C01400,CLI00381,2025-07-27,0,6,680.51,6763.72,Loja física,173,0.10061179351008025,1,2,782.74,0,0,1,1,152.0,5,5,0,0,0,0.0,0.0,0,0,,,0,0,0,0,651,1,176
C01402,CLI01466,2026-01-31,0,18,172.79,2654.09,Loja física,203,0.06510329340753328,2,4,2327.785,1,1,2,0,95.0,6,6,0,3,3,0.5,0.6666666666666666,2,4,1.3333333333333333,2.0,0,0,0,0,836,1,204
C01403,CLI02545,2026-02-06,1,12,91.25,2965.24,Loja física,173,0.030773225775991155,2,1,492.78,1,0,0,0,106.0,5,5,0,2,2,0.4,7.4,20,37,18.5,20.0,0,0,0,0,764,1,174
C01404,CLI02139,2025-09-11,1,6,280.35,2264.18,Loja física,173,0.12381966098101743,1,1,369.93,1,0,0,0,305.0,5,5,0,5,5,1.0,9.4,21,47,9.4,21.0,0,0,1,0,475,1,174
C01405,CLI02136,2025-05-02,0,6,78.89,3009.28,Site,173,0.026215573160357292,2,2,1482.21,0,0,1,1,175.0,5,5,0,2,2,0.4,0.6,2,3,1.5,2.0,0,0,0,0,594,1,175
C01406,CLI01797,2025-03-05,0,6,136.3,5073.96,Loja física,173,0.026862647714999726,4,7,887.3514285714285,0,2,4,1,10.0,5,5,0,3,3,0.6,0.8,2,4,1.3333333333333333,2.0,0,0,0,0,657,1,174
C01407,CLI00936,2026-01-09,0,12,169.66,2874.16,Site,173,0.05902942076989451,3,3,445.91333333333336,0,1,0,2,165.0,5,5,0,1,1,0.2,0.2,1,1,1.0,1.0,0,0,0,0,894,1,173
C01408,CLI00330,2025-10-14,1,6,144.69,1675.81,Site,173,0.0863403369117024,1,0,,0,0,0,0,,5,5,0,3,3,0.6,5.2,23,26,8.666666666666666,23.0,0,0,0,0,559,1,173
C01409,CLI02779,2026-01-23,1,24,65.05,2737.27,Site,473,0.023764553734195018,2,6,558.375,0,4,1,1,71.0,15,15,0,5,5,0.3333333333333333,1.4,15,21,4.2,15.0,0,1,0,0,654,1,474
C01411,CLI02470,2025-08-01,1,10,176.81,1693.32,Televendas,293,0.10441617650532682,1,2,717.355,2,0,0,0,353.0,9,9,0,4,4,0.4444444444444444,6.333333333333333,22,57,14.25,22.0,0,0,0,0,781,1,295
C01415,CLI00562,2026-01-29,0,6,472.91,2729.42,Loja física,143,0.17326391687611287,2,3,822.7800000000001,3,0,0,0,417.0,4,4,0,3,3,0.75,11.75,17,47,15.666666666666666,17.0,0,0,0,0,806,1,145
C01418,CLI02366,2025-11-21,1,12,301.33,969.29,Loja física,353,0.3108770337050831,3,0,,0,0,0,0,,11,11,0,9,9,0.8181818181818182,8.0,21,88,9.777777777777779,21.0,1,1,0,0,651,1,356
C01419,CLI02297,2025-07-03,1,10,301.98,900.0,Loja física,293,0.33553333333333335,2,2,528.885,0,2,0,0,381.0,9,9,0,6,6,0.6666666666666666,8.222222222222221,25,74,12.333333333333334,25.0,2,0,0,0,548,1,295
C01420,CLI01644,2025-06-04,1,12,278.52,4262.81,Site,353,0.0653371836886936,1,0,,0,0,0,0,,11,11,0,6,6,0.5454545454545454,2.8181818181818183,16,31,5.166666666666667,16.0,0,0,0,0,849,1,354
C01421,CLI02449,2024-12-28,0,6,536.93,6303.49,Loja física,173,0.08517979722344288,3,2,176.46,0,1,0,1,430.0,5,5,0,2,2,0.4,5.0,23,25,12.5,23.0,0,0,0,0,804,1,174
C01422,CLI02700,2025-07-05,1,10,141.95,4930.91,Loja física,293,0.02878778967776739,1,3,839.1333333333333,1,2,0,0,30.0,9,9,0,7,7,0.7777777777777778,7.555555555555555,24,68,9.714285714285714,24.0,1,0,1,0,714,1,294
C01425,CLI00345,2025-03-07,0,6,563.94,3858.92,Site,173,0.14613933432152001,1,0,,0,0,0,0,,5,5,0,3,3,0.6,1.0,2,5,1.6666666666666667,2.0,0,0,0,0,770,1,173
C01426,CLI01076,2025-02-16,0,6,223.77,4258.44,Loja física,173,0.05254741172823852,1,0,,0,0,0,0,,5,5,0,2,2,0.4,0.8,2,4,2.0,2.0,0,0,0,0,801,1,176
C01427,CLI01024,2025-10-27,1,6,140.06,2536.68,Loja física,173,0.05521390163520823,1,2,1013.2750000000001,0,0,1,1,286.0,5,5,0,2,2,0.4,4.0,18,20,10.0,18.0,2,0,0,0,593,1,176
C01428,CLI02696,2025-06-24,1,6,772.12,2242.99,Televendas,173,0.34423693373577235,2,4,1136.4875,1,0,2,1,164.0,5,5,0,5,5,1.0,15.4,23,77,15.4,23.0,0,1,0,0,682,1,173
C01429,CLI02410,2026-02-03,0,12,282.77,5025.8,Site,203,0.056263679414222605,2,1,287.83,0,0,1,0,876.0,6,6,0,3,3,0.5,4.166666666666667,20,25,8.333333333333334,20.0,1,0,1,0,812,1,204
C01431,CLI02226,2025-03-15,0,6,230.69,2507.69,Televendas,173,0.09199302944143814,1,0,,0,0,0,0,,5,5,0,1,1,0.2,3.4,17,17,17.0,17.0,0,0,0,0,782,1,175
C01432,CLI02622,2026-01-10,1,12,546.02,2817.07,Site,293,0.19382549954385228,1,1,1095.67,0,0,1,0,562.0,9,9,0,4,4,0.4444444444444444,3.888888888888889,17,35,8.75,17.0,0,0,0,1,630,1,295
C01433,CLI02604,2026-01-09,0,10,427.76,2566.22,Loja física,263,0.16668874843154524,4,8,1058.71375,2,3,0,3,9.0,8,8,0,5,5,0.625,7.875,24,63,12.6,24.0,0,0,1,0,776,1,263
C01434,CLI00915,2026-01-10,1,24,138.57,7269.47,Site,413,0.019061912353995545,2,0,,0,0,0,0,,13,13,0,9,9,0.6923076923076923,10.846153846153847,26,141,15.666666666666666,26.0,0,0,0,0,781,1,414
C01435,CLI00214,2026-01-07,1,12,125.88,1396.02,Loja física,353,0.09017062792796665,4,5,840.5380000000001,1,1,2,1,102.0,11,11,0,8,8,0.7272727272727273,9.363636363636363,23,103,12.875,23.0,0,0,0,0,492,1,356
C01436,CLI02335,2025-08-31,1,12,115.14,3457.18,Loja física,353,0.03330460085966019,1,2,998.59,0,1,1,0,116.0,11,11,0,5,5,0.45454545454545453,1.6363636363636365,13,18,3.6,13.0,0,0,0,0,649,1,355
C01437,CLI02197,2025-07-08,1,12,306.3,2177.81,Loja física,353,0.14064587819874094,1,1,1439.96,0,1,0,0,520.0,11,11,0,7,7,0.6363636363636364,8.0,22,88,12.571428571428571,22.0,0,0,0,0,624,1,354
C01438,CLI00476,2025-11-23,0,12,216.26,5576.75,Loja física,353,0.0387788586542341,2,1,402.43,0,1,0,0,59.0,11,11,0,3,3,0.2727272727272727,0.45454545454545453,2,5,1.6666666666666667,2.0,0,2,0,0,857,1,354
C01439,CLI02181,2025-10-10,0,12,61.08,4164.99,Site,353,0.014665101236737664,1,1,2785.91,0,0,1,0,779.0,11,11,0,3,3,0.2727272727272727,0.45454545454545453,2,5,1.6666666666666667,2.0,0,1,0,0,820,1,355
C01440,CLI00395,2026-02-02,0,10,208.56,2624.54,Televendas,143,0.07946535392868846,3,4,776.36,0,0,2,2,90.0,4,4,0,0,0,0.0,0.0,0,0,,,0,0,0,0,738,1,143
C01441,CLI01492,2026-02-01,1,18,51.36,2354.27,Loja física,533,0.02181567959494875,2,4,859.4200000000001,1,1,1,1,76.0,17,17,0,9,9,0.5294117647058824,5.705882352941177,19,97,10.777777777777779,19.0,0,0,0,0,649,1,536
C01442,CLI00061,2026-01-17,1,12,104.88,1968.43,Loja física,293,0.053281041235908815,1,1,2758.89,0,1,0,0,774.0,9,9,0,3,3,0.3333333333333333,5.777777777777778,24,52,17.333333333333332,24.0,0,0,0,0,638,1,294
C01443,CLI02377,2026-01-27,1,18,85.47,2252.19,Televendas,353,0.03794972893050764,1,4,1381.75,0,2,1,1,350.0,11,11,0,4,4,0.36363636363636365,1.6363636363636365,13,18,4.5,13.0,2,0,1,0,781,1,355
C01444,CLI02292,2026-01-14,0,18,49.34,2184.19,Televendas,173,0.02258960987826151,1,3,721.0566666666667,0,2,1,0,57.0,5,5,0,1,1,0.2,0.4,2,2,2.0,2.0,0,0,0,0,621,1,174
C01445,CLI01668,2025-07-23,1,12,167.15,2407.53,Loja física,353,0.0694280029740024,3,7,1003.8085714285714,4,0,2,1,25.0,11,11,0,5,5,0.45454545454545453,7.545454545454546,25,83,16.6,25.0,0,0,0,0,722,1,354
C01446,CLI01475,2026-02-06,1,12,120.36,1461.32,Site,173,0.08236389018147976,1,0,,0,0,0,0,,5,5,0,3,3,0.6,6.4,12,32,10.666666666666666,12.0,1,0,0,0,545,1,176
C01447,CLI02347,2025-11-06,0,12,143.75,1113.14,Loja física,353,0.129139191835708,2,2,1010.335,0,1,0,1,625.0,11,11,0,8,8,0.7272727272727273,3.3636363636363638,17,37,4.625,17.0,0,1,1,1,695,1,355
C01448,CLI00656,2026-01-24,1,10,243.87,2356.64,Loja física,203,0.10348207617625094,2,2,694.64,0,1,0,1,274.0,6,6,0,3,3,0.5,7.333333333333333,24,44,14.666666666666666,24.0,0,0,0,0,581,1,206
C01449,CLI00338,2025-05-22,0,10,153.11,2039.5,Site,293,0.07507232164746262,2,7,726.2299999999999,1,2,4,0,70.0,9,9,0,3,3,0.3333333333333333,5.333333333333333,18,48,16.0,18.0,0,0,0,0,650,1,296
C01450,CLI00173,2026-01-20,0,12,123.12,5248.39,Site,353,0.023458622549010266,2,3,758.11,1,0,0,2,167.0,11,11,0,4,4,0.36363636363636365,2.1818181818181817,18,24,6.0,18.0,0,0,0,0,719,1,355
C01451,CLI01394,2026-01-26,0,18,231.42,3101.96,Loja física,173,0.07460444364208435,2,2,1768.6499999999999,1,1,0,0,397.0,5,5,0,1,1,0.2,1.4,7,7,7.0,7.0,0,1,0,0,620,1,174
C01452,CLI02752,2025-07-01,0,12,77.71,2544.78,Site,353,0.030537020881962286,2,2,834.7049999999999,1,0,1,0,61.0,11,11,0,1,1,0.09090909090909091,0.18181818181818182,2,2,2.0,2.0,0,0,0,0,828,1,353
C01453,CLI02241,2025-11-28,0,12,31.67,2690.88,Televendas,353,0.011769383993340468,3,4,695.1925,1,1,0,2,196.0,11,11,0,6,6,0.5454545454545454,5.818181818181818,25,64,10.666666666666666,25.0,1,0,0,0,739,1,355
C01454,CLI01610,2025-10-24,1,12,263.67,1892.87,Loja física,353,0.13929641232625592,2,2,435.06,0,0,1,1,415.0,11,11,0,6,6,0.5454545454545454,5.545454545454546,24,61,10.166666666666666,24.0,1,0,0,0,491,1,355
C01455,CLI02403,2026-01-09,0,18,88.59,2627.36,Loja física,173,0.03371825710979843,1,1,1578.27,0,0,1,0,305.0,5,5,0,0,0,0.0,0.0,0,0,,,0,0,0,1,836,1,175
C01457,CLI00085,2026-01-31,1,12,194.65,5373.69,Loja física,173,0.036222781738433,4,5,1354.6,0,1,1,3,85.0,5,5,0,1,1,0.2,4.6,23,23,23.0,23.0,0,0,1,0,730,1,173
C01458,CLI00850,2026-01-14,0,10,74.5,3062.51,Televendas,143,0.024326451178934925,1,1,927.68,0,0,1,0,557.0,4,4,0,0,0,0.0,0.0,0,0,,,0,0,0,0,697,1,144
C01459,CLI02763,2026-01-27,0,12,145.05,4779.75,Loja física,263,0.030346775458967523,2,1,582.84,0,0,0,1,621.0,8,8,0,2,2,0.25,0.25,1,2,1.0,1.0,0,0,0,0,839,1,265
C01460,CLI01681,2025-12-06,0,10,254.17,1824.31,Site,293,0.13932390876550585,1,1,528.73,1,0,0,0,427.0,9,9,0,3,3,0.3333333333333333,1.3333333333333333,10,12,4.0,10.0,0,1,1,0,792,1,295
C01462,CLI02056,2026-01-14,1,12,218.2,4132.82,Loja física,323,0.052796879612468,1,1,1110.54,0,0,1,0,874.0,10,10,0,7,7,0.7,6.5,22,65,9.285714285714286,22.0,1,0,0,0,629,1,325
C01463,CLI02007,2026-01-16,0,18,139.98,4416.98,Loja física,173,0.03169133661460998,1,4,1486.2125,0,2,2,0,407.0,5,5,0,4,4,0.8,6.4,16,32,8.0,16.0,0,0,0,0,708,1,175
C01464,CLI01276,2026-01-25,0,6,219.43,4093.36,Loja física,83,0.05360632829753552,3,4,1355.5375,1,1,1,1,127.0,2,2,0,0,0,0.0,0.0,0,0,,,0,0,0,0,745,1,86
C01465,CLI00543,2025-05-22,1,6,204.15,1336.79,Televendas,173,0.1527165822604897,1,1,1033.13,1,0,0,0,638.0,5,5,0,3,3,0.6,7.6,23,38,12.666666666666666,23.0,0,0,0,0,655,1,174
C01466,CLI02434,2026-01-15,0,10,132.87,4004.12,Loja física,83,0.03318332117918544,3,6,735.0316666666666,1,1,1,3,154.0,2,2,0,0,0,0.0,0.0,0,0,,,0,0,0,0,711,1,85
C01467,CLI00729,2024-12-11,1,6,290.76,2609.64,Loja física,173,0.11141766680461673,1,3,1338.0333333333335,0,1,1,1,276.0,5,5,0,2,2,0.4,2.8,12,14,7.0,12.0,0,0,0,1,635,1,174
C01469,CLI01347,2026-01-12,1,12,232.21,2187.74,Loja física,233,0.106141497618547,2,2,729.115,2,0,0,0,327.0,7,7,0,1,1,0.14285714285714285,3.142857142857143,22,22,22.0,22.0,0,0,0,0,664,1,233
C01470,CLI00921,2025-12-21,1,18,37.34,4283.47,Site,533,0.008717231590276108,4,1,703.29,0,0,0,1,602.0,17,17,0,5,5,0.29411764705882354,2.8823529411764706,17,49,9.8,17.0,1,1,0,0,644,1,534
C01471,CLI00338,2026-01-18,1,18,165.46,3843.35,Loja física,293,0.04305098416745808,4,8,1063.15625,1,2,4,1,105.0,9,9,0,8,8,0.8888888888888888,6.222222222222222,22,56,7.0,22.0,0,0,0,0,635,1,293
C01472,CLI02710,2026-01-11,0,18,142.0,3206.2,Site,143,0.04428918969496601,1,3,971.3833333333333,1,0,1,1,645.0,4,4,0,1,1,0.25,0.25,1,1,1.0,1.0,0,1,1,0,702,1,143
C01473,CLI00311,2026-01-27,0,24,60.05,5904.78,Loja física,413,0.010169726899224019,2,2,738.565,0,1,0,1,297.0,13,13,0,2,2,0.15384615384615385,0.23076923076923078,2,3,1.5,2.0,0,0,0,0,706,1,414
C01474,CLI00967,2025-08-01,1,12,121.62,1968.1,Loja física,353,0.06179564046542351,2,3,514.2966666666666,0,2,1,0,150.0,11,11,0,7,7,0.6363636363636364,9.272727272727273,23,102,14.571428571428571,23.0,1,0,0,0,745,1,354
C01476,CLI01300,2025-08-03,0,10,231.99,1816.4,Loja física,293,0.12771966527196651,1,3,809.41,0,2,0,1,212.0,9,9,0,1,1,0.1111111111111111,1.3333333333333333,12,12,12.0,12.0,0,0,0,0,664,1,294
C01477,CLI01818,2026-02-03,0,18,98.06,2334.71,Loja física,293,0.04200093373481075,4,4,648.315,1,2,0,1,248.0,9,9,0,3,3,0.3333333333333333,3.7777777777777777,23,34,11.333333333333334,23.0,1,0,0,0,667,1,294
C01478,CLI01078,2025-05-09,1,10,426.21,1751.54,Site,293,0.24333443712390238,1,1,1348.52,0,1,0,0,109.0,9,9,0,9,9,1.0,13.0,24,117,13.0,24.0,2,1,1,0,693,1,293
C01479,CLI01765,2026-01-10,1,12,460.18,1854.34,Loja física,203,0.24816376716244057,1,2,469.315,0,1,1,0,807.0,6,6,0,5,5,0.8333333333333334,10.166666666666666,20,61,12.2,20.0,1,1,0,0,547,1,203
C01480,CLI02234,2026-01-20,1,12,199.84,2423.39,Site,83,0.08246299605098643,2,1,112.45,0,1,0,0,633.0,2,2,0,0,0,0.0,0.0,0,0,,,0,0,1,0,740,1,85
C01481,CLI02754,2026-01-30,0,18,188.76,4142.85,Loja física,473,0.04556283717730547,3,4,526.75,0,0,1,3,107.0,15,15,0,7,7,0.4666666666666667,2.8666666666666667,23,43,6.142857142857143,23.0,1,1,0,0,575,1,473
C01482,CLI01809,2025-06-02,0,12,45.72,3848.02,Loja física,353,0.011881435127676051,2,4,818.215,1,0,2,1,299.0,11,11,0,3,3,0.2727272727272727,2.0,18,22,7.333333333333333,18.0,0,1,0,0,792,1,355
C01483,CLI00492,2026-01-30,0,12,169.63,2317.25,Loja física,353,0.07320315028589923,1,2,1488.04,1,0,1,0,614.0,11,11,0,4,4,0.36363636363636365,0.5454545454545454,2,6,1.5,2.0,0,0,0,0,939,1,356
C01485,CLI02041,2025-04-30,1,10,154.55,4395.37,Loja física,293,0.03516200001365073,2,1,321.09,0,0,1,0,520.0,9,9,0,7,7,0.7777777777777778,12.11111111111111,25,109,15.571428571428571,25.0,1,2,0,0,610,1,294
C01486,CLI00543,2026-01-28,0,18,97.64,1880.94,Loja física,113,0.05191021510521335,3,1,1033.13,1,0,0,0,889.0,3,3,0,1,1,0.3333333333333333,0.3333333333333333,1,1,1.0,1.0,0,0,0,0,596,1,113
C01487,CLI01389,2026-02-03,1,10,177.13,1350.1,Loja física,143,0.13119768906006962,3,3,1322.3233333333333,0,0,1,2,50.0,4,4,0,3,3,0.75,13.25,26,53,17.666666666666668,26.0,0,0,0,0,629,1,145
C01488,CLI02038,2026-01-13,1,24,23.11,2589.86,Loja física,113,0.008923262261280531,2,3,848.8000000000001,1,1,0,1,98.0,3,3,0,1,1,0.3333333333333333,7.666666666666667,23,23,23.0,23.0,0,0,0,0,712,1,113
C01489,CLI00287,2025-09-23,0,6,184.75,3687.23,Televendas,173,0.050105363646965335,2,2,865.3900000000001,2,0,0,0,582.0,5,5,0,1,1,0.2,0.4,2,2,2.0,2.0,0,0,0,0,776,1,174
C01490,CLI01594,2025-03-23,1,6,919.1,3396.2,Site,173,0.2706259937577292,2,3,522.2066666666666,1,1,1,0,345.0,5,5,0,5,5,1.0,14.8,26,74,14.8,26.0,0,1,1,0,571,1,175
C01491,CLI01314,2025-11-21,1,10,209.73,2627.32,Loja física,293,0.07982659135544964,1,0,,0,0,0,0,,9,9,0,8,8,0.8888888888888888,13.88888888888889,22,125,15.625,22.0,0,0,1,1,564,1,293
C01492,CLI00281,2026-01-20,1,12,336.65,2829.87,Loja física,263,0.11896306190743744,3,3,770.54,1,1,1,0,224.0,8,8,0,1,1,0.125,2.5,20,20,20.0,20.0,0,1,0,0,763,1,263
C01493,CLI02592,2025-01-20,1,6,242.59,2557.34,Loja física,173,0.09486028451437822,1,0,,0,0,0,0,,5,5,0,2,2,0.4,0.6,2,3,1.5,2.0,0,0,0,1,660,1,173
C01494,CLI00978,2026-01-16,1,10,129.17,2761.75,Site,173,0.046771069068525385,2,2,1471.17,0,2,0,0,234.0,5,5,0,3,3,0.6,3.8,14,19,6.333333333333333,14.0,0,0,0,0,717,1,174
C01495,CLI00041,2026-01-16,0,24,315.08,1922.46,Loja física,143,0.16389417725206246,2,7,1876.4257142857143,4,2,1,0,85.0,4,4,0,2,2,0.5,6.5,18,26,13.0,18.0,1,1,1,1,637,1,145
C01496,CLI02435,2025-05-03,1,10,104.72,2614.1,Loja física,293,0.040059676370452546,1,3,2209.1766666666667,2,0,0,1,75.0,9,9,0,2,2,0.2222222222222222,1.5555555555555556,12,14,7.0,12.0,1,0,1,0,664,1,295
C01498,CLI02528,2026-01-31,1,18,271.4,2504.0,Loja física,413,0.10838658146964855,1,0,,0,0,0,0,,13,13,0,11,11,0.8461538461538461,13.23076923076923,26,172,15.636363636363637,26.0,0,0,0,0,619,1,413
C01499,CLI01851,2025-10-11,0,12,242.42,3589.06,Loja física,353,0.06754414804990722,2,4,1464.1125,3,0,0,1,204.0,11,11,0,5,5,0.45454545454545453,4.2727272727272725,26,47,9.4,26.0,0,0,0,0,749,1,355
C01500,CLI01114,2026-02-03,1,18,51.77,4880.62,Loja física,383,0.010607258913826523,3,3,884.9466666666667,1,0,0,2,565.0,12,12,0,8,8,0.6666666666666666,5.833333333333333,22,70,8.75,22.0,1,0,0,0,638,1,384
C01501,CLI00925,2026-01-11,1,24,110.43,2332.85,Site,473,0.047336948367876205,3,5,716.52,2,2,0,1,61.0,15,15,0,11,11,0.7333333333333333,7.533333333333333,26,113,10.272727272727273,26.0,1,0,0,0,573,1,476
C01502,CLI01524,2025-09-10,0,12,199.96,4905.89,Site,353,0.04075916908043189,2,2,230.95,1,0,1,0,465.0,11,11,0,7,7,0.6363636363636364,5.454545454545454,23,60,8.571428571428571,23.0,0,0,0,0,535,1,354
C01503,CLI00276,2026-01-13,0,12,132.63,2541.36,Loja física,173,0.05218859193502691,3,7,845.9857142857143,2,3,2,0,335.0,5,5,0,2,2,0.4,4.6,22,23,11.5,22.0,0,0,0,0,762,1,176
C01504,CLI00781,2025-11-15,1,12,275.62,1972.31,Loja física,353,0.139744766289275,4,5,494.45,1,1,2,1,74.0,11,11,0,6,6,0.5454545454545454,4.0,15,44,7.333333333333333,15.0,0,0,0,0,688,1,355
C01505,CLI02748,2025-07-26,0,10,154.69,2810.05,Loja física,293,0.055048842547285634,1,2,1089.005,2,0,0,0,715.0,9,9,0,2,2,0.2222222222222222,0.3333333333333333,2,3,1.5,2.0,0,0,0,0,807,1,293
C01506,CLI00300,2026-01-29,1,10,253.42,1784.59,Loja física,83,0.14200460610000057,1,2,760.9000000000001,1,0,0,1,158.0,2,2,0,1,1,0.5,1.0,2,2,2.0,2.0,0,0,0,0,600,1,84
C01507,CLI01633,2026-01-18,1,6,144.39,4419.07,Loja física,143,0.03267429572285571,2,4,953.3475,1,2,0,1,359.0,4,4,0,0,0,0.0,0.0,0,0,,,0,0,0,0,796,1,146
C01508,CLI02730,2025-10-30,0,6,210.75,2376.52,Loja física,173,0.08868008684967936,1,0,,0,0,0,0,,5,5,0,3,3,0.6,11.2,24,56,18.666666666666668,24.0,0,0,0,0,664,1,175
C01510,CLI00103,2026-01-13,0,10,128.13,1462.85,Loja física,173,0.08758929486960386,4,5,1141.298,1,0,1,3,157.0,5,5,0,1,1,0.2,0.4,2,2,2.0,2.0,1,0,0,0,684,1,173
C01511,CLI01843,2026-01-21,0,18,116.02,1955.68,Loja física,203,0.059324633886934465,1,1,1678.7,0,0,1,0,246.0,6,6,0,4,4,0.6666666666666666,1.0,2,6,1.5,2.0,0,0,0,0,677,1,205
C01512,CLI01272,2026-01-28,1,24,65.95,2110.84,Loja física,173,0.031243486005571242,1,0,,0,0,0,0,,5,5,0,4,4,0.8,16.0,25,80,20.0,25.0,0,1,1,0,682,1,175
C01513,CLI01604,2025-07-23,0,6,568.71,4567.36,Site,173,0.12451613185735307,3,3,980.2466666666666,0,2,0,1,68.0,5,5,0,0,0,0.0,0.0,0,0,,,0,0,1,0,616,1,175
C01514,CLI01436,2026-01-16,0,12,375.64,3850.82,Televendas,323,0.09754805470003791,1,1,2967.58,1,0,0,0,257.0,10,10,0,4,4,0.4,3.3,26,33,8.25,26.0,0,1,0,2,629,1,323
C01515,CLI02746,2026-01-15,1,10,62.18,2594.41,Televendas,173,0.023966913479365252,5,8,825.5425,2,3,1,2,0.0,5,5,0,3,3,0.6,7.6,20,38,12.666666666666666,20.0,0,0,0,0,633,1,175
C01516,CLI00948,2025-11-29,1,12,149.24,3443.56,Loja física,353,0.04333887023893877,3,2,1687.005,0,0,0,2,382.0,11,11,0,7,7,0.6363636363636364,11.090909090909092,24,122,17.428571428571427,24.0,1,2,0,0,501,1,354
C01520,CLI02459,2026-01-11,1,18,113.72,1393.5,Loja física,443,0.08160746322210262,1,1,1082.97,0,1,0,0,518.0,14,14,0,8,8,0.5714285714285714,8.071428571428571,26,113,14.125,26.0,0,1,1,1,634,1,444
C01521,CLI01237,2026-02-02,0,24,52.49,1492.16,Loja física,533,0.03517719279433841,2,2,450.765,1,1,0,0,27.0,17,17,0,5,5,0.29411764705882354,1.5294117647058822,21,26,5.2,21.0,0,0,1,0,800,1,533
C01522,CLI02022,2025-10-30,1,12,122.49,3199.92,Loja física,353,0.03827908197704943,2,1,1650.26,0,0,1,0,570.0,11,11,0,3,3,0.2727272727272727,1.0,7,11,3.6666666666666665,7.0,1,0,0,0,642,1,356
C01523,CLI00473,2025-07-01,0,12,352.57,2007.45,Site,353,0.17563077536177737,2,6,1403.2883333333332,1,1,1,3,145.0,11,11,0,1,1,0.09090909090909091,0.09090909090909091,1,1,1.0,1.0,0,1,1,0,788,1,355
C01524,CLI01503,2025-12-09,1,12,335.05,2263.34,Loja física,353,0.148033437309463,2,3,1193.4733333333334,1,1,1,0,20.0,11,11,0,8,8,0.7272727272727273,10.545454545454545,24,116,14.5,24.0,0,1,1,0,729,1,353
C01525,CLI02133,2026-01-31,0,6,316.66,4003.39,Loja física,143,0.07909796447510735,3,5,998.958,1,1,1,2,1.0,4,4,0,0,0,0.0,0.0,0,0,,,0,0,0,0,868,1,145
C01526,CLI00552,2026-01-19,1,12,89.18,4061.46,Loja física,83,0.021957621151014663,4,4,1417.1025,0,1,2,1,101.0,2,2,0,1,1,0.5,7.0,14,14,14.0,14.0,0,0,0,0,725,1,86
C01528,CLI00079,2025-12-07,1,6,535.14,2393.27,Loja física,173,0.2236020173235782,3,1,1367.86,0,0,1,0,709.0,5,5,0,2,2,0.4,6.4,20,32,16.0,20.0,0,0,1,0,732,1,176
C01530,CLI01873,2025-12-18,0,10,191.89,5021.02,Loja física,293,0.03821733432649142,2,1,505.88,0,0,1,0,866.0,9,9,0,3,3,0.3333333333333333,0.3333333333333333,1,3,1.0,1.0,0,0,0,0,783,1,296
C01531,CLI00581,2025-12-08,0,6,296.98,4890.04,Loja física,173,0.06073160955738604,3,2,970.8249999999999,0,0,1,1,235.0,5,5,0,4,4,0.8,13.8,24,69,17.25,24.0,0,0,0,0,732,1,173
C01532,CLI00983,2025-06-24,0,12,331.81,1692.2,Loja física,353,0.19608202340148917,1,3,562.2033333333333,0,1,2,0,40.0,11,11,0,8,8,0.7272727272727273,8.0,25,88,11.0,25.0,0,0,0,0,511,1,356
C01533,CLI01501,2026-01-14,0,10,163.16,2493.94,Site,173,0.06542258434445095,1,1,302.47,0,0,0,1,273.0,5,5,0,1,1,0.2,1.2,6,6,6.0,6.0,0,0,0,0,633,1,174
C01534,CLI01543,2025-06-12,1,6,577.54,1754.67,Loja física,173,0.32914451150358753,2,2,2106.06,2,0,0,0,61.0,5,5,0,4,4,0.8,10.2,16,51,12.75,16.0,0,0,1,0,525,1,173
C01535,CLI01533,2025-02-24,1,6,252.88,2348.81,Site,173,0.1076630293638055,1,1,713.12,0,1,0,0,602.0,5,5,0,4,4,0.8,9.6,19,48,12.0,19.0,0,1,0,0,681,1,174
C01536,CLI01422,2026-01-29,0,18,87.37,3035.94,Loja física,443,0.028778566111319723,2,2,955.415,0,1,0,1,313.0,14,14,0,3,3,0.21428571428571427,0.2857142857142857,2,4,1.3333333333333333,2.0,0,0,0,1,800,1,446
C01537,CLI02352,2026-01-20,0,12,117.15,1246.63,Loja física,203,0.0939733521574164,2,4,657.89,1,2,1,0,667.0,6,6,0,4,4,0.6666666666666666,4.5,22,27,6.75,22.0,2,0,0,0,802,1,206
C01539,CLI02147,2025-07-04,0,10,128.79,2509.48,Loja física,293,0.05132138929180547,1,0,,0,0,0,0,,9,9,0,2,2,0.2222222222222222,0.5555555555555556,3,5,2.5,3.0,0,0,0,1,628,1,296
C01541,CLI02301,2026-01-08,0,18,86.29,4619.04,Loja física,263,0.01868137102081818,4,6,965.8183333333333,1,2,1,2,96.0,8,8,0,3,3,0.375,2.375,14,19,6.333333333333333,14.0,0,0,0,0,756,1,263
C01542,CLI02336,2025-12-24,1,18,60.69,2551.94,Loja física,533,0.023781907098129267,2,3,805.0066666666667,1,0,2,0,264.0,17,17,0,12,12,0.7058823529411765,7.882352941176471,24,134,11.166666666666666,24.0,0,0,0,0,686,1,534
C01543,CLI01955,2025-04-20,0,10,318.28,1191.76,Televendas,293,0.26706719473719537,1,1,966.04,1,0,0,0,145.0,9,9,0,2,2,0.2222222222222222,2.0,17,18,9.0,17.0,0,0,0,0,749,1,293
C01544,CLI01787,2025-04-15,1,6,716.18,2089.17,Loja física,173,0.3428059947251779,2,5,528.646,1,2,1,1,139.0,5,5,0,5,5,1.0,11.6,24,58,11.6,24.0,1,1,1,0,431,1,176
C01546,CLI02319,2025-04-21,1,6,181.76,3173.71,Loja física,173,0.0572705130588491,2,2,967.645,0,1,0,1,253.0,5,5,0,1,1,0.2,1.2,6,6,6.0,6.0,0,0,0,0,712,1,176
C01547,CLI00682,2026-01-10,1,18,100.36,2424.85,Televendas,233,0.041388127100645405,2,3,381.5,0,1,1,1,102.0,7,7,0,3,3,0.42857142857142855,1.2857142857142858,6,9,3.0,6.0,0,1,0,0,641,1,234
C01548,CLI00643,2026-01-16,0,12,102.55,3257.76,Loja física,323,0.031478684740435144,1,0,,0,0,0,0,,10,10,0,4,4,0.4,2.8,23,28,7.0,23.0,0,0,0,0,731,1,323
C01549,CLI02261,2025-04-19,1,10,209.39,3683.62,Loja física,293,0.05684353977880454,2,3,787.8266666666667,1,0,1,1,396.0,9,9,0,2,2,0.2222222222222222,0.8888888888888888,7,8,4.0,7.0,0,0,0,0,620,1,295
C01551,CLI00121,2026-02-04,0,18,90.75,2900.53,Televendas,443,0.03128738540887355,3,1,555.31,0,0,0,1,659.0,14,14,0,7,7,0.5,2.357142857142857,24,33,4.714285714285714,24.0,2,0,0,0,836,1,445
C01552,CLI02536,2026-02-04,0,18,148.41,7430.89,Loja física,443,0.01997203565118041,1,0,,0,0,0,0,,14,14,0,9,9,0.6428571428571429,7.357142857142857,25,103,11.444444444444445,25.0,0,0,0,0,618,1,445
C01553,CLI01281,2026-01-21,0,10,69.54,2118.62,Loja física,263,0.03282325287215263,1,3,872.4933333333333,0,1,1,1,225.0,8,8,0,2,2,0.25,0.375,2,3,1.5,2.0,0,0,0,0,905,1,264
C01555,CLI01211,2026-01-16,0,12,121.52,4991.38,Site,113,0.02434597245651503,1,1,250.89,1,0,0,0,646.0,3,3,0,1,1,0.3333333333333333,0.6666666666666666,2,2,2.0,2.0,1,0,0,0,904,1,114
C01557,CLI01458,2026-01-28,0,12,132.67,1631.39,Loja física,233,0.08132328872924315,2,3,685.4333333333334,0,1,1,1,129.0,7,7,0,4,4,0.5714285714285714,4.0,14,28,7.0,14.0,1,0,0,0,655,1,234
C01558,CLI01240,2026-01-22,0,12,55.95,1875.78,Loja física,263,0.029827591721843714,1,1,1920.51,0,0,0,1,706.0,8,8,0,1,1,0.125,1.25,10,10,10.0,10.0,0,0,0,0,821,1,263
C01559,CLI01303,2025-09-06,0,12,109.77,2619.94,Loja física,353,0.04189790605891738,3,8,1486.625,4,2,0,2,73.0,11,11,0,7,7,0.6363636363636364,5.909090909090909,20,65,9.285714285714286,20.0,0,1,0,0,847,1,353
C01560,CLI02525,2026-01-17,0,10,98.47,3842.23,Televendas,233,0.025628346038628607,4,4,1056.8375,0,1,1,2,159.0,7,7,0,1,1,0.14285714285714285,0.2857142857142857,2,2,2.0,2.0,0,0,1,0,770,1,233
C01561,CLI01926,2026-01-27,1,10,62.29,1677.36,Televendas,203,0.037135737110697765,1,0,,0,0,0,0,,6,6,0,2,2,0.3333333333333333,4.166666666666667,19,25,12.5,19.0,0,1,0,0,794,1,203
C01563,CLI02337,2026-01-23,0,12,66.18,4523.97,Loja física,143,0.014628744222441793,2,0,,0,0,0,0,,4,4,0,2,2,0.5,4.75,17,19,9.5,17.0,0,0,0,0,925,1,145
C01564,CLI02188,2025-12-09,0,12,148.94,5839.66,Loja física,353,0.025504909532404283,2,5,926.308,2,2,1,0,69.0,11,11,0,1,1,0.09090909090909091,0.18181818181818182,2,2,2.0,2.0,0,0,1,0,774,1,353
C01565,CLI01094,2025-11-26,0,10,180.5,2168.13,Loja física,293,0.08325146554865252,2,2,860.635,0,1,0,1,459.0,9,9,0,4,4,0.4444444444444444,3.111111111111111,15,28,7.0,15.0,0,2,0,0,557,1,296
C01566,CLI01060,2026-01-26,0,18,53.22,1042.67,Loja física,413,0.0510420363106256,1,4,725.34,1,0,2,1,46.0,13,13,0,1,1,0.07692307692307693,0.15384615384615385,2,2,2.0,2.0,1,1,0,0,783,1,414
C01567,CLI01291,2026-01-27,0,18,60.88,2323.33,Site,473,0.026203767867672697,1,0,,0,0,0,0,,15,15,0,3,3,0.2,3.7333333333333334,25,56,18.666666666666668,25.0,1,1,0,0,602,1,474
C01568,CLI01470,2026-01-31,0,10,164.54,2416.84,Loja física,233,0.06808063421658032,3,2,782.975,1,0,0,1,275.0,7,7,0,2,2,0.2857142857142857,0.42857142857142855,2,3,1.5,2.0,0,0,0,0,818,1,235
C01569,CLI01159,2026-01-10,0,24,93.34,1813.03,Loja física,473,0.05148287673121791,1,2,547.4300000000001,0,0,0,2,47.0,15,15,0,2,2,0.13333333333333333,0.13333333333333333,1,2,1.0,1.0,0,1,0,0,690,1,476
C01570,CLI01465,2024-12-28,1,6,362.98,3317.88,Loja física,173,0.10940118388850711,1,1,201.76,0,0,1,0,74.0,5,5,0,2,2,0.4,0.8,3,4,2.0,3.0,0,0,0,0,762,1,174
C01571,CLI01423,2026-01-28,0,18,117.32,2771.51,Loja física,353,0.04233071502538327,4,3,354.9266666666667,0,2,1,0,113.0,11,11,0,2,2,0.18181818181818182,2.1818181818181817,22,24,12.0,22.0,0,0,0,0,652,1,353
C01572,CLI01156,2026-01-17,0,12,51.75,7419.16,Site,323,0.006975183174375536,3,6,739.6749999999998,3,1,0,2,204.0,10,10,0,2,2,0.2,2.5,15,25,12.5,15.0,0,0,0,0,810,1,324
C01573,CLI01386,2025-04-07,1,10,313.02,3391.02,Site,293,0.09230850894421147,1,1,1931.19,0,0,0,1,817.0,9,9,0,6,6,0.6666666666666666,4.111111111111111,25,37,6.166666666666667,25.0,0,0,2,0,840,1,293
C01574,CLI01656,2025-12-28,0,12,194.37,4536.53,Televendas,353,0.0428455228996612,3,2,435.36,0,0,2,0,240.0,11,11,0,2,2,0.18181818181818182,0.36363636363636365,2,4,2.0,2.0,0,0,0,0,797,1,353
C01575,CLI01592,2025-05-24,1,10,823.15,3483.25,Televendas,293,0.2363166582932606,1,0,,0,0,0,0,,9,8,1,8,7,0.8888888888888888,12.777777777777779,23,115,13.142857142857142,19.0,0,0,1,0,708,1,293
C01576,CLI01230,2026-01-21,0,24,73.38,9533.08,Loja física,533,0.0076974073436916505,1,6,859.2816666666666,2,1,1,2,96.0,17,17,0,2,2,0.11764705882352941,0.23529411764705882,2,4,2.0,2.0,0,0,0,0,672,1,534
C01577,CLI00383,2026-02-02,1,24,102.87,2809.78,Loja física,293,0.03661140729879207,3,5,984.896,1,0,1,3,87.0,9,9,0,5,5,0.5555555555555556,5.333333333333333,25,48,9.6,25.0,1,0,1,0,648,1,296
C01578,CLI02138,2026-01-11,0,24,36.55,5084.87,Loja física,353,0.007187991040085587,1,3,731.7033333333333,0,2,0,1,849.0,11,11,0,5,5,0.45454545454545453,3.6363636363636362,23,40,8.0,23.0,0,1,0,0,718,1,356
C01579,CLI01886,2026-01-24,0,12,88.17,2760.0,Site,263,0.03194565217391304,3,3,560.0566666666667,1,1,1,0,404.0,8,8,0,0,0,0.0,0.0,0,0,,,0,0,0,1,702,1,264
C01580,CLI02271,2025-07-19,0,12,129.2,2383.33,Loja física,353,0.05420986602778465,1,3,514.9366666666666,0,1,1,1,98.0,11,11,0,6,6,0.5454545454545454,0.9090909090909091,2,10,1.6666666666666667,2.0,0,0,1,1,751,1,356
C01581,CLI01100,2026-01-18,0,24,72.68,2381.42,Loja física,473,0.030519605949391543,5,6,782.315,1,2,3,0,85.0,15,15,0,7,7,0.4666666666666667,2.0,17,30,4.285714285714286,17.0,0,0,0,0,666,1,474
C01582,CLI01773,2025-04-24,0,10,200.45,4017.16,Televendas,293,0.049898435710800666,3,4,637.95,2,1,0,1,30.0,9,9,0,2,2,0.2222222222222222,1.6666666666666667,14,15,7.5,14.0,1,1,0,0,902,1,293
C01583,CLI02137,2026-01-23,0,12,75.44,5641.19,Site,233,0.0133730649029726,3,1,187.45,1,0,0,0,583.0,7,7,0,3,3,0.42857142857142855,3.142857142857143,19,22,7.333333333333333,19.0,0,0,0,0,746,1,233
C01584,CLI01337,2026-01-16,0,12,158.27,1578.23,Loja física,143,0.10028322868023039,1,1,690.88,0,0,1,0,448.0,4,4,0,3,3,0.75,1.25,3,5,1.6666666666666667,3.0,0,0,0,0,763,1,145
C01585,CLI00773,2026-01-05,0,12,185.9,3797.18,Loja física,353,0.048957384164037526,4,6,648.7800000000001,3,1,1,1,58.0,11,11,0,9,9,0.8181818181818182,7.636363636363637,25,84,9.333333333333334,25.0,1,0,2,0,751,1,356
C01586,CLI02549,2025-06-23,1,10,293.0,2247.4,Site,293,0.130372875322595,1,2,1161.8899999999999,0,0,1,1,280.0,9,9,0,4,4,0.4444444444444444,5.222222222222222,19,47,11.75,19.0,0,0,0,0,571,1,296
C01587,CLI02111,2026-01-28,1,12,139.26,3229.88,Site,323,0.04311615292208998,1,0,,0,0,0,0,,10,9,1,7,6,0.7,9.7,25,97,12.333333333333334,25.0,0,1,0,0,644,1,325
C01588,CLI01620,2025-08-09,0,10,247.11,3463.36,Loja física,293,0.07134978748960547,2,2,1652.78,1,0,0,1,345.0,9,9,0,6,6,0.6666666666666666,6.555555555555555,18,59,9.833333333333334,18.0,0,1,0,0,649,1,295
C01589,CLI00526,2026-02-04,1,18,116.26,6566.91,Loja física,503,0.017703912494613144,1,0,,0,0,0,0,,16,16,0,11,11,0.6875,8.9375,22,143,13.0,22.0,0,1,0,0,643,1,504
C01590,CLI00333,2026-01-17,0,18,127.63,3916.92,Loja física,413,0.03258427540005923,3,8,946.4200000000001,1,4,2,1,11.0,13,13,0,3,3,0.23076923076923078,1.0,10,13,4.333333333333333,10.0,0,1,0,0,688,1,413
C01591,CLI01315,2025-07-26,1,6,416.13,2173.42,Loja física,173,0.19146322385917125,2,1,681.9,0,1,0,0,383.0,5,5,0,5,5,1.0,11.4,18,57,11.4,18.0,1,0,1,0,590,1,176
C01592,CLI01512,2025-01-18,1,6,833.45,4309.87,Site,173,0.1933817029283946,1,2,1438.22,0,0,2,0,258.0,5,4,1,5,4,1.0,14.2,23,71,12.0,20.0,2,0,0,0,511,1,175
C01593,CLI01953,2026-01-31,0,24,74.86,1503.85,Loja física,113,0.049778900821225526,1,3,942.0366666666667,1,1,1,0,252.0,3,3,0,2,2,0.6666666666666666,13.666666666666666,26,41,20.5,26.0,0,0,0,1,699,1,115
C01594,CLI02711,2026-01-28,0,24,41.27,2975.16,Televendas,533,0.013871522876080615,2,3,1386.4866666666667,2,0,1,0,157.0,17,17,0,5,5,0.29411764705882354,0.4117647058823529,2,7,1.4,2.0,0,0,1,0,869,1,536
C01595,CLI01031,2026-01-21,1,6,186.55,3649.66,Loja física,83,0.05111435037784342,2,1,853.54,0,1,0,0,238.0,2,2,0,1,1,0.5,0.5,1,1,1.0,1.0,0,0,0,1,534,1,86
C01597,CLI00591,2025-05-20,0,6,234.83,1891.76,Loja física,173,0.12413308242060304,1,2,874.175,1,1,0,0,80.0,5,5,0,4,4,0.8,1.6,2,8,2.0,2.0,0,1,0,0,809,1,176
C01598,CLI01520,2026-02-06,1,12,221.97,1690.22,Loja física,173,0.13132609956100388,2,0,,0,0,0,0,,5,4,1,3,2,0.6,6.6,23,33,5.0,8.0,0,0,0,0,844,1,174
C01599,CLI01611,2025-11-05,0,6,250.44,1845.04,Loja física,173,0.13573689459307114,2,4,496.7125,1,0,2,1,213.0,5,5,0,2,2,0.4,1.2,5,6,3.0,5.0,0,0,0,0,866,1,176
C01600,CLI01207,2026-01-23,1,18,71.36,1991.84,Loja física,143,0.03582617077676922,1,1,839.64,0,0,0,1,324.0,4,4,0,4,4,1.0,10.0,21,40,10.0,21.0,0,0,1,0,510,1,143
C01601,CLI01524,2026-01-23,1,12,144.07,1636.02,Televendas,143,0.08806127064461314,2,2,230.95,1,0,1,0,600.0,4,4,0,1,1,0.25,0.75,3,3,3.0,3.0,0,0,0,0,810,1,145
C01602,CLI02372,2026-01-26,0,24,33.05,3756.83,Loja física,113,0.00879731049847877,1,1,1267.8,0,0,1,0,483.0,3,3,0,1,1,0.3333333333333333,0.6666666666666666,2,2,2.0,2.0,0,0,0,0,674,1,113
C01603,CLI01586,2025-02-08,1,6,447.85,2713.13,Loja física,173,0.1650676524899286,1,0,,0,0,0,0,,5,5,0,2,2,0.4,5.2,24,26,13.0,24.0,0,1,0,0,598,1,173
C01604,CLI01046,2026-01-18,0,10,160.37,4158.15,Loja física,233,0.038567632240299174,2,0,,0,0,0,0,,7,7,0,2,2,0.2857142857142857,2.857142857142857,19,20,10.0,19.0,0,0,0,0,756,1,235
C01605,CLI02302,2025-07-31,0,12,95.68,4885.26,Televendas,353,0.019585446833945377,1,1,509.88,0,1,0,0,63.0,11,11,0,3,3,0.2727272727272727,0.36363636363636365,2,4,1.3333333333333333,2.0,0,0,0,0,788,1,356
C01606,CLI02387,2026-01-30,1,24,176.87,1807.11,Loja física,563,0.09787450680921472,3,4,2193.6025,1,0,3,0,133.0,18,18,0,8,8,0.4444444444444444,6.111111111111111,23,110,13.75,23.0,0,0,0,0,620,1,563
C01607,CLI01131,2025-04-13,1,10,123.35,2653.37,Loja física,293,0.046488051044520744,2,4,1314.0549999999998,1,1,1,1,78.0,9,9,0,1,1,0.1111111111111111,0.1111111111111111,1,1,1.0,1.0,0,0,0,0,950,1,294
C01608,CLI01452,2026-01-15,1,10,183.35,4637.66,Loja física,293,0.039535024128547584,1,1,191.42,0,0,1,0,548.0,9,9,0,2,2,0.2222222222222222,2.4444444444444446,20,22,11.0,20.0,0,0,0,0,773,1,296
C01609,CLI00140,2025-10-01,1,12,308.93,2784.95,Loja física,353,0.11092838291531268,3,5,1453.334,1,1,1,2,374.0,11,11,0,9,9,0.8181818181818182,9.636363636363637,20,106,11.777777777777779,20.0,4,0,0,1,468,1,355
C01610,CLI01081,2025-06-12,1,12,172.25,3391.93,Loja física,353,0.05078229798374377,1,1,1210.37,1,0,0,0,176.0,11,11,0,4,4,0.36363636363636365,4.2727272727272725,18,47,11.75,18.0,0,0,0,0,732,1,353
C01611,CLI01061,2026-01-29,0,18,249.79,2230.23,Televendas,83,0.11200190114920883,1,3,1073.72,0,1,1,1,25.0,2,2,0,1,1,0.5,2.5,5,5,5.0,5.0,0,1,0,0,523,1,85
C01612,CLI02296,2026-01-11,0,24,59.99,3870.97,Loja física,263,0.015497407626512218,1,1,866.74,0,1,0,0,761.0,8,8,0,4,4,0.5,1.25,4,10,2.5,4.0,0,0,0,0,743,1,263
C01614,CLI00432,2026-01-19,0,18,29.04,3967.14,Loja física,263,0.00732013490827145,2,2,681.03,2,0,0,0,18.0,8,8,0,3,3,0.375,4.5,18,36,12.0,18.0,1,0,1,0,814,1,263
C01615,CLI01275,2026-01-25,1,12,74.35,3395.2,Site,113,0.021898562676720076,3,4,608.5925,1,0,2,1,332.0,3,3,0,1,1,0.3333333333333333,5.0,15,15,15.0,15.0,0,0,0,0,712,1,116
C01616,CLI02629,2026-01-18,0,18,115.15,3996.66,Loja física,323,0.028811557650638284,4,3,828.91,1,0,1,1,144.0,10,10,0,2,2,0.2,2.2,18,22,11.0,18.0,0,0,0,1,615,1,323
C01617,CLI00514,2026-01-24,0,12,166.03,4202.17,Televendas,353,0.03951053860267433,1,2,545.74,1,0,0,1,717.0,11,11,0,3,3,0.2727272727272727,3.909090909090909,26,43,14.333333333333334,26.0,0,0,0,0,704,1,353
C01618,CLI00287,2025-03-28,0,6,245.09,4644.59,Loja física,173,0.05276892039986306,1,2,865.3900000000001,2,0,0,0,403.0,5,5,0,1,1,0.2,0.4,2,2,2.0,2.0,0,0,0,0,595,1,175
C01619,CLI01172,2025-06-22,0,6,249.75,1528.85,Loja física,173,0.16335807960231546,1,0,,0,0,0,0,,5,5,0,3,3,0.6,6.8,18,34,11.333333333333334,18.0,0,0,0,0,625,1,176
C01620,CLI00829,2026-01-27,0,12,215.96,3631.28,Loja física,143,0.05947214205459232,2,4,950.8275,1,0,0,3,25.0,4,4,0,0,0,0.0,0.0,0,0,,,0,0,0,0,751,1,143
C01621,CLI02699,2026-02-02,1,24,42.67,1214.97,Loja física,293,0.03512020872943365,2,5,537.304,3,0,2,0,241.0,9,9,0,3,3,0.3333333333333333,2.6666666666666665,21,24,8.0,21.0,1,0,2,0,524,1,295
C01622,CLI00870,2026-01-30,0,12,96.27,2046.04,Televendas,353,0.04705186604367461,1,2,739.01,1,0,1,0,589.0,11,11,0,4,4,0.36363636363636365,0.5454545454545454,2,6,1.5,2.0,0,1,0,0,743,1,355
C01623,CLI00266,2025-06-03,1,6,312.18,5065.89,Loja física,173,0.06162391998247099,2,5,901.2439999999999,1,1,1,2,177.0,5,5,0,3,3,0.6,5.2,22,26,8.666666666666666,22.0,0,2,0,0,909,1,176
C01624,CLI02032,2026-02-05,1,6,242.8,2221.16,Site,173,0.10931225125610043,3,3,459.79333333333335,0,1,1,1,356.0,5,5,0,2,2,0.4,1.8,8,9,4.5,8.0,0,0,0,0,617,1,173
C01625,CLI01234,2025-02-23,0,6,604.79,5619.53,Loja física,173,0.10762287949348077,1,1,292.7,0,0,1,0,820.0,5,5,0,1,1,0.2,0.4,2,2,2.0,2.0,0,0,0,0,862,1,176
C01626,CLI00369,2026-01-09,0,24,30.63,3737.48,Loja física,113,0.008195361580530197,2,4,2400.42,2,0,1,1,51.0,3,3,0,0,0,0.0,0.0,0,0,,,0,0,0,0,977,1,115
C01627,CLI01135,2026-02-01,1,24,91.82,3022.36,Loja física,473,0.03038023266586376,1,1,771.56,0,0,1,0,562.0,15,15,0,5,5,0.3333333333333333,2.6666666666666665,16,40,8.0,16.0,0,0,0,0,579,1,473
C01628,CLI02571,2026-01-15,0,12,208.95,2241.66,Loja física,113,0.09321217312170445,1,1,452.64,0,0,0,1,279.0,3,3,0,2,2,0.6666666666666666,5.0,13,15,7.5,13.0,0,0,1,0,746,1,114
C01629,CLI01536,2026-01-28,1,12,371.75,2835.11,Loja física,323,0.13112366010489893,4,4,1318.23,0,1,3,0,251.0,10,10,0,4,4,0.4,2.9,24,29,7.25,24.0,0,0,0,0,683,1,323
C01630,CLI02020,2026-01-16,0,18,52.96,2303.62,Televendas,263,0.022989902848560093,2,1,484.48,0,0,1,0,276.0,8,8,0,5,5,0.625,4.125,14,33,6.6,14.0,0,0,0,0,677,1,263
C01631,CLI00214,2026-02-01,0,24,39.79,3064.18,Televendas,233,0.012985529570717125,4,5,840.5380000000001,1,1,2,1,127.0,7,7,0,2,2,0.2857142857142857,3.5714285714285716,18,25,12.5,18.0,0,0,0,0,787,1,235
C01632,CLI02567,2026-01-21,0,12,156.82,4821.78,Loja física,83,0.03252325904541476,1,0,,0,0,0,0,,2,2,0,0,0,0.0,0.0,0,0,,,1,1,0,0,465,1,86
C01633,CLI00753,2026-01-27,0,24,60.41,4205.41,Site,203,0.014364830064131678,2,1,752.98,0,0,0,1,557.0,6,6,0,4,4,0.6666666666666666,6.666666666666667,18,40,10.0,18.0,0,0,0,0,614,1,204
C01634,CLI00737,2026-01-13,0,18,89.43,,Loja física,443,,3,4,806.0474999999999,1,1,1,1,13.0,14,14,0,4,4,0.2857142857142857,0.5714285714285714,2,8,2.0,2.0,0,0,0,0,856,1,444
C01635,CLI01736,2025-10-27,1,12,279.4,2751.4,Site,353,0.10154830268227083,1,1,672.07,0,0,0,1,562.0,11,11,0,5,5,0.45454545454545453,5.181818181818182,22,57,11.4,22.0,0,0,0,0,624,1,356
C01636,CLI02401,2026-02-04,0,12,244.64,1444.63,Loja física,83,0.16934439960405084,2,2,627.085,1,0,0,1,184.0,2,2,0,1,1,0.5,11.5,23,23,23.0,23.0,0,0,0,0,565,1,86
C01637,CLI00828,2025-07-09,0,6,300.61,3708.4,Televendas,173,0.08106191349369,1,0,,0,0,0,0,,5,5,0,2,2,0.4,0.8,2,4,2.0,2.0,0,0,0,0,671,1,173
C01639,CLI00372,2025-10-21,1,12,230.46,1062.85,Loja física,353,0.21683210236627937,1,1,884.04,1,0,0,0,476.0,11,11,0,8,8,0.7272727272727273,5.909090909090909,17,65,8.125,17.0,0,0,0,0,435,1,354
C01640,CLI01360,2026-01-22,0,24,48.2,2918.97,Site,233,0.01651267399116812,2,2,1512.7600000000002,0,0,2,0,301.0,7,7,0,2,2,0.2857142857142857,2.142857142857143,13,15,7.5,13.0,1,0,0,1,692,1,233
C01641,CLI01239,2026-01-24,1,18,89.3,6988.89,Loja física,113,0.012777422451920118,2,1,254.36,0,1,0,0,721.0,3,3,0,1,1,0.3333333333333333,3.0,9,9,9.0,9.0,0,0,0,0,544,1,114
C01642,CLI01020,2026-01-08,1,12,169.27,1134.32,Loja física,83,0.14922596798081672,1,2,1025.97,1,1,0,0,423.0,2,2,0,2,2,1.0,2.5,4,5,2.5,4.0,0,1,1,0,779,1,85
C01644,CLI02670,2026-01-22,0,12,90.34,1992.1,Loja física,323,0.04534912905978616,3,3,1512.0633333333335,1,0,2,0,89.0,10,10,0,6,6,0.6,5.0,18,50,8.333333333333334,18.0,1,0,0,0,952,1,325
C01646,CLI02407,2025-06-03,1,10,229.49,3158.13,Loja física,293,0.07266641968506679,2,1,280.96,0,0,0,1,98.0,9,9,0,3,3,0.3333333333333333,1.4444444444444444,10,13,4.333333333333333,10.0,0,0,1,0,689,1,293
C01647,CLI00235,2026-01-16,0,24,149.95,3654.9,Loja física,443,0.04102711428493255,1,1,1398.93,0,0,0,1,330.0,14,14,0,3,3,0.21428571428571427,2.142857142857143,26,30,10.0,26.0,0,0,0,0,793,1,446
C01648,CLI00547,2026-01-28,0,12,104.82,6464.83,Loja física,233,0.01621388342771581,3,1,1091.64,1,0,0,0,853.0,7,7,0,3,3,0.42857142857142855,1.1428571428571428,6,8,2.6666666666666665,6.0,0,0,0,0,877,1,235
C01649,CLI01633,2026-01-07,0,12,83.1,3565.18,Televendas,353,0.02330878104331338,2,4,953.3475,1,2,0,1,348.0,11,11,0,1,1,0.09090909090909091,0.09090909090909091,1,1,1.0,1.0,0,0,0,0,793,1,354
C01650,CLI00608,2025-07-22,0,12,119.5,4331.16,Loja física,353,0.027590760904699897,1,5,293.596,0,1,1,3,66.0,11,11,0,6,6,0.5454545454545454,2.3636363636363638,18,26,4.333333333333333,18.0,0,0,0,0,861,1,356
C01651,CLI02780,2026-01-24,1,18,181.02,2416.0,Loja física,323,0.07492549668874172,2,1,284.55,0,0,1,0,588.0,10,10,0,2,2,0.2,3.8,21,38,19.0,21.0,0,1,1,0,712,1,323
C01652,CLI02662,2026-01-25,0,12,196.53,2503.27,Televendas,323,0.07850930982275184,3,1,853.15,1,0,0,0,163.0,10,10,0,2,2,0.2,0.2,1,2,1.0,1.0,1,1,0,0,705,1,326
C01653,CLI00495,2026-01-08,0,18,139.0,1582.58,Site,233,0.08783126287454664,2,1,552.63,1,0,0,0,912.0,7,7,0,3,3,0.42857142857142855,4.285714285714286,16,30,10.0,16.0,0,0,0,0,580,1,234
C01654,CLI02706,2025-07-24,1,6,599.59,1657.25,Loja física,173,0.3617981596017499,2,0,,0,0,0,0,,5,4,1,5,4,1.0,19.4,26,97,18.5,26.0,0,2,0,1,444,1,175
C01655,CLI01826,2025-03-09,0,6,271.34,3228.13,Site,173,0.08405485528773624,2,5,748.2360000000001,1,0,1,3,234.0,5,5,0,2,2,0.4,1.6,7,8,4.0,7.0,1,0,0,0,789,1,176
C01656,CLI01109,2026-02-06,0,12,132.0,2749.79,Loja física,323,0.04800366573447427,1,2,501.095,0,0,1,1,105.0,10,10,0,5,5,0.5,6.0,19,60,12.0,19.0,0,0,0,0,581,1,324
C01657,CLI01377,2026-01-10,1,10,342.25,3480.29,Loja física,233,0.09833950619057608,1,1,648.31,0,1,0,0,778.0,7,7,0,1,1,0.14285714285714285,1.4285714285714286,10,10,10.0,10.0,0,0,0,0,705,1,236
C01658,CLI00269,2025-07-19,0,12,380.28,3044.31,Loja física,353,0.12491500537067513,1,0,,0,0,0,0,,11,10,1,7,6,0.6363636363636364,5.363636363636363,23,59,6.0,11.0,0,0,0,0,628,1,356
C01659,CLI02236,2026-01-08,0,12,86.33,3760.31,Televendas,173,0.022958213551542293,3,5,762.126,3,0,1,1,204.0,5,5,0,0,0,0.0,0.0,0,0,,,0,0,0,0,897,1,175
C01660,CLI01724,2025-06-24,0,12,48.69,3129.16,Site,353,0.015560086412967059,2,0,,0,0,0,0,,11,11,0,3,3,0.2727272727272727,0.5454545454545454,4,6,2.0,4.0,1,1,1,1,640,1,353
C01661,CLI01517,2026-01-31,0,18,132.34,3325.96,Loja física,503,0.03979001551431767,2,3,624.0633333333334,1,1,1,0,432.0,16,16,0,4,4,0.25,1.25,8,20,5.0,8.0,0,1,0,0,549,1,503
C01663,CLI00448,2026-02-06,0,12,94.92,5531.59,Loja física,83,0.017159623182484603,2,5,1007.0319999999999,2,0,1,2,85.0,2,2,0,2,2,1.0,1.5,2,3,1.5,2.0,0,1,0,0,648,1,86
C01664,CLI00512,2026-01-15,1,24,187.58,4086.4,Loja física,443,0.045903484729835554,1,1,178.5,0,0,1,0,713.0,14,14,0,7,7,0.5,6.0,24,84,12.0,24.0,0,0,0,0,695,1,444
C01665,CLI01962,2026-02-01,0,10,138.43,3392.4,Loja física,173,0.04080591911331211,3,4,788.0325,0,1,3,0,149.0,5,5,0,1,1,0.2,0.4,2,2,2.0,2.0,0,0,1,0,728,1,173
C01666,CLI01722,2025-10-01,0,10,136.32,2769.31,Site,293,0.049225258277332616,2,2,693.8199999999999,2,0,0,0,26.0,9,9,0,4,4,0.4444444444444444,4.0,20,36,9.0,20.0,0,0,0,0,712,1,293
C01667,CLI02599,2026-01-17,0,24,106.39,3637.23,Televendas,503,0.029250281120523035,2,2,732.26,0,1,0,1,127.0,16,16,0,5,5,0.3125,2.3125,22,37,7.4,22.0,0,0,0,0,665,1,503
C01669,CLI01140,2026-01-03,1,18,117.11,1937.46,Loja física,533,0.060445118866970154,1,2,1114.45,0,0,1,1,458.0,17,17,0,14,14,0.8235294117647058,10.058823529411764,23,171,12.214285714285714,23.0,1,2,0,0,470,1,534
C01671,CLI01499,2026-01-19,1,12,48.27,3654.6,Loja física,233,0.013208011820719096,1,2,1125.85,1,0,1,0,271.0,7,7,0,3,3,0.42857142857142855,6.285714285714286,21,44,14.666666666666666,21.0,1,2,1,0,671,1,236
C01672,CLI01704,2026-01-08,1,18,54.59,2201.81,Loja física,203,0.024793238290315697,1,2,336.53499999999997,0,0,0,2,375.0,6,6,0,3,3,0.5,4.0,19,24,8.0,19.0,0,0,1,0,709,1,206
C01673,CLI00933,2025-07-29,1,10,197.74,3650.64,Loja física,293,0.05416584489295028,2,3,580.3366666666667,1,0,1,1,225.0,9,9,0,3,3,0.3333333333333333,2.0,12,18,6.0,12.0,0,0,0,0,659,1,293
C01675,CLI00899,2026-02-06,0,24,240.9,4270.38,Site,203,0.05641184156913436,1,1,1411.0,1,0,0,0,674.0,6,6,0,0,0,0.0,0.0,0,0,,,1,0,0,0,798,1,203
C01676,CLI00805,2026-01-09,1,24,68.9,3104.07,Loja física,263,0.022196664379347118,1,1,976.04,0,0,1,0,459.0,8,8,0,3,3,0.375,4.5,23,36,12.0,23.0,0,0,2,1,683,1,264
C01678,CLI00523,2026-01-26,1,10,303.34,4896.98,Loja física,203,0.06194430036471458,1,1,729.75,0,1,0,0,24.0,6,6,0,2,2,0.3333333333333333,0.5,2,3,1.5,2.0,0,0,0,0,572,1,206
C01681,CLI00032,2026-01-24,1,24,53.18,4329.73,Site,263,0.012282521080991194,2,4,838.515,1,0,2,1,58.0,8,8,0,3,3,0.375,2.875,19,23,7.666666666666667,19.0,0,0,0,1,586,1,266
C01682,CLI02440,2026-01-15,0,10,191.28,1779.68,Loja física,203,0.10747999640384788,2,1,833.62,0,0,0,1,181.0,6,6,0,3,3,0.5,6.666666666666667,22,40,13.333333333333334,22.0,0,0,0,0,682,1,206
C01683,CLI01956,2026-02-03,1,24,60.86,1803.2,Site,263,0.03375110913930789,2,2,284.25,1,1,0,0,41.0,8,8,0,4,4,0.5,8.75,25,70,17.5,25.0,1,1,0,1,634,1,265
C01684,CLI01857,2026-01-11,0,18,68.61,2285.1,Loja física,413,0.03002494420375476,1,2,370.055,2,0,0,0,402.0,13,13,0,1,1,0.07692307692307693,0.07692307692307693,1,1,1.0,1.0,0,0,0,0,813,1,413
C01685,CLI01152,2025-10-07,0,6,542.64,2832.82,Site,173,0.19155470520541368,3,3,1662.9233333333334,2,0,0,1,190.0,5,5,0,1,1,0.2,0.2,1,1,1.0,1.0,0,0,0,0,665,1,173
C01686,CLI01822,2025-10-25,1,12,73.11,4032.15,Loja física,353,0.018131765931326958,2,1,1050.3,0,1,0,0,461.0,11,11,0,4,4,0.36363636363636365,1.5454545454545454,13,17,4.25,13.0,1,0,0,0,707,1,353
C01687,CLI00069,2026-01-14,1,12,260.59,1816.43,Loja física,143,0.14346272633682552,1,2,657.6800000000001,1,1,0,0,302.0,4,3,1,2,1,0.5,6.0,23,24,1.0,1.0,0,0,0,0,649,1,146
C01688,CLI01286,2024-12-24,0,6,387.83,2703.48,Loja física,173,0.14345584209981208,1,1,773.87,0,0,0,1,77.0,5,5,0,1,1,0.2,0.4,2,2,2.0,2.0,0,0,1,0,651,1,176
C01690,CLI01090,2026-02-06,1,24,325.86,1994.47,Loja física,533,0.1633817505402438,1,0,,0,0,0,0,,17,17,0,12,12,0.7058823529411765,8.117647058823529,24,138,11.5,24.0,0,0,0,0,417,1,535
C01691,CLI01697,2026-01-12,0,24,54.05,3821.12,Loja física,443,0.01414506741478938,1,1,354.12,0,1,0,0,752.0,14,14,0,4,4,0.2857142857142857,4.642857142857143,26,65,16.25,26.0,0,0,1,0,717,1,443
C01692,CLI00225,2026-01-19,0,10,133.5,1641.98,Loja física,113,0.08130427898025555,1,1,1020.96,1,0,0,0,221.0,3,3,0,1,1,0.3333333333333333,6.0,18,18,18.0,18.0,0,0,0,0,562,1,115
C01693,CLI02506,2026-01-08,0,12,125.8,5572.46,Loja física,83,0.022575307853264087,1,2,281.03999999999996,1,0,1,0,419.0,2,2,0,1,1,0.5,0.5,1,1,1.0,1.0,0,0,0,0,693,1,83
C01694,CLI01462,2026-02-01,1,10,211.91,2747.27,Televendas,203,0.07713475559373487,2,4,1088.3325,0,0,4,0,388.0,6,6,0,3,3,0.5,8.333333333333334,21,50,16.666666666666668,21.0,0,0,0,0,808,1,205
C01695,CLI02162,2026-01-14,0,18,149.3,4424.9,Loja física,113,0.03374087550001131,2,1,540.7,0,0,1,0,489.0,3,3,0,1,1,0.3333333333333333,6.0,18,18,18.0,18.0,0,0,0,0,740,1,113
C01696,CLI00718,2026-01-21,1,10,75.04,3740.19,Site,113,0.020063151871963725,2,1,783.17,0,0,1,0,493.0,3,3,0,1,1,0.3333333333333333,2.0,6,6,6.0,6.0,0,0,0,0,747,1,116
C01697,CLI01154,2026-02-05,1,24,75.58,2198.35,Loja física,293,0.03438033070257238,4,5,798.564,0,1,3,1,62.0,9,9,0,3,3,0.3333333333333333,4.111111111111111,26,37,12.333333333333334,26.0,0,0,0,0,704,1,296
C01698,CLI00547,2025-05-03,0,10,140.47,2426.82,Site,293,0.05788233161091469,2,1,1091.64,1,0,0,0,583.0,9,9,0,2,2,0.2222222222222222,0.4444444444444444,2,4,2.0,2.0,0,0,0,0,719,1,296
C01699,CLI00585,2025-11-26,1,10,492.06,2225.71,Loja física,293,0.2210800149165884,1,0,,0,0,0,0,,9,9,0,8,8,0.8888888888888888,15.444444444444445,24,139,17.375,24.0,1,1,3,0,513,1,296
C01700,CLI00365,2026-02-05,1,24,29.28,4119.13,Loja física,413,0.007108297140415574,2,4,1149.8525,0,2,0,2,17.0,13,13,0,7,7,0.5384615384615384,5.6923076923076925,23,74,10.571428571428571,23.0,0,2,1,0,607,1,413
C01701,CLI01920,2026-01-24,0,10,233.78,2768.44,Loja física,83,0.08444466919998266,2,2,1921.865,0,1,0,1,713.0,2,2,0,1,1,0.5,2.5,5,5,5.0,5.0,0,0,0,0,702,1,84
C01702,CLI02346,2026-01-09,1,6,188.5,1995.94,Loja física,143,0.09444171668487028,2,2,960.21,1,0,0,1,470.0,4,4,0,2,2,0.5,1.75,6,7,3.5,6.0,1,0,0,0,674,1,144
C01703,CLI00076,2026-02-03,0,24,83.01,1516.81,Loja física,323,0.05472669615838504,3,4,612.9200000000001,1,1,1,1,102.0,10,10,0,3,3,0.3,0.6,3,6,2.0,3.0,0,0,0,0,835,1,326
C01704,CLI00189,2025-05-12,1,10,210.38,2510.63,Loja física,293,0.08379570068070563,2,2,547.655,1,1,0,0,163.0,9,9,0,3,3,0.3333333333333333,2.111111111111111,7,19,6.333333333333333,7.0,0,0,0,1,568,1,296
C01705,CLI01432,2026-01-14,0,18,59.62,3902.67,Loja física,473,0.01527672080908711,2,3,1783.57,2,1,0,0,429.0,15,15,0,6,6,0.4,3.6,15,54,9.0,15.0,0,0,0,0,612,1,475
C01706,CLI00306,2026-01-12,1,24,82.77,3930.51,Loja física,563,0.02105833594113741,1,0,,0,0,0,0,,18,18,0,4,4,0.2222222222222222,2.888888888888889,22,52,13.0,22.0,0,2,0,1,613,1,564
C01707,CLI01261,2026-01-16,0,6,89.73,1789.58,Loja física,83,0.050140256373003726,3,4,734.55,1,0,1,2,82.0,2,2,0,1,1,0.5,9.5,19,19,19.0,19.0,0,0,0,0,651,1,84
C01708,CLI01553,2026-01-31,1,18,103.41,3584.47,Televendas,413,0.028849453336197543,1,5,777.676,2,2,1,0,58.0,13,13,0,6,6,0.46153846153846156,4.923076923076923,24,64,10.666666666666666,24.0,0,0,0,0,662,1,416
C01709,CLI00214,2026-02-05,0,24,146.13,5976.78,Loja física,413,0.02444962002951422,4,5,840.5380000000001,1,1,2,1,131.0,13,13,0,5,5,0.38461538461538464,5.6923076923076925,25,74,14.8,25.0,0,0,0,0,692,1,415
C01710,CLI00121,2026-01-11,1,24,171.5,2459.96,Loja física,143,0.06971658075741069,3,1,555.31,0,0,0,1,635.0,4,4,0,3,3,0.75,12.75,26,51,17.0,26.0,0,0,0,0,639,1,146
C01711,CLI02381,2026-02-02,0,18,65.74,2504.02,Loja física,233,0.026253783915463933,4,6,916.5233333333332,2,2,2,0,64.0,7,7,0,3,3,0.42857142857142855,3.5714285714285716,14,25,8.333333333333334,14.0,0,0,0,0,821,1,233
C01712,CLI01595,2026-01-21,1,24,45.62,3004.69,Loja física,443,0.01518293068502907,2,3,970.0499999999998,1,1,0,1,260.0,14,14,0,6,6,0.42857142857142855,1.5,13,21,3.5,13.0,0,0,1,0,654,1,443
C01713,CLI00420,2026-01-19,0,24,75.17,2031.7,Loja física,413,0.036998572623911014,2,2,1493.37,0,1,1,0,457.0,13,13,0,7,7,0.5384615384615384,5.461538461538462,26,71,10.142857142857142,26.0,0,0,0,0,810,1,415
C01714,CLI01217,2026-02-01,1,12,198.76,2397.36,Loja física,233,0.08290786531851703,1,0,,0,0,0,0,,7,7,0,3,3,0.42857142857142855,2.0,11,14,4.666666666666667,11.0,0,0,0,0,758,1,236
C01715,CLI01493,2026-01-29,0,10,166.78,3208.2,Loja física,83,0.05198553706128047,2,3,716.4533333333334,1,0,2,0,138.0,2,2,0,2,2,1.0,13.5,23,27,13.5,23.0,0,0,0,0,590,1,86
C01716,CLI00284,2026-01-12,0,18,91.84,2925.75,Loja física,443,0.03139024181833718,2,2,554.13,1,0,1,0,657.0,14,14,0,5,5,0.35714285714285715,3.142857142857143,24,44,8.8,24.0,0,0,2,0,597,1,444
C01717,CLI02345,2026-02-05,0,10,509.74,3546.76,Televendas,143,0.14371990210783925,1,1,938.41,1,0,0,0,202.0,4,4,0,2,2,0.5,8.0,19,32,16.0,19.0,0,1,0,0,589,1,146
C01718,CLI00115,2025-10-07,0,10,151.0,1177.75,Loja física,293,0.1282105710040331,2,5,757.8340000000001,1,1,1,2,187.0,9,9,0,8,8,0.8888888888888888,7.444444444444445,23,67,8.375,23.0,0,0,1,0,398,1,295
C01719,CLI00989,2026-01-14,1,24,129.89,3609.59,Site,233,0.03598469632285107,1,1,422.04,0,0,1,0,795.0,7,7,0,1,1,0.14285714285714285,2.4285714285714284,17,17,17.0,17.0,0,0,0,0,728,1,234
C01720,CLI01931,2026-02-02,1,12,189.69,2077.87,Loja física,143,0.0912906004706743,1,2,1214.125,1,0,0,1,677.0,4,3,1,3,2,0.75,11.25,23,45,11.0,21.0,0,0,0,0,450,1,143
C01721,CLI01795,2026-01-28,1,12,284.23,2454.76,Site,113,0.11578728674086265,2,3,713.8833333333333,0,2,0,1,436.0,3,3,0,2,2,0.6666666666666666,10.666666666666666,25,32,16.0,25.0,0,0,1,0,502,1,114
C01722,CLI01370,2026-01-30,1,18,75.5,2260.75,Loja física,533,0.033395996903682404,2,1,696.36,0,0,1,0,674.0,17,17,0,5,5,0.29411764705882354,0.5294117647058824,3,9,1.8,3.0,0,0,0,0,861,1,534
C01723,CLI02619,2026-02-04,0,24,91.29,1441.02,Loja física,533,0.06335095973685306,1,1,1140.16,0,0,1,0,771.0,17,17,0,8,8,0.47058823529411764,3.764705882352941,21,64,8.0,21.0,0,1,1,0,469,1,536
C01724,CLI02348,2026-01-31,0,18,169.81,4568.88,Loja física,203,0.03716665791178582,1,1,401.08,0,0,0,1,270.0,6,6,0,2,2,0.3333333333333333,0.3333333333333333,1,2,1.0,1.0,1,0,0,0,633,1,206
C01725,CLI02308,2025-06-05,0,6,665.86,3130.52,Televendas,173,0.2126994876250591,2,6,1343.7616666666665,3,2,0,1,79.0,5,5,0,2,2,0.4,0.8,3,4,2.0,3.0,1,1,1,0,691,1,174
C01727,CLI00848,2026-01-12,1,12,215.92,3138.55,Loja física,263,0.06879610010992336,1,0,,0,0,0,0,,8,8,0,4,4,0.5,4.875,25,39,9.75,25.0,0,1,0,0,686,1,263
C01728,CLI02773,2026-01-13,1,6,330.28,3341.04,Loja física,83,0.09885544620836625,5,8,578.73125,1,2,3,2,101.0,2,2,0,2,2,1.0,17.0,19,34,17.0,19.0,0,0,0,0,442,1,84
C01729,CLI01775,2026-01-27,1,24,69.49,2132.82,Loja física,293,0.03258127736986712,4,6,1029.3916666666667,1,1,1,3,138.0,9,9,0,4,4,0.4444444444444444,2.888888888888889,21,26,6.5,21.0,0,1,1,0,660,1,293
C01730,CLI00272,2026-01-13,1,24,94.83,3754.94,Loja física,293,0.02525473110089642,2,4,781.27,0,3,1,0,153.0,9,9,0,4,4,0.4444444444444444,2.888888888888889,23,26,6.5,23.0,0,0,0,0,591,1,293
C01731,CLI00874,2025-03-01,1,6,357.71,1236.51,Loja física,173,0.28929001787288416,1,2,815.8,0,1,1,0,575.0,5,4,1,3,2,0.6,9.0,23,45,11.0,20.0,0,0,0,0,550,1,176
C01732,CLI00548,2026-01-30,1,12,180.99,2071.71,Loja física,353,0.08736261349320128,4,5,659.42,0,2,0,3,178.0,11,11,0,6,6,0.5454545454545454,1.5454545454545454,9,17,2.8333333333333335,9.0,0,1,0,0,650,1,354
C01733,CLI01591,2026-02-06,0,10,165.78,2843.55,Loja física,233,0.058300363981642664,3,1,1768.53,1,0,0,0,390.0,7,7,0,2,2,0.2857142857142857,4.285714285714286,16,30,15.0,16.0,0,1,1,0,682,1,233
C01734,CLI02604,2026-01-10,0,18,69.84,1509.83,Loja física,293,0.04625686335547711,4,8,1058.71375,2,3,0,3,10.0,9,9,0,5,5,0.5555555555555556,6.333333333333333,18,57,11.4,18.0,1,0,0,0,602,1,295
C01735,CLI02074,2026-02-05,1,10,178.67,4129.86,Loja física,113,0.04326296775193348,2,2,352.26,1,0,1,0,227.0,3,3,0,1,1,0.3333333333333333,6.333333333333333,19,19,19.0,19.0,0,0,0,0,774,1,115
C01736,CLI01976,2026-01-26,1,10,157.45,4565.31,Loja física,293,0.03448834799827393,2,1,689.65,0,0,0,1,724.0,9,9,0,1,1,0.1111111111111111,1.4444444444444444,13,13,13.0,13.0,0,0,1,0,857,1,294
C01737,CLI02687,2026-01-05,0,6,141.81,3302.7,Loja física,173,0.04293759651194477,3,5,757.238,3,0,1,1,167.0,5,5,0,2,2,0.4,0.4,1,2,1.0,1.0,0,0,0,0,960,1,173
C01738,CLI02305,2026-02-05,1,12,170.5,2373.31,Loja física,263,0.07184059393842356,3,4,668.6274999999999,1,2,0,1,108.0,8,8,0,4,4,0.5,3.5,22,28,7.0,22.0,0,0,0,0,755,1,266
C01739,CLI00516,2025-07-20,1,12,267.83,7157.2,Loja física,353,0.03742105851450288,1,1,1080.38,0,0,1,0,505.0,11,11,0,8,8,0.7272727272727273,11.818181818181818,26,130,16.25,26.0,0,0,0,0,621,1,355
C01740,CLI01623,2026-01-31,1,24,90.52,4232.51,Site,113,0.021386836652482803,1,1,145.84,0,1,0,0,762.0,3,3,0,2,2,0.6666666666666666,5.666666666666667,10,17,8.5,10.0,0,0,0,0,598,1,114
C01741,CLI01327,2025-09-02,0,12,193.96,1188.22,Loja física,353,0.16323576442073018,2,1,2140.69,0,1,0,0,810.0,11,11,0,3,3,0.2727272727272727,2.090909090909091,13,23,7.666666666666667,13.0,0,0,0,0,642,1,353
C01742,CLI00987,2026-01-24,1,12,73.35,3535.6,Loja física,233,0.02074612512727684,2,4,1106.9499999999998,3,0,0,1,193.0,7,7,0,2,2,0.2857142857142857,0.42857142857142855,2,3,1.5,2.0,0,2,0,0,794,1,235
C01743,CLI01945,2026-01-19,1,18,105.32,3325.07,Loja física,533,0.031674521137900855,1,3,1259.1033333333332,0,1,2,0,214.0,17,17,0,10,10,0.5882352941176471,7.9411764705882355,25,135,13.5,25.0,0,0,1,0,790,1,533
C01744,CLI02177,2026-01-29,1,10,269.02,2550.28,Loja física,263,0.10548645638910235,2,2,934.335,1,0,0,1,545.0,8,8,0,3,3,0.375,5.375,18,43,14.333333333333334,18.0,0,0,0,0,671,1,266
C01745,CLI02447,2026-02-02,0,10,201.97,4244.24,Loja física,293,0.047586847115149,3,4,371.325,2,1,1,0,237.0,9,9,0,3,3,0.3333333333333333,1.7777777777777777,12,16,5.333333333333333,12.0,1,0,1,0,653,1,296
C01746,CLI00408,2026-01-17,0,18,246.38,2741.63,Loja física,83,0.08986624745133369,2,1,267.4,0,0,0,1,798.0,2,2,0,1,1,0.5,8.0,16,16,16.0,16.0,1,0,0,0,743,1,86
C01748,CLI00503,2026-01-21,1,24,82.43,2059.32,Loja física,113,0.04002777615912049,6,6,1320.81,0,3,2,1,218.0,3,3,0,1,1,0.3333333333333333,7.0,21,21,21.0,21.0,1,0,0,0,753,1,115
C01749,CLI01223,2025-05-03,0,10,254.54,2295.57,Loja física,293,0.11088313577891329,2,1,912.03,0,0,1,0,616.0,9,9,0,3,3,0.3333333333333333,1.2222222222222223,8,11,3.6666666666666665,8.0,0,2,0,0,631,1,296
C01750,CLI00624,2026-02-01,0,18,72.13,3626.73,Site,83,0.019888439448208166,2,3,516.66,0,0,0,3,483.0,2,2,0,0,0,0.0,0.0,0,0,,,0,0,0,0,672,1,84
C01751,CLI00200,2026-01-25,1,24,90.32,2515.48,Loja física,503,0.035905672078489985,2,3,892.2033333333334,0,1,2,0,303.0,16,16,0,11,11,0.6875,7.9375,26,127,11.545454545454545,26.0,0,0,0,0,651,1,503
C01752,CLI02594,2026-01-10,1,18,628.67,1628.27,Televendas,143,0.38609690039121275,3,2,401.515,1,0,1,0,138.0,4,4,0,3,3,0.75,14.0,22,56,18.666666666666668,22.0,2,0,0,0,583,1,145
C01753,CLI00823,2026-01-27,1,24,134.45,3302.81,Loja física,143,0.04070776096717643,2,0,,0,0,0,0,,4,4,0,2,2,0.5,4.0,14,16,8.0,14.0,1,1,0,0,628,1,144
C01754,CLI00020,2026-01-13,1,24,134.14,1397.32,Loja física,83,0.09599805341654023,1,1,3237.55,1,0,0,0,640.0,2,2,0,0,0,0.0,0.0,0,0,,,0,0,1,0,743,1,84
C01756,CLI00896,2025-02-20,0,6,164.37,1982.49,Loja física,173,0.08291088479639241,2,2,1481.275,0,1,0,1,46.0,5,5,0,2,2,0.4,0.6,2,3,1.5,2.0,0,1,0,0,594,1,173
C01758,CLI00018,2025-12-08,0,10,324.8,6749.75,Loja física,293,0.0481203007518797,3,3,515.5233333333333,1,1,0,1,129.0,9,9,0,3,3,0.3333333333333333,0.5555555555555556,2,5,1.6666666666666667,2.0,0,0,1,0,863,1,295
C01759,CLI01315,2026-01-22,1,6,305.09,1184.13,Loja física,83,0.2576490756927026,3,2,531.63,0,2,0,0,103.0,2,2,0,1,1,0.5,7.5,15,15,15.0,15.0,0,2,0,0,719,1,84
C01760,CLI00833,2026-01-28,1,24,100.65,5145.36,Loja física,383,0.01956131349409954,1,0,,0,0,0,0,,12,12,0,9,9,0.75,7.25,24,87,9.666666666666666,24.0,0,2,1,0,656,1,386
C01761,CLI00998,2026-01-25,0,10,175.77,3181.7,Loja física,173,0.055244051921928536,3,2,897.13,1,0,0,1,66.0,5,5,0,1,1,0.2,0.2,1,1,1.0,1.0,0,0,0,0,787,1,176
C01762,CLI00624,2026-01-09,1,10,148.36,1258.18,Site,83,0.11791635537045574,2,3,516.66,0,0,0,3,460.0,2,2,0,1,1,0.5,6.5,13,13,13.0,13.0,0,0,0,0,576,1,84
C01763,CLI01143,2025-11-09,1,6,557.98,2147.13,Televendas,173,0.25987248093967297,2,4,939.355,1,0,2,1,204.0,5,4,1,4,3,0.8,14.2,26,71,16.0,26.0,1,0,0,0,606,1,174
C01764,CLI01814,2025-12-05,0,10,95.82,2880.32,Loja física,293,0.03326713698477946,2,1,557.12,1,0,0,0,658.0,9,9,0,4,4,0.4444444444444444,0.7777777777777778,2,7,1.75,2.0,0,0,0,0,773,1,293
C01765,CLI00250,2025-08-02,0,12,99.66,1289.27,Loja física,353,0.07729955711371551,3,2,1647.92,1,0,1,0,324.0,11,11,0,5,5,0.45454545454545453,0.6363636363636364,2,7,1.4,2.0,0,0,0,0,770,1,354
C01766,CLI01099,2026-01-13,0,10,259.44,2851.52,Televendas,173,0.09098305465155426,1,1,572.34,1,0,0,0,849.0,5,5,0,3,3,0.6,3.8,16,19,6.333333333333333,16.0,0,0,0,0,752,1,174
C01767,CLI01914,2026-01-13,0,10,150.49,2442.05,Televendas,113,0.061624454863741525,3,0,,0,0,0,0,,3,3,0,0,0,0.0,0.0,0,0,,,0,1,0,0,563,1,113
C01769,CLI00556,2026-01-08,1,6,134.6,2240.34,Televendas,173,0.060080166403313776,3,4,754.96,3,0,0,1,237.0,5,5,0,1,1,0.2,4.0,20,20,20.0,20.0,0,0,0,0,493,1,175
C01770,CLI01484,2026-01-26,0,12,280.61,3178.29,Televendas,143,0.08828961485578724,3,7,1329.1542857142856,0,2,2,3,3.0,4,4,0,3,3,0.75,11.75,23,47,15.666666666666666,23.0,0,0,0,0,704,1,146
C01772,CLI00675,2026-01-17,1,12,263.31,2046.43,Site,353,0.12866797300665062,3,5,1119.664,1,0,3,1,39.0,11,11,0,6,6,0.5454545454545454,5.090909090909091,25,56,9.333333333333334,25.0,0,1,0,0,794,1,355
C01773,CLI02347,2025-08-17,1,12,257.58,2343.01,Loja física,353,0.10993551030512032,2,2,1010.335,0,1,0,1,544.0,11,11,0,4,4,0.36363636363636365,5.909090909090909,23,65,16.25,23.0,0,0,0,0,620,1,356
C01774,CLI01788,2026-02-01,0,24,137.58,4482.02,Loja física,353,0.030695980830072155,1,2,1191.2399999999998,0,1,1,0,691.0,11,11,0,4,4,0.36363636363636365,3.3636363636363638,19,37,9.25,19.0,0,0,0,0,844,1,355
C01775,CLI01470,2026-02-02,0,10,73.14,5058.96,Televendas,83,0.014457516960007591,3,2,782.975,1,0,0,1,277.0,2,2,0,1,1,0.5,0.5,1,1,1.0,1.0,0,0,0,0,752,1,83
C01776,CLI02023,2025-04-22,0,10,206.23,1947.34,Loja física,293,0.10590343750962852,2,3,595.97,1,0,2,0,351.0,9,9,0,1,1,0.1111111111111111,1.7777777777777777,16,16,16.0,16.0,0,0,0,0,739,1,295
C01777,CLI01326,2026-01-27,1,24,62.17,1587.37,Loja física,203,0.039165411970744066,1,1,246.85,0,0,1,0,519.0,6,5,1,6,5,1.0,19.333333333333332,26,116,18.6,26.0,0,0,1,0,444,1,205
C01778,CLI00027,2026-01-14,1,10,185.64,4544.79,Site,263,0.04084677179803687,3,5,1177.996,2,1,1,1,2.0,8,8,0,3,3,0.375,3.5,12,28,9.333333333333334,12.0,0,0,0,0,685,1,265
C01779,CLI02079,2026-01-24,0,10,326.59,2299.9,Televendas,143,0.14200182616635504,4,6,369.46166666666664,2,1,1,2,118.0,4,4,0,2,2,0.5,3.75,13,15,7.5,13.0,0,0,0,0,723,1,145
C01780,CLI01756,2026-01-29,1,24,103.97,1108.08,Loja física,173,0.09382896541765938,1,0,,0,0,0,0,,5,5,0,2,2,0.4,9.2,26,46,23.0,26.0,0,1,0,0,652,1,173
C01781,CLI01239,2026-01-19,1,24,79.48,3923.52,Loja física,503,0.020257319957589105,2,1,254.36,0,1,0,0,716.0,16,16,0,8,8,0.5,4.25,23,68,8.5,23.0,3,1,1,0,712,1,503
C01782,CLI02484,2026-01-21,0,18,161.65,4011.04,Site,413,0.040301268498942916,2,5,1962.1599999999999,1,2,1,1,58.0,13,13,0,5,5,0.38461538461538464,5.538461538461538,26,72,14.4,26.0,1,0,0,0,570,1,414
C01783,CLI00460,2025-08-26,1,10,176.41,2142.7,Loja física,293,0.08233070425164513,1,0,,0,0,0,0,,9,9,0,8,8,0.8888888888888888,10.777777777777779,23,97,12.125,23.0,1,0,0,1,705,1,293
C01785,CLI02194,2026-01-25,1,18,105.94,2312.29,Loja física,83,0.04581605248476618,2,2,713.225,0,0,1,1,149.0,2,2,0,1,1,0.5,6.0,12,12,12.0,12.0,0,0,0,0,708,1,84
C01786,CLI00683,2025-01-14,0,6,214.9,2579.07,Site,173,0.08332460925837608,1,1,279.02,1,0,0,0,741.0,5,5,0,1,1,0.2,0.2,1,1,1.0,1.0,0,0,0,0,801,1,176
C01789,CLI01238,2026-01-11,1,12,262.91,2498.02,Loja física,203,0.10524735590587747,2,5,1660.868,3,1,1,0,248.0,6,6,0,5,5,0.8333333333333334,10.0,25,60,12.0,25.0,1,0,0,1,672,1,206
C01790,CLI02550,2026-02-03,0,12,272.38,2866.39,Loja física,203,0.09502545013065215,1,1,1643.59,0,0,0,1,514.0,6,6,0,2,2,0.3333333333333333,0.3333333333333333,1,2,1.0,1.0,0,1,0,0,584,1,206
C01791,CLI00302,2025-10-17,1,10,270.5,1986.07,Loja física,293,0.13619862341206504,1,3,774.11,3,0,0,0,407.0,9,9,0,5,5,0.5555555555555556,7.555555555555555,20,68,13.6,20.0,0,0,0,0,688,1,293
C01793,CLI01723,2026-01-29,0,10,139.99,4689.27,Loja física,173,0.029853260742077125,2,1,799.48,0,0,1,0,363.0,5,5,0,3,3,0.6,6.0,17,30,10.0,17.0,0,1,0,0,539,1,176
C01794,CLI01601,2025-08-21,1,10,135.67,2913.95,Loja física,293,0.04655879476312222,1,0,,0,0,0,0,,9,9,0,1,1,0.1111111111111111,0.5555555555555556,5,5,5.0,5.0,0,0,0,1,740,1,295
C01795,CLI02254,2026-01-30,1,24,81.7,1831.66,Loja física,203,0.04460434796850944,1,2,745.0600000000001,1,0,1,0,165.0,6,6,0,3,3,0.5,7.833333333333333,25,47,15.666666666666666,25.0,0,1,0,0,726,1,203
C01797,CLI02089,2026-01-14,1,24,147.12,1498.07,Televendas,143,0.09820635884838493,2,7,865.2457142857141,1,1,4,1,58.0,4,3,1,4,3,1.0,12.0,23,48,8.333333333333334,15.0,0,0,0,0,764,1,144
C01798,CLI02151,2026-01-08,0,6,582.67,2022.43,Televendas,113,0.2881039145977858,1,1,1040.59,1,0,0,0,362.0,3,3,0,1,1,0.3333333333333333,1.6666666666666667,5,5,5.0,5.0,0,0,0,0,742,1,116
C01800,CLI00040,2025-12-18,0,12,237.97,4810.96,Loja física,353,0.04946414021317991,1,1,862.36,0,0,0,1,338.0,11,11,0,3,3,0.2727272727272727,0.36363636363636365,2,4,1.3333333333333333,2.0,0,0,0,0,816,1,353
C01801,CLI00851,2025-11-29,0,12,152.96,3981.33,Loja física,353,0.03841932218630458,2,3,1612.0366666666666,0,1,2,0,229.0,11,11,0,3,3,0.2727272727272727,0.8181818181818182,6,9,3.0,6.0,0,0,0,0,593,1,355
C01802,CLI02288,2025-07-14,1,12,126.68,1327.04,Loja física,353,0.09546057390884978,1,3,659.9533333333334,1,2,0,0,451.0,11,11,0,5,5,0.45454545454545453,1.0909090909090908,7,12,2.4,7.0,0,0,1,0,680,1,356
C01803,CLI01913,2026-01-30,1,24,104.6,2827.74,Loja física,443,0.03699067099521172,1,1,1723.76,0,1,0,0,455.0,14,14,0,9,9,0.6428571428571429,7.0,26,98,10.88888888888889,26.0,0,0,0,0,709,1,443
C01804,CLI02512,2025-08-22,0,12,165.91,2488.3,Loja física,353,0.06667604388538359,1,0,,0,0,0,0,,11,11,0,4,4,0.36363636363636365,3.6363636363636362,24,40,10.0,24.0,0,0,0,0,677,1,353
C01805,CLI00884,2026-01-13,0,18,68.11,4215.29,Loja física,113,0.016157844418770714,1,1,1261.1,1,0,0,0,729.0,3,3,0,0,0,0.0,0.0,0,0,,,0,1,0,0,758,1,114
C01807,CLI00925,2025-04-14,0,10,72.89,3690.15,Loja física,293,0.019752584583282523,3,3,640.2133333333333,1,2,0,0,180.0,9,9,0,3,3,0.3333333333333333,2.4444444444444446,20,22,7.333333333333333,20.0,0,0,0,1,618,1,295
C01809,CLI00933,2026-01-13,0,12,195.39,2320.39,Loja física,293,0.08420567232232512,2,3,580.3366666666667,1,0,1,1,393.0,9,9,0,3,3,0.3333333333333333,2.0,15,18,6.0,15.0,2,0,0,0,681,1,296
C01811,CLI00119,2025-08-16,0,12,167.52,2871.29,Loja física,353,0.05834311407067904,1,3,819.9066666666668,0,0,2,1,425.0,11,11,0,5,5,0.45454545454545453,1.6363636363636365,12,18,3.6,12.0,0,0,0,0,751,1,354
C01813,CLI01956,2026-01-15,1,12,60.99,5265.09,Loja física,173,0.011583847569557215,2,2,284.25,1,1,0,0,22.0,5,5,0,3,3,0.6,4.0,10,20,6.666666666666667,10.0,0,0,0,0,671,1,173
C01815,CLI00095,2025-07-07,0,12,409.08,3146.99,Loja física,353,0.12999088017438887,1,3,1558.8866666666665,0,2,0,1,466.0,11,11,0,6,6,0.5454545454545454,7.454545454545454,25,82,13.666666666666666,25.0,0,0,1,0,665,1,354
C01816,CLI01549,2025-02-26,1,6,408.52,2076.04,Loja física,173,0.1967784821101713,1,1,1259.65,1,0,0,0,382.0,5,5,0,4,4,0.8,5.6,22,28,7.0,22.0,1,1,0,0,518,1,175
C01817,CLI02054,2025-05-02,0,6,243.37,4738.31,Loja física,173,0.05136219453771492,1,0,,0,0,0,0,,5,5,0,1,1,0.2,2.2,11,11,11.0,11.0,0,0,0,0,773,1,175
C01818,CLI00042,2025-09-14,1,10,87.41,2524.07,Loja física,293,0.03463057680650695,2,5,636.76,2,2,0,1,161.0,9,8,1,5,4,0.5555555555555556,4.666666666666667,23,42,4.75,7.0,0,0,0,0,660,1,295
C01819,CLI01520,2026-02-03,0,10,143.8,1254.04,Loja física,203,0.11466938853625085,2,0,,0,0,0,0,,6,6,0,5,5,0.8333333333333334,12.5,20,75,15.0,20.0,1,2,0,0,609,1,206
C01820,CLI02539,2026-01-11,0,6,150.37,3482.77,Loja física,113,0.04317540348630544,2,4,1364.905,0,0,1,3,244.0,3,3,0,2,2,0.6666666666666666,8.666666666666666,24,26,13.0,24.0,0,0,1,0,800,1,113
C01821,CLI02566,2026-02-01,0,24,53.92,1698.38,Loja física,113,0.03174790094089662,1,0,,0,0,0,0,,3,3,0,2,2,0.6666666666666666,11.333333333333334,22,34,17.0,22.0,0,0,0,0,610,1,114
C01822,CLI02070,2025-10-16,0,10,85.91,4505.85,Loja física,293,0.019066324888755728,1,0,,0,0,0,0,,9,9,0,2,2,0.2222222222222222,2.5555555555555554,21,23,11.5,21.0,0,0,0,0,673,1,293
C01823,CLI02319,2026-01-28,0,24,58.91,2918.93,Loja física,383,0.020182053012576525,2,2,967.645,0,1,0,1,535.0,12,12,0,6,6,0.5,0.5833333333333334,2,7,1.1666666666666667,2.0,0,0,0,0,776,1,385
C01824,CLI02010,2025-12-09,0,10,101.82,3091.93,Loja física,293,0.03293088782734409,1,2,2223.58,0,2,0,0,710.0,9,9,0,0,0,0.0,0.0,0,0,,,0,2,0,0,813,1,295
C01825,CLI02629,2025-06-06,0,6,183.29,1725.84,Loja física,173,0.10620335604691049,3,2,559.72,1,0,0,1,28.0,5,5,0,2,2,0.4,4.2,13,21,10.5,13.0,0,0,0,1,814,1,176
C01826,CLI02096,2025-12-17,0,10,231.29,2838.08,Loja física,293,0.08149523621603337,2,1,1440.3,0,1,0,0,389.0,9,9,0,2,2,0.2222222222222222,4.222222222222222,20,38,19.0,20.0,1,0,1,0,697,1,294
C01827,CLI01416,2025-12-10,1,18,196.56,5280.17,Site,533,0.03722607416049104,2,1,775.66,0,0,1,0,589.0,17,17,0,5,5,0.29411764705882354,0.4117647058823529,2,7,1.4,2.0,0,2,0,1,767,1,535
C01828,CLI02594,2026-01-29,0,12,105.01,1949.04,Site,83,0.05387780650987153,3,2,401.515,1,0,1,0,157.0,2,2,0,1,1,0.5,2.5,5,5,5.0,5.0,0,0,0,0,816,1,83
C01829,CLI00504,2026-01-18,0,18,69.06,5515.83,Site,143,0.012520327856369758,1,1,831.96,0,1,0,0,624.0,4,4,0,0,0,0.0,0.0,0,0,,,0,0,1,0,847,1,145
C01830,CLI02287,2026-01-30,0,12,363.8,3879.08,Loja física,263,0.09378512430782557,3,3,1162.63,1,0,0,2,136.0,8,8,0,2,2,0.25,0.375,2,3,1.5,2.0,0,0,0,0,633,1,264
C01831,CLI00121,2025-12-09,1,10,256.55,2677.03,Loja física,293,0.09583381583321815,3,1,555.31,0,0,0,1,602.0,9,9,0,2,2,0.2222222222222222,2.111111111111111,18,19,9.5,18.0,0,1,0,0,723,1,295
C01832,CLI02751,2026-01-29,1,24,43.91,2392.18,Loja física,593,0.01835564213395313,4,6,1382.9433333333334,3,2,0,1,561.0,19,19,0,4,4,0.21052631578947367,0.3157894736842105,2,6,1.5,2.0,0,0,0,0,787,1,595
C01833,CLI02458,2026-01-21,0,12,381.66,5633.1,Loja física,323,0.06775310219949938,1,3,1387.32,0,2,1,0,230.0,10,10,0,6,6,0.6,6.8,22,68,11.333333333333334,22.0,0,0,0,0,704,1,325
C01834,CLI00004,2026-01-18,0,24,145.38,1334.21,Televendas,83,0.10896335659304007,1,2,1823.155,1,1,0,0,133.0,2,2,0,1,1,0.5,1.0,2,2,2.0,2.0,0,0,0,0,620,1,83
C01835,CLI02655,2025-07-10,1,12,219.98,1842.54,Site,353,0.11938953835466258,1,3,795.4866666666667,1,2,0,0,77.0,11,11,0,7,7,0.6363636363636364,8.909090909090908,24,98,14.0,24.0,0,1,0,0,585,1,353
C01836,CLI02214,2025-08-19,1,10,67.42,2021.57,Loja física,293,0.03335031683295656,2,1,1413.25,1,0,0,0,284.0,9,9,0,2,2,0.2222222222222222,0.3333333333333333,2,3,1.5,2.0,0,0,0,0,936,1,296
C01837,CLI00621,2026-01-09,1,24,96.39,2077.61,Loja física,323,0.04639465539730748,2,4,927.865,3,0,1,0,252.0,10,10,0,5,5,0.5,5.2,23,52,10.4,23.0,0,0,1,0,878,1,326
C01839,CLI01668,2026-01-28,1,12,173.21,1492.48,Loja física,323,0.1160551565180103,3,8,982.13375,4,0,2,2,101.0,10,10,0,5,5,0.5,4.3,13,43,8.6,13.0,2,0,0,2,754,1,326
C01840,CLI02399,2026-01-17,1,24,28.76,1368.27,Loja física,143,0.021019243278008,3,2,783.28,0,0,1,1,568.0,4,4,0,2,2,0.5,5.5,15,22,11.0,15.0,0,0,0,0,535,1,146
C01841,CLI00943,2025-06-18,0,12,167.82,2505.8,Loja física,353,0.06697262351344879,1,0,,0,0,0,0,,11,11,0,4,4,0.36363636363636365,0.45454545454545453,2,5,1.25,2.0,0,0,0,0,718,1,354
C01842,CLI00883,2026-01-21,0,18,29.6,3258.81,Loja física,293,0.009083070200471952,2,3,379.43,3,0,0,0,175.0,9,9,0,2,2,0.2222222222222222,0.3333333333333333,2,3,1.5,2.0,0,0,1,0,714,1,295
C01843,CLI00088,2025-11-12,0,10,141.86,1038.35,Site,293,0.13662059999036935,4,4,826.7149999999999,1,2,0,1,122.0,9,9,0,4,4,0.4444444444444444,2.2222222222222223,17,20,5.0,17.0,0,1,0,0,652,1,296
C01844,CLI02726,2026-01-09,0,18,62.93,2506.39,Loja física,173,0.025107824400831476,1,0,,0,0,0,0,,5,5,0,3,3,0.6,2.0,8,10,3.3333333333333335,8.0,0,0,0,0,639,1,176
C01845,CLI00790,2026-01-15,1,18,197.05,3190.12,Loja física,293,0.06176883628202075,1,1,558.93,0,1,0,0,493.0,9,8,1,7,6,0.7777777777777778,13.333333333333334,23,120,16.166666666666668,23.0,1,0,0,1,612,1,295
C01846,CLI02134,2026-01-15,1,24,278.79,2659.82,Loja física,533,0.1048153634456467,1,2,578.145,0,0,2,0,222.0,17,17,0,6,6,0.35294117647058826,1.6470588235294117,13,28,4.666666666666667,13.0,0,0,0,0,779,1,533
C01847,CLI01684,2026-02-03,0,10,226.06,2003.28,Loja física,203,0.11284493430773532,3,5,914.65,0,2,3,0,295.0,6,6,0,2,2,0.3333333333333333,4.0,22,24,12.0,22.0,0,0,0,0,708,1,204
C01848,CLI01634,2025-09-14,0,6,298.37,2401.09,Loja física,173,0.12426439658655027,2,4,847.4324999999999,1,1,2,0,118.0,5,5,0,2,2,0.4,5.6,19,28,14.0,19.0,1,2,0,0,658,1,175
C01850,CLI02034,2025-07-27,1,6,73.45,2179.98,Loja física,173,0.03369296966027211,1,0,,0,0,0,0,,5,5,0,5,5,1.0,10.4,22,52,10.4,22.0,0,3,0,0,434,1,175
C01851,CLI00998,2026-01-27,0,18,191.74,3118.3,Televendas,203,0.06148863162620659,3,2,897.13,1,0,0,1,68.0,6,6,0,1,1,0.16666666666666666,0.3333333333333333,2,2,2.0,2.0,0,0,0,0,928,1,204
C01852,CLI00997,2026-01-27,0,24,193.61,7750.9,Site,383,0.02497903469274536,1,0,,0,0,0,0,,12,12,0,7,7,0.5833333333333334,5.916666666666667,23,71,10.142857142857142,23.0,0,0,2,0,501,1,383
C01853,CLI01152,2026-01-20,0,18,195.32,2458.65,Loja física,503,0.07944197018689117,3,4,1311.355,2,0,1,1,49.0,16,16,0,5,5,0.3125,2.5625,24,41,8.2,24.0,1,0,1,0,742,1,505
C01854,CLI01521,2025-12-12,0,12,83.63,1250.66,Loja física,353,0.06686869332992179,2,4,800.755,0,1,2,1,297.0,11,11,0,3,3,0.2727272727272727,3.1818181818181817,26,35,11.666666666666666,26.0,0,0,0,0,683,1,353
C01855,CLI01766,2026-01-09,1,18,171.2,1710.51,Site,323,0.10008710852318899,3,2,740.305,1,0,1,0,470.0,10,10,0,7,7,0.7,9.3,22,93,13.285714285714286,22.0,0,0,0,0,554,1,326
C01856,CLI02714,2026-02-02,0,12,136.69,3242.89,Site,353,0.04215067424426977,1,0,,0,0,0,0,,11,11,0,4,4,0.36363636363636365,2.6363636363636362,19,29,7.25,19.0,0,0,0,0,551,1,356
C01857,CLI00716,2026-01-13,1,18,61.42,1982.84,Televendas,473,0.030975772124831054,4,4,1103.4375,0,2,1,1,113.0,15,15,0,9,9,0.6,4.4,25,66,7.333333333333333,25.0,0,0,0,0,513,1,476
C01858,CLI02158,2026-01-31,0,10,114.61,2246.94,Loja física,233,0.051007147498375566,3,3,468.00666666666666,1,2,0,0,8.0,7,7,0,2,2,0.2857142857142857,0.2857142857142857,1,2,1.0,1.0,0,0,0,0,731,1,236
C01859,CLI01318,2026-02-06,1,6,393.32,4811.33,Loja física,173,0.08174870565934991,2,3,554.2266666666667,1,0,1,1,256.0,5,5,0,2,2,0.4,5.2,22,26,13.0,22.0,1,1,0,0,660,1,175
C01860,CLI02125,2026-01-09,1,18,176.54,2560.46,Loja física,263,0.06894854830772595,1,1,360.62,1,0,0,0,834.0,8,8,0,2,2,0.25,3.75,19,30,15.0,19.0,1,0,0,0,707,1,266
C01861,CLI02690,2025-07-19,0,10,318.75,2455.37,Loja física,293,0.12981750204653475,2,1,461.39,1,0,0,0,264.0,9,9,0,3,3,0.3333333333333333,3.2222222222222223,25,29,9.666666666666666,25.0,0,2,0,0,978,1,296
C01862,CLI02408,2025-08-24,0,12,349.5,2647.59,Site,353,0.1320068439599787,1,1,3153.09,0,0,0,1,341.0,11,11,0,6,6,0.5454545454545454,4.909090909090909,23,54,9.0,23.0,0,0,0,0,574,1,354
C01863,CLI02214,2026-01-09,0,12,157.99,2304.23,Loja física,353,0.06856520399439292,2,1,1413.25,1,0,0,0,427.0,11,11,0,5,5,0.45454545454545453,5.090909090909091,17,56,11.2,17.0,0,0,0,1,600,1,353
C01864,CLI00186,2026-01-16,1,18,481.14,1974.41,Loja física,143,0.24368798780395154,1,3,622.4666666666667,1,2,0,0,389.0,4,4,0,1,1,0.25,6.25,25,25,25.0,25.0,1,0,0,0,667,1,143
C01865,CLI01638,2025-08-17,1,12,218.95,2176.98,Loja física,353,0.10057510863673529,1,4,1671.0025,2,0,1,1,195.0,11,11,0,8,8,0.7272727272727273,5.636363636363637,24,62,7.75,24.0,1,0,0,0,728,1,355
C01866,CLI00311,2026-01-17,0,18,44.84,3421.67,Site,353,0.01310471202658351,2,2,738.565,0,1,0,1,287.0,11,11,0,3,3,0.2727272727272727,0.5454545454545454,2,6,2.0,2.0,0,1,0,0,774,1,355
C01867,CLI00134,2025-07-16,0,6,111.68,3062.18,Loja física,173,0.03647074959669255,3,6,921.8449999999999,1,0,3,2,57.0,5,5,0,3,3,0.6,4.0,16,20,6.666666666666667,16.0,0,0,0,0,579,1,176
C01868,CLI02723,2026-01-21,0,18,127.58,5350.4,Loja física,323,0.023844946172248804,1,1,733.61,0,1,0,0,514.0,10,10,0,2,2,0.2,0.4,2,4,2.0,2.0,0,2,0,0,590,1,324
C01869,CLI01840,2024-12-22,0,6,716.42,3755.36,Loja física,173,0.1907726556175706,2,0,,0,0,0,0,,5,5,0,3,3,0.6,5.6,21,28,9.333333333333334,21.0,0,0,1,0,770,1,174
C01870,CLI00563,2026-01-24,0,18,57.88,1464.18,Loja física,323,0.03953065879878157,1,2,641.125,1,0,1,0,540.0,10,10,0,2,2,0.2,0.3,2,3,1.5,2.0,1,0,0,0,685,1,324
C01871,CLI00879,2025-10-11,0,12,121.89,3332.46,Loja física,353,0.03657658306476297,1,1,771.61,0,0,0,1,616.0,11,11,0,5,5,0.45454545454545453,6.0,24,66,13.2,24.0,1,0,0,0,699,1,353
C01873,CLI01522,2026-01-15,1,18,78.75,1851.19,Loja física,413,0.04254020386886273,2,4,350.42499999999995,1,0,1,2,88.0,13,13,0,4,4,0.3076923076923077,2.8461538461538463,14,37,9.25,14.0,0,0,1,0,781,1,414
C01874,CLI00515,2026-01-31,0,12,211.64,2714.65,Site,353,0.07796216823531578,3,6,1595.8633333333335,1,2,0,3,116.0,11,11,0,7,7,0.6363636363636364,8.545454545454545,22,94,13.428571428571429,22.0,2,0,0,1,631,1,356
C01875,CLI00043,2025-06-30,0,12,90.03,4707.92,Loja física,353,0.019123094699994903,2,2,586.35,1,0,0,1,389.0,11,11,0,5,5,0.45454545454545453,1.6363636363636365,13,18,3.6,13.0,0,0,1,0,942,1,356
C01876,CLI00370,2025-12-06,1,10,115.52,1924.29,Site,293,0.060032531479142955,3,3,1118.2866666666666,1,1,1,0,170.0,9,9,0,5,5,0.5555555555555556,6.0,25,54,10.8,25.0,0,0,0,1,760,1,296
C01877,CLI02751,2026-01-20,0,10,278.28,3399.56,Loja física,263,0.08185765216675099,4,6,1382.9433333333334,3,2,0,1,552.0,8,8,0,5,5,0.625,4.625,12,37,7.4,12.0,0,1,2,1,586,1,263
C01878,CLI00318,2025-11-18,1,12,231.09,2498.48,Loja física,353,0.09249223527904966,3,2,1493.145,0,1,0,1,86.0,11,11,0,2,2,0.18181818181818182,2.3636363636363638,24,26,13.0,24.0,0,0,0,1,700,1,356
C01879,CLI01908,2025-07-19,1,10,660.91,3030.65,Loja física,293,0.21807533037467208,1,1,1340.89,0,0,0,1,838.0,9,9,0,4,4,0.4444444444444444,5.333333333333333,23,48,12.0,23.0,0,0,1,0,662,1,295
C01880,CLI00094,2026-01-14,1,24,199.42,2442.25,Loja física,293,0.08165421230422765,2,4,652.2249999999999,1,2,0,1,100.0,9,9,0,9,9,1.0,15.333333333333334,26,138,15.333333333333334,26.0,1,0,0,0,590,1,293
C01881,CLI01787,2025-11-04,1,10,177.75,1624.27,Site,293,0.10943377640416926,3,5,528.646,1,2,1,1,342.0,9,8,1,6,5,0.6666666666666666,9.555555555555555,23,86,12.6,23.0,1,0,0,0,686,1,294
C01882,CLI00595,2026-01-23,0,6,328.32,1925.38,Site,113,0.17052218263407742,3,3,734.1666666666666,1,1,1,0,109.0,3,3,0,2,2,0.6666666666666666,1.0,2,3,1.5,2.0,0,0,1,0,705,1,113
C01883,CLI02337,2025-07-13,0,12,165.83,1639.85,Loja física,353,0.10112510290575359,1,0,,0,0,0,0,,11,11,0,4,4,0.36363636363636365,2.272727272727273,11,25,6.25,11.0,0,0,0,0,742,1,355
C01884,CLI00037,2026-01-30,0,18,43.89,2362.98,Loja física,113,0.0185740040118833,2,3,767.4499999999999,1,0,2,0,85.0,3,3,0,1,1,0.3333333333333333,0.6666666666666666,2,2,2.0,2.0,0,0,0,1,731,1,113
C01886,CLI01033,2025-06-24,1,10,201.97,3615.34,Loja física,293,0.05586473194775595,2,3,1170.7666666666667,0,0,2,1,377.0,9,9,0,1,1,0.1111111111111111,2.5555555555555554,23,23,23.0,23.0,0,0,0,0,685,1,293
C01887,CLI02009,2026-01-25,0,18,51.8,1970.9,Site,83,0.026282409051702264,3,4,1261.3825000000002,2,1,1,0,102.0,2,2,0,0,0,0.0,0.0,0,0,,,0,0,0,0,670,1,85
C01888,CLI02741,2026-01-24,0,10,75.83,3919.46,Loja física,143,0.019347052910349896,1,0,,0,0,0,0,,4,4,0,0,0,0.0,0.0,0,0,,,0,0,0,0,529,1,143
C01889,CLI01085,2026-02-01,0,24,111.29,2778.22,Loja física,593,0.040058022762776174,2,2,1123.3400000000001,1,1,0,0,38.0,19,19,0,5,5,0.2631578947368421,1.4736842105263157,22,28,5.6,22.0,0,0,0,0,669,1,593
C01890,CLI01385,2026-02-04,0,12,265.64,2185.75,Loja física,83,0.12153265469518472,4,5,1241.2400000000002,1,2,1,1,124.0,2,2,0,1,1,0.5,5.5,11,11,11.0,11.0,0,1,0,0,585,1,86
C01891,CLI00111,2025-07-04,0,10,122.47,3523.26,Loja física,293,0.03476042074669482,2,3,583.4333333333333,2,0,0,1,225.0,9,9,0,5,5,0.5555555555555556,0.5555555555555556,1,5,1.0,1.0,0,0,0,1,764,1,294
C01892,CLI00464,2025-08-12,0,6,303.29,2993.11,Loja física,173,0.10132938649097427,2,3,1202.7333333333333,0,1,1,1,62.0,5,5,0,1,1,0.2,2.2,11,11,11.0,11.0,0,0,0,0,612,1,175
C01894,CLI00264,2026-01-20,1,24,53.53,2636.86,Televendas,383,0.020300660634239208,2,6,949.945,2,1,2,1,252.0,12,12,0,6,6,0.5,8.0,26,96,16.0,26.0,0,0,2,0,723,1,386
C01895,CLI00308,2026-02-06,0,12,58.14,6001.42,Loja física,323,0.009687707242619246,3,6,828.4683333333334,4,1,0,1,296.0,10,10,0,3,3,0.3,2.0,16,20,6.666666666666667,16.0,0,0,0,0,692,1,323
C01896,CLI01881,2026-01-27,1,18,33.9,3295.1,Site,83,0.010288003398986374,2,2,919.4449999999999,0,1,0,1,133.0,2,2,0,1,1,0.5,1.0,2,2,2.0,2.0,0,0,0,0,550,1,83
C01897,CLI02117,2026-01-14,1,12,510.68,2485.43,Loja física,233,0.20546947610675015,3,4,710.485,1,1,1,1,402.0,7,7,0,5,5,0.7142857142857143,11.571428571428571,24,81,16.2,24.0,1,0,1,0,662,1,236
C01898,CLI02617,2026-02-04,1,12,271.5,1563.14,Televendas,353,0.1736888570441547,2,1,643.3,0,1,0,0,171.0,11,11,0,9,9,0.8181818181818182,7.090909090909091,22,78,8.666666666666666,22.0,2,2,0,0,557,1,356
C01900,CLI01431,2026-02-03,0,6,111.07,4039.58,Loja física,113,0.02749543269349784,1,2,619.53,0,2,0,0,486.0,3,3,0,0,0,0.0,0.0,0,0,,,1,0,0,0,763,1,116
C01901,CLI01457,2025-12-24,0,18,134.59,2829.45,Site,533,0.04756754846348231,1,0,,0,0,0,0,,17,17,0,6,6,0.35294117647058826,2.7058823529411766,20,46,7.666666666666667,20.0,1,0,1,0,852,1,533
C01902,CLI00211,2025-07-11,0,12,205.03,1383.95,Loja física,353,0.14814841576646554,2,2,1023.5550000000001,0,1,1,0,163.0,11,11,0,4,4,0.36363636363636365,1.8181818181818181,15,20,5.0,15.0,1,1,0,0,655,1,356
C01903,CLI02708,2026-01-21,1,6,848.22,3882.81,Loja física,143,0.21845519095706462,3,5,880.908,1,1,3,0,99.0,4,4,0,2,2,0.5,5.25,13,21,10.5,13.0,0,0,1,0,679,1,145
C01904,CLI01397,2026-01-16,0,10,152.81,2941.1,Loja física,233,0.05195675087552277,1,2,848.63,0,2,0,0,95.0,7,7,0,4,4,0.5714285714285714,7.142857142857143,15,50,12.5,15.0,0,0,1,0,518,1,233
C01905,CLI02113,2025-11-26,1,6,269.46,2929.88,Loja física,173,0.09196963698171938,1,0,,0,0,0,0,,5,5,0,4,4,0.8,12.6,26,63,15.75,26.0,0,0,0,0,688,1,174
C01906,CLI01053,2026-01-10,0,24,83.48,3748.6,Loja física,263,0.02226964733500507,1,2,649.47,1,0,0,1,174.0,8,8,0,2,2,0.25,4.125,17,33,16.5,17.0,0,0,0,0,721,1,263
C01907,CLI01018,2026-02-06,1,6,308.89,2529.94,Site,83,0.12209380459615642,2,4,529.5675,2,0,1,1,410.0,2,2,0,0,0,0.0,0.0,0,0,,,0,0,0,0,502,1,83
C01908,CLI01191,2026-01-31,0,12,75.39,2611.63,Loja física,173,0.028867029403093086,2,4,808.8575000000001,0,0,1,3,642.0,5,5,0,0,0,0.0,0.0,0,0,,,1,0,0,0,773,1,175
C01910,CLI01825,2026-01-11,0,18,72.22,3491.37,Loja física,323,0.020685289728673846,1,1,365.89,0,1,0,0,239.0,10,10,0,2,2,0.2,0.3,2,3,1.5,2.0,2,0,1,0,701,1,325
C01911,CLI02381,2025-08-17,1,6,998.15,2038.2,Loja física,173,0.4897213227357472,4,4,828.5274999999999,1,2,1,0,129.0,5,4,1,5,4,1.0,14.4,23,72,12.25,18.0,0,0,0,0,440,1,175
C01912,CLI01115,2026-01-19,1,18,142.27,5444.18,Loja física,173,0.026132493782351062,2,1,2069.93,1,0,0,0,180.0,5,5,0,1,1,0.2,0.4,2,2,2.0,2.0,0,0,1,0,856,1,175
C01913,CLI02485,2025-12-12,0,12,202.96,2266.04,Loja física,353,0.08956593881837921,2,2,1282.1399999999999,0,0,2,0,429.0,11,11,0,4,4,0.36363636363636365,2.0,13,22,5.5,13.0,0,0,0,0,754,1,355
C01914,CLI00241,2026-01-22,0,12,173.24,3740.53,Site,353,0.046314292359638874,2,2,893.87,2,0,0,0,49.0,11,11,0,1,1,0.09090909090909091,0.09090909090909091,1,1,1.0,1.0,0,0,0,0,793,1,354
C01915,CLI00538,2026-01-25,0,18,134.6,3175.97,Site,83,0.04238075296681014,2,3,1825.3500000000001,2,1,0,0,92.0,2,2,0,0,0,0.0,0.0,0,0,,,0,0,0,0,637,1,85
C01916,CLI01536,2026-01-11,1,12,471.81,4388.51,Loja física,173,0.10751029392664024,4,4,1318.23,0,1,3,0,234.0,5,5,0,0,0,0.0,0.0,0,0,,,0,0,0,0,630,1,175
C01918,CLI00336,2026-02-03,0,24,54.63,3935.09,Loja física,293,0.013882782858841857,1,1,254.27,0,0,0,1,221.0,9,9,0,5,5,0.5555555555555556,5.0,16,45,9.0,16.0,3,0,1,0,726,1,294
C01919,CLI00014,2026-01-19,0,18,140.02,2851.25,Loja física,233,0.04910828583954406,2,3,571.76,1,1,0,1,50.0,7,7,0,1,1,0.14285714285714285,0.14285714285714285,1,1,1.0,1.0,0,0,0,0,865,1,236
C01920,CLI02537,2026-01-09,1,18,43.13,3051.34,Loja física,173,0.01413477357488841,1,2,1438.1100000000001,2,0,0,0,542.0,5,5,0,2,2,0.4,6.8,22,34,17.0,22.0,0,1,0,0,591,1,173
C01921,CLI01425,2026-01-08,1,24,68.22,1698.83,Site,143,0.04015704926331652,3,2,1828.235,0,1,0,1,151.0,4,4,0,2,2,0.5,5.0,18,20,10.0,18.0,0,0,0,0,685,1,146
C01922,CLI00901,2026-01-27,1,12,236.28,1471.03,Televendas,143,0.16062214910640843,1,0,,0,0,0,0,,4,4,0,4,4,1.0,11.75,19,47,11.75,19.0,0,1,0,0,667,1,143
C01923,CLI02379,2026-01-18,1,18,56.66,2928.7,Loja física,473,0.01934646771605149,2,1,303.74,1,0,0,0,356.0,15,15,0,8,8,0.5333333333333333,4.533333333333333,25,68,8.5,25.0,0,0,0,0,673,1,475
C01924,CLI00775,2026-01-18,0,18,74.9,4036.92,Site,143,0.018553748897674464,1,1,648.65,0,1,0,0,439.0,4,4,0,1,1,0.25,5.5,22,22,22.0,22.0,0,0,0,0,620,1,143
C01925,CLI00678,2026-01-21,1,18,58.26,3862.92,Televendas,143,0.0150818551769128,1,1,314.2,0,0,1,0,172.0,4,3,1,3,2,0.75,11.0,23,44,10.5,19.0,0,0,2,0,728,1,146
C01926,CLI02058,2025-12-22,1,18,150.7,1719.82,Loja física,533,0.08762544917491365,2,1,403.23,1,0,0,0,499.0,17,17,0,10,10,0.5882352941176471,5.705882352941177,26,97,9.7,26.0,0,0,1,0,742,1,536
C01927,CLI00537,2026-01-15,0,10,126.76,3242.51,Site,293,0.03909317164789006,3,6,908.8433333333332,2,3,0,1,281.0,9,9,0,5,5,0.5555555555555556,0.8888888888888888,2,8,1.6,2.0,1,0,0,0,752,1,294
C01928,CLI01574,2026-01-17,0,12,98.02,4130.82,Loja física,233,0.023728944858405838,2,4,937.2375,2,0,0,2,270.0,7,7,0,1,1,0.14285714285714285,0.2857142857142857,2,2,2.0,2.0,0,0,0,0,698,1,234
C01929,CLI01504,2026-01-17,0,24,79.18,2514.28,Loja física,263,0.0314921170275387,1,0,,0,0,0,0,,8,8,0,3,3,0.375,1.25,6,10,3.3333333333333335,6.0,0,0,0,0,776,1,264
C01930,CLI02727,2026-02-02,1,10,977.39,3577.74,Loja física,203,0.2731864249498287,2,3,804.6700000000001,1,1,0,1,53.0,6,6,0,6,6,1.0,13.833333333333334,23,83,13.833333333333334,23.0,1,0,1,0,679,1,206
C01931,CLI01554,2026-02-02,0,18,54.66,2441.99,Loja física,263,0.0223833840433417,4,8,881.66625,1,2,3,2,74.0,8,8,0,3,3,0.375,2.125,14,17,5.666666666666667,14.0,0,0,0,0,816,1,265
C01932,CLI00677,2026-02-03,0,24,95.32,2421.99,Site,593,0.03935606670547773,1,1,2736.75,1,0,0,0,229.0,19,19,0,6,6,0.3157894736842105,1.263157894736842,18,24,4.0,18.0,0,0,0,0,709,1,594
C01933,CLI00530,2025-05-09,0,10,103.73,4618.58,Loja física,293,0.02245928402236185,2,3,1157.99,1,0,2,0,603.0,9,9,0,3,3,0.3333333333333333,0.5555555555555556,2,5,1.6666666666666667,2.0,1,0,0,0,765,1,295
C01934,CLI01614,2026-01-13,1,24,124.73,3534.52,Loja física,563,0.03528909158810815,2,3,367.3833333333334,1,0,2,0,245.0,18,18,0,11,11,0.6111111111111112,6.666666666666667,24,120,10.909090909090908,24.0,0,0,0,0,668,1,565
C01935,CLI00486,2025-09-09,0,10,118.61,2361.71,Loja física,293,0.050222084845302765,1,1,1135.05,0,0,1,0,80.0,9,9,0,1,1,0.1111111111111111,0.8888888888888888,8,8,8.0,8.0,0,0,0,0,880,1,296
C01936,CLI01057,2025-05-11,0,10,215.51,2945.97,Site,293,0.07315417332830952,1,2,614.9449999999999,0,0,1,1,451.0,9,9,0,3,3,0.3333333333333333,1.6666666666666667,12,15,5.0,12.0,0,1,1,0,693,1,294
C01937,CLI01880,2026-01-14,0,10,116.25,7060.01,Televendas,113,0.016465982342801215,4,7,657.6528571428571,3,1,2,1,363.0,3,3,0,0,0,0.0,0.0,0,0,,,0,0,0,0,863,1,113
C01938,CLI01157,2026-02-06,0,24,76.06,4156.89,Loja física,293,0.01829733286182699,1,0,,0,0,0,0,,9,9,0,3,3,0.3333333333333333,3.4444444444444446,25,31,10.333333333333334,25.0,0,0,1,1,521,1,295
C01940,CLI00084,2025-06-30,1,12,142.36,1572.98,Loja física,353,0.09050337575811518,3,4,908.8599999999999,1,0,1,2,487.0,11,11,0,6,6,0.5454545454545454,6.0,25,66,11.0,25.0,1,0,0,0,598,1,355
C01941,CLI02150,2026-01-27,0,10,146.82,2416.95,Loja física,143,0.06074598150561659,1,0,,0,0,0,0,,4,4,0,1,1,0.25,1.0,4,4,4.0,4.0,0,0,0,0,827,1,146
C01942,CLI01877,2025-09-01,1,6,109.56,1779.52,Loja física,173,0.06156716417910448,2,1,1001.61,1,0,0,0,401.0,5,5,0,4,4,0.8,8.0,20,40,10.0,20.0,0,0,0,0,595,1,175
C01943,CLI00636,2025-01-13,1,6,459.73,5393.6,Loja física,173,0.085236205873628,1,2,853.38,1,0,0,1,149.0,5,5,0,3,3,0.6,8.6,21,43,14.333333333333334,21.0,0,0,0,0,676,1,174
C01944,CLI01555,2025-10-11,0,10,189.49,1887.28,Loja física,293,0.100403755669535,1,1,385.2,0,1,0,0,555.0,9,9,0,4,4,0.4444444444444444,7.555555555555555,21,68,17.0,21.0,1,0,0,0,824,1,293
C01945,CLI00695,2026-02-05,1,18,74.24,2123.67,Loja física,473,0.034958350402840364,3,8,1456.92875,3,2,1,2,36.0,15,15,0,8,8,0.5333333333333333,5.133333333333334,21,77,9.625,21.0,1,0,0,0,739,1,476
C01946,CLI01603,2026-01-15,1,18,130.77,2328.23,Loja física,113,0.05616713125421458,2,1,725.61,1,0,0,0,96.0,3,3,0,2,2,0.6666666666666666,12.0,20,36,18.0,20.0,0,0,0,0,360,1,116
C01947,CLI01700,2025-11-22,1,6,381.52,1805.03,Loja física,173,0.21136490806246988,1,1,189.68,0,1,0,0,344.0,5,5,0,3,3,0.6,6.8,16,34,11.333333333333334,16.0,0,0,0,0,651,1,173
C01948,CLI00495,2025-05-01,1,6,411.18,1541.56,Loja física,173,0.2667298061703729,1,1,552.63,1,0,0,0,660.0,5,5,0,5,5,1.0,18.6,26,93,18.6,26.0,1,1,1,0,735,1,174
C01949,CLI00140,2026-01-27,0,12,202.3,2592.83,Loja física,263,0.0780228553356757,3,5,1453.334,1,1,1,2,492.0,8,8,0,1,1,0.125,0.125,1,1,1.0,1.0,0,0,0,0,819,1,263
C01950,CLI02623,2026-01-27,0,12,68.94,3666.18,Loja física,113,0.018804314027134512,2,1,1009.22,1,0,0,0,874.0,3,3,0,2,2,0.6666666666666666,9.333333333333334,23,28,14.0,23.0,0,0,0,0,514,1,114
C01951,CLI01234,2026-01-13,1,18,92.56,2306.97,Loja física,113,0.04012189148536826,2,1,292.7,0,0,1,0,1144.0,3,3,0,1,1,0.3333333333333333,0.6666666666666666,2,2,2.0,2.0,0,0,1,0,591,1,114
C01953,CLI00762,2026-01-31,1,10,461.15,2894.16,Loja física,263,0.15933811537717335,2,2,795.135,0,1,1,0,845.0,8,8,0,4,4,0.5,1.75,9,14,3.5,9.0,0,2,0,0,738,1,265
C01954,CLI00965,2025-10-18,0,12,64.04,4803.51,Site,353,0.013331917701847192,2,0,,0,0,0,0,,11,11,0,4,4,0.36363636363636365,4.636363636363637,25,51,12.75,25.0,0,0,0,0,668,1,353
C01955,CLI01235,2026-01-02,1,10,149.35,1615.98,Loja física,293,0.09242069827596876,1,1,912.46,0,0,0,1,863.0,9,9,0,7,7,0.7777777777777778,14.11111111111111,26,127,18.142857142857142,26.0,0,0,0,0,447,1,296
C01956,CLI00217,2025-04-23,1,10,98.83,3534.29,Site,293,0.027963183553132313,2,1,651.47,0,0,1,0,243.0,9,9,0,3,3,0.3333333333333333,0.6666666666666666,2,6,2.0,2.0,1,0,0,0,741,1,296
C01957,CLI02588,2026-01-22,1,18,110.02,6454.19,Loja física,143,0.017046290859116325,3,1,600.25,0,0,0,1,84.0,4,4,0,3,3,0.75,6.5,19,26,8.666666666666666,19.0,0,0,0,0,738,1,146
C01958,CLI01999,2025-10-28,0,12,105.36,5287.88,Site,353,0.01992480918629016,3,2,1088.375,0,1,0,1,106.0,11,11,0,3,3,0.2727272727272727,0.36363636363636365,2,4,1.3333333333333333,2.0,1,0,0,0,763,1,356
C01959,CLI00066,2024-12-21,1,6,412.88,2692.66,Televendas,173,0.15333536354385627,1,1,1224.3,0,0,1,0,98.0,5,5,0,4,4,0.8,13.6,25,68,17.0,25.0,0,3,0,0,586,1,175
C01960,CLI02038,2026-01-19,0,10,276.28,3504.92,Loja física,293,0.07882633555116807,2,3,848.8000000000001,1,1,0,1,104.0,9,9,0,4,4,0.4444444444444444,2.3333333333333335,11,21,5.25,11.0,0,0,0,0,630,1,294
C01961,CLI01591,2026-01-14,0,24,81.12,3160.81,Televendas,503,0.025664307566731315,3,1,1768.53,1,0,0,0,367.0,16,16,0,8,8,0.5,2.625,25,42,5.25,25.0,0,0,0,0,696,1,504
C01962,CLI02275,2026-02-03,1,18,130.65,1817.59,Televendas,443,0.07188089723204903,2,4,548.585,2,1,1,0,426.0,14,14,0,8,8,0.5714285714285714,7.285714285714286,19,102,12.75,19.0,0,1,0,0,520,1,443
C01963,CLI02516,2026-01-15,0,10,267.79,3252.45,Loja física,293,0.08233485526295563,1,3,550.2566666666667,2,1,0,0,263.0,9,9,0,2,2,0.2222222222222222,0.2222222222222222,1,2,1.0,1.0,0,0,0,1,826,1,295
C01964,CLI00079,2026-02-01,0,24,273.59,4171.57,Loja física,473,0.06558442025424481,3,2,1623.105,0,1,1,0,17.0,15,15,0,4,4,0.26666666666666666,1.8666666666666667,22,28,7.0,22.0,0,0,0,0,807,1,476
C01965,CLI01750,2025-10-18,0,6,101.57,1376.43,Loja física,173,0.07379234686834782,2,2,971.49,0,1,0,1,287.0,5,5,0,1,1,0.2,4.2,21,21,21.0,21.0,0,0,0,0,749,1,175
C01966,CLI02487,2026-01-27,0,10,81.24,3400.96,Site,113,0.023887372977041774,2,3,538.38,0,1,1,1,314.0,3,3,0,1,1,0.3333333333333333,0.3333333333333333,1,1,1.0,1.0,0,1,0,0,661,1,116
C01967,CLI01461,2026-01-10,1,10,399.78,1378.24,Loja física,233,0.29006559089853723,1,1,977.35,1,0,0,0,798.0,7,7,0,5,5,0.7142857142857143,8.285714285714286,21,58,11.6,21.0,1,0,0,0,523,1,234
C01968,CLI00515,2025-06-07,1,6,1076.9,3260.37,Site,173,0.3302999352834188,3,4,2136.165,1,2,0,1,64.0,5,5,0,5,5,1.0,16.6,24,83,16.6,24.0,0,1,0,0,593,1,175
C01970,CLI02486,2025-06-01,0,6,174.26,1618.46,Loja física,173,0.10767025443940535,1,1,877.61,0,0,1,0,628.0,5,5,0,2,2,0.4,0.6,2,3,1.5,2.0,0,0,0,0,691,1,175
C01971,CLI01629,2025-10-12,0,12,241.27,2327.08,Loja física,353,0.1036792890661258,2,2,760.375,0,0,1,1,565.0,11,11,0,1,1,0.09090909090909091,0.09090909090909091,1,1,1.0,1.0,0,0,0,0,741,1,355
C01972,CLI01616,2026-02-01,0,24,75.07,2448.12,Loja física,83,0.030664346518961487,1,2,1559.16,1,0,0,1,239.0,2,2,0,0,0,0.0,0.0,0,0,,,0,0,0,0,783,1,83
C01973,CLI00549,2026-01-18,0,10,68.12,2055.74,Televendas,173,0.033136486131514695,6,6,1039.4950000000001,3,1,1,1,160.0,5,5,0,1,1,0.2,0.4,2,2,2.0,2.0,0,0,0,0,770,1,175
C01974,CLI00230,2026-01-25,1,18,162.91,1973.6,Televendas,293,0.08254458856911229,3,4,743.385,2,0,2,0,310.0,9,9,0,4,4,0.4444444444444444,3.7777777777777777,24,34,8.5,24.0,1,0,2,0,773,1,294
C01975,CLI01127,2025-05-11,0,10,523.15,3079.31,Loja física,293,0.1698919563148887,1,2,434.245,0,1,0,1,359.0,9,9,0,1,1,0.1111111111111111,1.7777777777777777,16,16,16.0,16.0,0,0,0,0,672,1,296
C01976,CLI02584,2026-02-06,1,10,203.93,4598.04,Site,293,0.04435150629398613,1,0,,0,0,0,0,,9,9,0,2,2,0.2222222222222222,0.4444444444444444,2,4,2.0,2.0,0,0,0,0,764,1,293
C01977,CLI02359,2025-08-01,0,10,121.02,3877.94,Site,293,0.03120729046865088,2,1,361.68,0,0,1,0,529.0,9,9,0,1,1,0.1111111111111111,0.2222222222222222,2,2,2.0,2.0,0,0,0,0,781,1,294
C01978,CLI01947,2026-01-14,0,18,90.06,2497.23,Televendas,83,0.036063958866423995,2,2,726.96,2,0,0,0,795.0,2,2,0,0,0,0.0,0.0,0,0,,,0,0,0,0,783,1,85
C01979,CLI01892,2026-01-14,0,18,99.0,4796.15,Loja física,263,0.020641556248240777,3,4,681.1750000000001,1,1,0,2,78.0,8,8,0,2,2,0.25,0.375,2,3,1.5,2.0,0,0,1,0,705,1,265
C01980,CLI01005,2026-01-17,0,10,140.79,4353.16,Loja física,113,0.03234202280642108,1,0,,0,0,0,0,,3,3,0,3,3,1.0,15.0,23,45,15.0,23.0,0,0,0,0,702,1,116
C01981,CLI01049,2026-01-13,0,12,181.02,1626.8,Site,113,0.11127366609294322,2,4,1684.0125,0,0,2,2,255.0,3,3,0,1,1,0.3333333333333333,0.6666666666666666,2,2,2.0,2.0,0,0,0,0,774,1,115
C01982,CLI02152,2025-06-13,0,12,432.79,1952.5,Loja física,353,0.2216594110115237,1,2,1163.19,2,0,0,0,136.0,11,11,0,6,6,0.5454545454545454,8.636363636363637,22,95,15.833333333333334,22.0,0,0,0,1,534,1,356
C01983,CLI00104,2025-10-01,1,10,411.44,2127.95,Loja física,293,0.19335040766935316,1,1,153.61,0,1,0,0,773.0,9,9,0,7,7,0.7777777777777778,10.666666666666666,20,96,13.714285714285714,20.0,0,0,1,0,555,1,294
C01984,CLI00762,2026-01-26,1,18,152.71,4694.77,Loja física,323,0.03252768506231402,2,2,795.135,0,1,1,0,840.0,10,10,0,6,6,0.6,5.6,16,56,9.333333333333334,16.0,0,0,0,0,507,1,326
C01985,CLI01153,2025-10-24,0,6,309.42,5217.8,Loja física,173,0.059300854766376636,1,0,,0,0,0,0,,5,5,0,1,1,0.2,0.2,1,1,1.0,1.0,1,0,0,0,785,1,173
C01987,CLI00548,2026-01-19,1,12,208.42,3133.8,Loja física,233,0.06650711596145255,4,5,659.42,0,2,0,3,167.0,7,7,0,1,1,0.14285714285714285,0.42857142857142855,3,3,3.0,3.0,0,0,0,0,473,1,235
C01988,CLI00249,2026-02-02,0,18,82.3,3789.92,Loja física,233,0.021715497952463376,1,2,659.895,0,0,1,1,770.0,7,7,0,1,1,0.14285714285714285,0.2857142857142857,2,2,2.0,2.0,0,0,0,0,810,1,233
C01990,CLI00973,2025-10-20,0,10,267.95,2719.77,Site,293,0.09851936009294904,2,1,2437.87,0,1,0,0,406.0,9,9,0,4,4,0.4444444444444444,0.5555555555555556,2,5,1.25,2.0,0,1,0,0,788,1,295
C01991,CLI00279,2025-07-12,0,10,90.73,4781.05,Loja física,293,0.018977002959600926,2,1,434.65,0,0,0,1,873.0,9,9,0,3,3,0.3333333333333333,0.5555555555555556,2,5,1.6666666666666667,2.0,0,0,0,0,814,1,296
C01992,CLI02238,2026-01-22,1,12,263.17,1410.3,Televendas,203,0.18660568673331918,3,5,653.824,2,0,1,2,78.0,6,6,0,6,6,1.0,12.166666666666666,21,73,12.166666666666666,21.0,1,0,1,0,658,1,204
C01993,CLI00579,2025-12-10,0,18,66.84,3423.35,Loja física,533,0.019524734543648767,1,2,803.685,0,1,1,0,172.0,17,17,0,4,4,0.23529411764705882,1.2352941176470589,15,21,5.25,15.0,0,0,0,0,700,1,536
C01994,CLI00405,2026-01-19,0,12,157.11,2095.43,Loja física,263,0.0749774509289263,3,1,1219.38,0,1,0,0,349.0,8,8,0,2,2,0.25,3.25,25,26,13.0,25.0,0,0,0,0,619,1,266
C01995,CLI01011,2025-09-19,1,6,495.18,2590.19,Site,173,0.1911751647562534,1,1,549.77,1,0,0,0,58.0,5,5,0,5,5,1.0,5.2,9,26,5.2,9.0,1,1,1,0,508,1,174
C01996,CLI01851,2025-10-16,1,6,148.64,1597.88,Loja física,173,0.09302325581395347,2,4,1464.1125,3,0,0,1,209.0,5,5,0,3,3,0.6,7.0,24,35,11.666666666666666,24.0,0,0,0,0,705,1,175
C01997,CLI02213,2025-08-27,1,10,456.16,2559.94,Loja física,293,0.17819167636741487,1,1,741.71,0,0,0,1,455.0,9,9,0,5,5,0.5555555555555556,7.555555555555555,25,68,13.6,25.0,0,0,0,0,626,1,295
C01998,CLI02097,2026-01-15,0,18,126.17,2687.44,Televendas,83,0.046948024886136995,3,2,706.655,1,0,1,0,248.0,2,2,0,1,1,0.5,10.0,20,20,20.0,20.0,0,0,0,0,672,1,84
C01999,CLI02077,2025-04-01,0,6,260.11,6253.92,Loja física,173,0.04159151380254305,1,0,,0,0,0,0,,5,5,0,4,4,0.8,6.4,14,32,8.0,14.0,0,0,0,0,594,1,176
C02000,CLI00628,2026-01-26,0,12,72.25,2843.38,Loja física,113,0.025409899485823208,1,2,503.06,0,0,1,1,22.0,3,3,0,0,0,0.0,0.0,0,0,,,0,0,0,0,858,1,114
C02001,CLI02485,2024-12-06,0,6,700.63,3143.62,Loja física,173,0.22287362976441175,1,2,1282.1399999999999,0,0,2,0,58.0,5,5,0,4,4,0.8,9.8,21,49,12.25,21.0,1,2,0,0,654,1,176
C02002,CLI01413,2025-05-27,0,10,125.85,2201.18,Site,293,0.05717387946465078,2,2,539.475,0,1,0,1,147.0,9,9,0,8,8,0.8888888888888888,11.0,24,99,12.375,24.0,0,0,0,0,544,1,295
C02003,CLI02093,2026-01-22,1,10,420.08,3871.21,Site,203,0.10851387550662454,2,0,,0,0,0,0,,6,6,0,3,3,0.5,7.166666666666667,19,43,14.333333333333334,19.0,0,0,3,1,617,1,206
C02004,CLI00601,2026-01-08,1,6,226.03,2706.17,Site,173,0.08352394712822919,1,3,385.91333333333336,1,0,0,2,205.0,5,5,0,3,3,0.6,4.2,17,21,7.0,17.0,0,0,0,0,563,1,176
C02005,CLI02523,2025-06-13,1,6,416.26,1927.49,Loja física,173,0.2159596158734935,2,2,394.495,0,1,1,0,378.0,5,5,0,4,4,0.8,6.0,14,30,7.5,14.0,1,0,0,0,737,1,173
C02006,CLI02303,2026-01-06,0,6,256.57,3100.19,Site,173,0.08275944377602663,1,1,2085.83,0,0,0,1,435.0,5,5,0,1,1,0.2,0.4,2,2,2.0,2.0,1,0,0,0,759,1,174
C02007,CLI02523,2025-11-26,0,6,550.03,3335.7,Loja física,173,0.16489192673202027,2,3,749.9966666666666,1,1,1,0,54.0,5,5,0,5,5,1.0,12.0,21,60,12.0,21.0,0,0,0,1,770,1,175
C02008,CLI01928,2026-01-31,1,10,242.26,4120.02,Loja física,173,0.05880068543356585,1,0,,0,0,0,0,,5,5,0,1,1,0.2,2.2,11,11,11.0,11.0,0,0,0,0,795,1,176
C02009,CLI01264,2026-01-10,1,12,73.53,1932.99,Loja física,203,0.038039513913677776,1,0,,0,0,0,0,,6,6,0,3,3,0.5,1.5,7,9,3.0,7.0,0,2,0,1,529,1,205
C02010,CLI01485,2025-10-03,0,12,319.25,2769.59,Loja física,353,0.11526976917161023,2,0,,0,0,0,0,,11,11,0,4,4,0.36363636363636365,4.090909090909091,25,45,11.25,25.0,0,0,0,1,662,1,355
C02011,CLI01232,2026-01-24,1,18,251.57,2889.92,Loja física,83,0.08705085261875761,1,0,,0,0,0,0,,2,2,0,1,1,0.5,1.5,3,3,3.0,3.0,0,0,0,0,585,1,83
C02012,CLI01390,2026-01-28,1,12,132.32,2419.47,Site,323,0.05468966343868699,3,4,385.16499999999996,2,1,0,1,168.0,10,10,0,7,7,0.7,7.3,26,73,10.428571428571429,26.0,0,0,1,0,702,1,325
C02013,CLI02682,2026-01-31,0,18,139.68,1565.38,Loja física,263,0.08923072991861401,3,4,974.1975,0,2,2,0,33.0,8,8,0,3,3,0.375,6.0,24,48,16.0,24.0,1,0,0,0,775,1,263
C02014,CLI00636,2026-01-09,0,18,183.27,2432.41,Site,83,0.07534502818192658,3,4,663.1025,1,0,2,1,79.0,2,2,0,0,0,0.0,0.0,0,0,,,0,0,0,0,800,1,84
C02015,CLI01079,2025-09-29,0,12,66.24,4317.92,Loja física,353,0.015340719605736094,2,5,990.926,1,1,3,0,259.0,11,11,0,2,2,0.18181818181818182,1.3636363636363635,14,15,7.5,14.0,0,0,0,0,762,1,353
C02016,CLI01886,2026-01-16,0,18,195.42,2762.04,Televendas,263,0.07075205283051657,3,3,560.0566666666667,1,1,1,0,396.0,8,8,0,5,5,0.625,6.75,18,54,10.8,18.0,0,1,0,0,680,1,266
C02017,CLI02707,2026-01-10,1,10,194.57,1983.76,Site,143,0.09808142113965398,2,2,1573.965,0,1,0,1,410.0,4,4,0,3,3,0.75,12.0,24,48,16.0,24.0,0,1,0,0,497,1,146
C02018,CLI00137,2026-01-27,0,12,181.01,3680.98,Loja física,233,0.04917440464224201,4,2,1703.0,1,0,1,0,324.0,7,7,0,3,3,0.42857142857142855,5.571428571428571,23,39,13.0,23.0,0,2,0,1,649,1,235
C02019,CLI00256,2026-01-31,1,24,25.34,1777.0,Site,413,0.014259988745075971,1,3,609.99,1,0,2,0,277.0,13,13,0,8,8,0.6153846153846154,8.153846153846153,21,106,13.25,21.0,0,0,0,0,518,1,416
C02020,CLI02208,2026-01-28,0,18,222.0,3278.34,Loja física,173,0.06771719833818335,2,5,1046.904,1,1,2,1,315.0,5,5,0,4,4,0.8,11.8,26,59,14.75,26.0,0,0,1,0,876,1,174
C02021,CLI01201,2026-02-01,1,12,226.16,900.0,Loja física,83,0.2512888888888889,1,0,,0,0,0,0,,2,2,0,2,2,1.0,22.0,24,44,22.0,24.0,0,0,0,0,496,1,83
C02022,CLI01196,2026-01-21,1,18,101.19,4361.82,Site,503,0.02319903159690221,3,3,632.5333333333333,0,0,1,2,304.0,16,16,0,8,8,0.5,7.1875,22,115,14.375,22.0,0,0,0,0,764,1,506
C02023,CLI02521,2025-07-04,0,12,158.68,3025.78,Site,353,0.05244267593810521,1,5,1139.482,3,0,2,0,277.0,11,11,0,5,5,0.45454545454545453,3.909090909090909,17,43,8.6,17.0,1,1,0,0,640,1,356
C02024,CLI00148,2026-01-29,1,10,188.35,1908.18,Loja física,203,0.09870662096867171,3,3,2392.7966666666666,1,1,1,0,287.0,6,6,0,3,3,0.5,0.6666666666666666,2,4,1.3333333333333333,2.0,0,0,0,0,739,1,204
C02025,CLI02000,2025-08-12,1,6,496.8,3569.48,Televendas,173,0.13917993657339445,3,7,853.4142857142857,1,2,2,2,262.0,5,5,0,2,2,0.4,4.8,22,24,12.0,22.0,1,0,1,0,546,1,176
C02026,CLI00952,2026-01-06,0,10,163.73,2577.89,Site,293,0.06351318326228039,2,0,,0,0,0,0,,9,9,0,1,1,0.1111111111111111,1.6666666666666667,15,15,15.0,15.0,0,1,0,0,775,1,294
C02028,CLI01057,2026-01-08,1,12,222.1,3150.53,Site,203,0.07049607526352708,3,2,614.9449999999999,0,0,1,1,693.0,6,6,0,3,3,0.5,4.666666666666667,24,28,9.333333333333334,24.0,1,0,0,0,705,1,204
C02029,CLI01561,2025-09-06,0,10,177.37,3180.58,Loja física,293,0.055766558300687295,1,1,744.04,0,0,0,1,572.0,9,9,0,2,2,0.2222222222222222,1.6666666666666667,14,15,7.5,14.0,1,1,0,0,680,1,295
C02030,CLI00669,2026-01-26,0,24,40.15,4471.16,Televendas,233,0.008979772586979665,2,3,853.89,0,1,1,1,154.0,7,7,0,4,4,0.5714285714285714,3.2857142857142856,18,23,5.75,18.0,0,0,0,0,743,1,235
C02031,CLI00503,2026-01-23,0,18,41.6,3722.38,Televendas,143,0.011175645689048405,6,6,1320.81,0,3,2,1,220.0,4,4,0,2,2,0.5,1.0,3,4,2.0,3.0,0,0,0,0,710,1,145
C02032,CLI01525,2026-01-18,1,24,117.69,4395.38,Loja física,113,0.02677584190672934,1,3,1453.8266666666666,1,0,0,2,233.0,3,3,0,1,1,0.3333333333333333,2.3333333333333335,7,7,7.0,7.0,0,0,0,0,610,1,114
C02033,CLI01275,2025-06-15,0,10,156.81,981.62,Loja física,293,0.15974613394185122,2,4,608.5925,1,0,2,1,108.0,9,9,0,4,4,0.4444444444444444,6.666666666666667,26,60,15.0,26.0,1,0,0,0,844,1,296
C02034,CLI01844,2026-01-28,0,18,174.38,4296.45,Site,443,0.04058699624108276,3,2,1682.745,1,1,0,0,1069.0,14,14,0,3,3,0.21428571428571427,2.9285714285714284,25,41,13.666666666666666,25.0,1,0,0,0,884,1,444
C02035,CLI01390,2026-01-24,1,24,187.76,4536.2,Loja física,263,0.041391473039107625,3,4,385.16499999999996,2,1,0,1,164.0,8,8,0,5,5,0.625,2.375,8,19,3.8,8.0,0,1,0,0,701,1,266
C02036,CLI01487,2026-02-01,1,18,56.42,2303.32,Loja física,173,0.024495076671934426,1,0,,0,0,0,0,,5,5,0,3,3,0.6,7.0,17,35,11.666666666666666,17.0,1,0,1,0,532,1,175
C02038,CLI00424,2026-01-12,0,24,123.13,3128.28,Site,323,0.03936028744230056,3,5,766.866,0,4,0,1,176.0,10,10,0,4,4,0.4,4.6,23,46,11.5,23.0,2,1,0,0,527,1,323
C02039,CLI00162,2026-01-30,0,18,100.91,1758.11,Loja física,323,0.057396863677471835,2,3,671.2066666666667,0,0,1,2,663.0,10,10,0,1,1,0.1,0.1,1,1,1.0,1.0,0,0,0,0,777,1,326
C02040,CLI02318,2025-12-08,0,12,167.69,2633.38,Loja física,353,0.0636786183535988,2,2,356.29999999999995,0,0,2,0,223.0,11,11,0,2,2,0.18181818181818182,1.9090909090909092,20,21,10.5,20.0,0,0,0,0,679,1,355
C02041,CLI01952,2025-04-08,0,6,220.44,4941.13,Televendas,173,0.044613276720102485,2,2,433.675,1,0,0,1,49.0,5,5,0,1,1,0.2,0.4,2,2,2.0,2.0,0,0,0,0,505,1,175
C02043,CLI02195,2025-08-15,1,12,439.95,2434.5,Loja física,353,0.1807147258163894,1,1,470.88,1,0,0,0,178.0,11,11,0,10,10,0.9090909090909091,13.818181818181818,24,152,15.2,24.0,1,0,1,0,531,1,354
C02044,CLI02725,2025-11-09,1,10,97.37,2723.44,Loja física,293,0.03575257762241871,2,1,2463.5,0,1,0,0,642.0,9,9,0,4,4,0.4444444444444444,4.666666666666667,21,42,10.5,21.0,0,0,0,0,759,1,294
C02045,CLI01031,2026-01-09,1,6,386.14,2216.09,Loja física,143,0.17424382583739828,2,1,853.54,0,1,0,0,226.0,4,4,0,4,4,1.0,20.0,26,80,20.0,26.0,0,1,0,0,507,1,146
C02046,CLI01559,2026-01-16,1,24,159.91,2080.9,Site,293,0.07684655677831707,1,1,759.54,0,1,0,0,894.0,9,9,0,3,3,0.3333333333333333,1.8888888888888888,9,17,5.666666666666667,9.0,0,2,0,0,639,1,294
C02047,CLI00159,2026-01-31,0,18,100.84,3554.57,Site,263,0.028369113563665928,2,4,514.6375,1,2,0,1,295.0,8,8,0,5,5,0.625,5.875,20,47,9.4,20.0,0,1,0,0,778,1,264
C02048,CLI02464,2026-01-22,0,18,57.7,2108.33,Loja física,143,0.027367632201790046,2,5,1093.17,2,0,1,2,83.0,4,4,0,1,1,0.25,5.0,20,20,20.0,20.0,0,1,0,0,696,1,143
C02049,CLI00530,2025-08-21,1,12,103.16,1735.83,Televendas,353,0.059429782870442385,2,3,1157.99,1,0,2,0,707.0,11,11,0,2,2,0.18181818181818182,0.9090909090909091,8,10,5.0,8.0,0,0,0,0,736,1,355
C02051,CLI00840,2026-02-03,1,12,131.01,6182.14,Loja física,173,0.02119169090315004,1,1,1170.87,0,1,0,0,770.0,5,5,0,3,3,0.6,8.2,19,41,13.666666666666666,19.0,0,0,0,0,601,1,174
C02052,CLI01260,2025-09-08,0,12,81.9,2159.08,Loja física,353,0.03793282323952795,4,3,506.54333333333335,1,1,0,1,294.0,11,11,0,2,2,0.18181818181818182,0.2727272727272727,2,3,1.5,2.0,1,0,2,0,656,1,353
C02053,CLI00073,2025-11-23,0,10,83.85,8729.88,Loja física,293,0.009604943023271797,2,0,,0,0,0,0,,9,9,0,1,1,0.1111111111111111,0.2222222222222222,2,2,2.0,2.0,0,0,0,0,614,1,296
C02054,CLI02160,2025-06-07,0,12,150.6,2734.03,Televendas,353,0.05508352139515659,1,2,1113.035,2,0,0,0,219.0,11,11,0,3,3,0.2727272727272727,1.9090909090909092,19,21,7.0,19.0,0,0,0,0,785,1,356
C02055,CLI01607,2025-09-18,1,10,150.64,4252.2,Loja física,293,0.03542636752739758,1,1,521.67,0,0,1,0,697.0,9,9,0,3,3,0.3333333333333333,7.222222222222222,26,65,21.666666666666668,26.0,1,0,1,0,545,1,295
C02056,CLI01653,2026-02-06,0,10,390.68,3085.05,Loja física,263,0.12663652128814767,1,1,1586.07,0,0,0,1,490.0,8,8,0,2,2,0.25,3.375,14,27,13.5,14.0,0,0,1,1,618,1,265
C02057,CLI00413,2026-01-26,1,24,79.68,5316.16,Loja física,233,0.014988262204297841,3,6,640.8816666666667,1,3,2,0,95.0,7,7,0,5,5,0.7142857142857143,3.857142857142857,12,27,5.4,12.0,0,0,1,0,667,1,236
C02058,CLI02667,2026-02-05,0,12,252.22,6283.69,Loja física,173,0.040138835620471415,1,5,1017.32,2,2,1,0,84.0,5,5,0,1,1,0.2,0.2,1,1,1.0,1.0,0,0,1,0,747,1,174
C02059,CLI01734,2026-01-10,0,24,105.22,2510.29,Televendas,203,0.0419154759011907,5,6,1092.5716666666667,2,2,2,0,92.0,6,6,0,2,2,0.3333333333333333,0.3333333333333333,1,2,1.0,1.0,0,0,1,0,820,1,204
C02060,CLI02699,2025-12-29,0,12,139.14,2450.07,Loja física,353,0.056790214157146524,2,5,537.304,3,0,2,0,206.0,11,11,0,7,7,0.6363636363636364,9.909090909090908,26,109,15.571428571428571,26.0,0,0,1,0,643,1,355
C02061,CLI00944,2025-11-02,1,10,181.7,1756.51,Site,293,0.10344376063899437,3,3,1160.5933333333332,2,1,0,0,54.0,9,9,0,4,4,0.4444444444444444,2.4444444444444446,15,22,5.5,15.0,1,0,1,0,790,1,296
C02062,CLI02524,2026-01-28,1,18,75.36,2215.54,Loja física,233,0.03401428094279498,2,3,568.5300000000001,1,0,0,2,41.0,7,6,1,4,3,0.5714285714285714,10.571428571428571,26,74,17.0,26.0,0,1,0,0,738,1,234
C02063,CLI00844,2025-10-04,0,6,406.06,6286.94,Loja física,173,0.06458785991277156,1,2,897.185,0,1,1,0,172.0,5,5,0,2,2,0.4,0.4,1,2,1.0,1.0,0,0,0,0,872,1,173
C02064,CLI00473,2025-12-27,1,18,149.59,2622.04,Loja física,533,0.05705099845921496,2,6,1403.2883333333332,1,1,1,3,324.0,17,17,0,6,6,0.35294117647058826,3.0,23,51,8.5,23.0,0,0,0,0,582,1,535
C02065,CLI02064,2025-07-13,0,6,198.75,7121.45,Loja física,173,0.027908642200675425,1,2,468.04999999999995,0,1,1,0,533.0,5,5,0,1,1,0.2,0.2,1,1,1.0,1.0,1,0,0,0,895,1,173
C02066,CLI02284,2025-06-22,0,10,236.9,3631.62,Loja física,293,0.06523259592137945,3,4,550.03,2,1,0,1,26.0,9,9,0,3,3,0.3333333333333333,2.3333333333333335,19,21,7.0,19.0,0,0,0,0,638,1,296
C02067,CLI00324,2026-01-10,0,18,63.69,2050.57,Televendas,203,0.031059656583291472,1,2,975.63,1,0,1,0,95.0,6,6,0,2,2,0.3333333333333333,1.5,7,9,4.5,7.0,0,0,1,0,711,1,206
C02068,CLI02237,2026-01-21,0,10,461.61,7314.28,Site,143,0.06311079149280585,1,1,1993.31,1,0,0,0,349.0,4,4,0,3,3,0.75,6.75,14,27,9.0,14.0,0,0,0,0,595,1,145
C02069,CLI02360,2025-06-19,1,10,143.55,2458.24,Loja física,293,0.05839543738609738,2,1,585.64,0,0,0,1,691.0,9,9,0,3,3,0.3333333333333333,1.1111111111111112,7,10,3.3333333333333335,7.0,1,0,0,0,537,1,293
C02071,CLI01826,2025-05-27,0,10,94.38,2793.85,Site,293,0.03378134116004796,3,7,852.2157142857143,2,0,2,3,7.0,9,9,0,4,4,0.4444444444444444,3.888888888888889,22,35,8.75,22.0,0,0,0,0,533,1,296
C02072,CLI01975,2026-01-24,0,24,107.58,2847.66,Loja física,473,0.03777838646467626,2,4,1412.8675,0,2,0,2,182.0,15,15,0,5,5,0.3333333333333333,0.5333333333333333,2,8,1.6,2.0,1,0,0,0,790,1,473
C02073,CLI00229,2025-03-05,0,6,221.83,3714.07,Televendas,173,0.05972693029479789,1,1,497.11,0,1,0,0,780.0,5,5,0,3,3,0.6,7.4,20,37,12.333333333333334,20.0,0,1,1,0,517,1,173
C02074,CLI01100,2026-01-18,1,24,104.83,2240.03,Loja física,323,0.04679848037749494,5,6,782.315,1,2,3,0,85.0,10,10,0,8,8,0.8,8.9,20,89,11.125,20.0,0,0,0,0,599,1,324
C02075,CLI00293,2026-01-31,0,18,99.14,4511.21,Site,473,0.02197636554272579,2,1,431.35,0,0,1,0,839.0,15,15,0,3,3,0.2,0.3333333333333333,2,5,1.6666666666666667,2.0,0,0,0,0,893,1,474
C02076,CLI01309,2026-01-15,0,10,50.54,3423.85,Loja física,143,0.014761160681688743,2,1,454.52,0,0,1,0,753.0,4,4,0,2,2,0.5,3.75,13,15,7.5,13.0,0,0,0,0,721,1,143
C02077,CLI01963,2025-11-14,0,12,179.64,2869.18,Loja física,353,0.0626102231299535,1,4,785.47,1,1,1,1,75.0,11,11,0,4,4,0.36363636363636365,0.6363636363636364,2,7,1.75,2.0,0,0,0,0,816,1,354
C02078,CLI00548,2026-02-02,0,24,83.78,3700.29,Loja física,353,0.022641468641647008,4,5,659.42,0,2,0,3,181.0,11,11,0,4,4,0.36363636363636365,1.1818181818181819,9,13,3.25,9.0,0,0,0,0,667,1,356
C02079,CLI02099,2026-01-13,0,24,57.78,3781.55,Loja física,563,0.015279448903227513,2,2,495.53,0,0,1,1,129.0,18,18,0,5,5,0.2777777777777778,0.3333333333333333,2,6,1.2,2.0,0,0,0,0,857,1,566
C02080,CLI01332,2026-01-19,0,12,135.01,2646.71,Loja física,203,0.05101049982808845,2,1,788.0,0,0,1,0,439.0,6,6,0,1,1,0.16666666666666666,0.3333333333333333,2,2,2.0,2.0,0,0,1,0,492,1,203
C02081,CLI01726,2026-01-17,1,18,84.25,2303.01,Loja física,533,0.036582559346246865,2,3,1867.7733333333333,1,2,0,0,162.0,17,17,0,11,11,0.6470588235294118,4.176470588235294,21,71,6.454545454545454,21.0,2,0,0,0,770,1,533
C02082,CLI01154,2026-01-28,1,24,86.1,3859.3,Loja física,143,0.022309745290596737,4,5,798.564,0,1,3,1,54.0,4,4,0,2,2,0.5,7.0,19,28,14.0,19.0,0,0,0,0,611,1,146
C02083,CLI02208,2025-08-03,1,12,182.1,3546.99,Televendas,353,0.05133930459347221,1,5,1046.904,1,1,2,1,137.0,11,11,0,5,5,0.45454545454545453,1.0909090909090908,4,12,2.4,4.0,1,0,0,0,762,1,356
C02084,CLI00627,2025-12-19,0,10,101.04,2116.74,Loja física,293,0.04773377930213442,3,3,408.36666666666673,0,1,0,2,2.0,9,9,0,2,2,0.2222222222222222,0.3333333333333333,2,3,1.5,2.0,0,1,1,0,650,1,295
C02085,CLI00973,2025-09-21,0,10,130.26,3690.29,Loja física,293,0.035298038907511334,2,1,2437.87,0,1,0,0,377.0,9,9,0,3,3,0.3333333333333333,3.3333333333333335,16,30,10.0,16.0,0,0,0,0,691,1,296
C02088,CLI02754,2025-07-11,0,12,269.51,2994.5,Loja física,353,0.09000166972783435,3,3,592.4066666666666,0,0,0,3,243.0,11,11,0,5,5,0.45454545454545453,2.8181818181818183,26,31,6.2,26.0,0,1,0,0,826,1,356
C02089,CLI01440,2026-01-14,1,24,194.07,2580.74,Televendas,83,0.0751993614234677,2,2,447.46500000000003,0,1,0,1,706.0,2,2,0,0,0,0.0,0.0,0,0,,,0,0,0,0,649,1,86
C02090,CLI00253,2025-06-26,1,10,67.72,3283.69,Loja física,293,0.020623140430430398,1,0,,0,0,0,0,,9,9,0,1,1,0.1111111111111111,1.5555555555555556,14,14,14.0,14.0,0,1,0,0,721,1,294
C02091,CLI02192,2026-01-13,1,12,948.55,2595.21,Televendas,143,0.36550028706732784,2,4,1528.845,1,0,1,2,510.0,4,4,0,3,3,0.75,11.5,21,46,15.333333333333334,21.0,0,0,0,0,540,1,143
C02093,CLI01993,2026-01-09,1,12,203.14,1780.0,Site,263,0.11412359550561797,2,3,511.5833333333333,0,1,1,1,540.0,8,8,0,3,3,0.375,6.625,26,53,17.666666666666668,26.0,1,2,0,0,665,1,263
C02094,CLI01560,2025-07-04,1,12,235.47,3374.92,Loja física,353,0.06977054270916051,1,0,,0,0,0,0,,11,11,0,7,7,0.6363636363636364,9.090909090909092,25,100,14.285714285714286,25.0,0,0,0,0,669,1,353
C02095,CLI01910,2025-07-15,0,12,123.44,2033.84,Loja física,353,0.060693073201431774,2,2,1251.7,0,1,0,1,330.0,11,11,0,4,4,0.36363636363636365,0.45454545454545453,2,5,1.25,2.0,0,0,0,0,599,1,353
C02097,CLI01822,2025-10-20,1,12,102.18,5047.73,Televendas,353,0.020242762588331787,2,1,1050.3,0,1,0,0,456.0,11,11,0,5,5,0.45454545454545453,1.3636363636363635,9,15,3.0,9.0,0,0,0,0,816,1,354
C02098,CLI00558,2025-11-25,0,6,393.29,4555.59,Loja física,173,0.0863312984706701,3,2,1252.595,1,1,0,0,21.0,5,5,0,1,1,0.2,0.4,2,2,2.0,2.0,0,0,1,0,734,1,173
C02099,CLI00480,2026-01-12,0,12,114.93,4026.12,Loja física,143,0.02854609400613991,3,7,1064.952857142857,2,0,2,3,413.0,4,4,0,1,1,0.25,0.5,2,2,2.0,2.0,1,0,0,0,787,1,145
C02100,CLI01050,2026-01-14,0,24,45.83,2925.53,Loja física,413,0.015665537526533654,3,3,1002.8866666666667,0,1,1,1,257.0,13,12,1,7,6,0.5384615384615384,6.0,26,78,9.166666666666666,26.0,2,0,1,0,674,1,413
C02101,CLI00364,2026-01-25,0,12,159.08,7243.37,Site,323,0.021962152975755763,1,1,739.61,1,0,0,0,189.0,10,10,0,4,4,0.4,3.7,23,37,9.25,23.0,0,1,1,0,600,1,326
C02102,CLI01402,2025-09-15,1,10,223.71,3042.33,Televendas,293,0.07353245703128852,3,3,889.2233333333334,1,1,1,0,78.0,9,9,0,4,4,0.4444444444444444,0.6666666666666666,2,6,1.5,2.0,0,0,0,0,816,1,294
C02103,CLI01715,2025-06-09,1,10,48.5,2023.06,Loja física,293,0.02397358456990895,3,3,848.2333333333332,1,1,1,0,437.0,9,9,0,5,5,0.5555555555555556,5.555555555555555,18,50,10.0,18.0,0,0,0,0,577,1,296
C02104,CLI00730,2025-04-04,0,10,129.48,3056.23,Televendas,293,0.042365921412982656,2,2,778.36,1,1,0,0,95.0,9,9,0,4,4,0.4444444444444444,2.0,13,18,4.5,13.0,0,0,1,0,788,1,293
C02105,CLI01807,2025-10-20,0,10,110.66,2196.93,Loja física,293,0.050370289449367986,2,1,1198.37,0,1,0,0,129.0,9,9,0,1,1,0.1111111111111111,0.6666666666666666,6,6,6.0,6.0,1,0,0,1,883,1,296
C02106,CLI00194,2025-09-01,0,6,383.01,3694.52,Loja física,173,0.10366975953574484,1,3,768.1466666666666,1,0,1,1,248.0,5,5,0,3,3,0.6,6.4,25,32,10.666666666666666,25.0,0,0,0,0,761,1,173
C02107,CLI00021,2026-01-27,1,18,95.32,2360.9,Loja física,413,0.0403744334787581,3,2,410.72,1,0,0,1,555.0,13,13,0,4,4,0.3076923076923077,4.769230769230769,20,62,15.5,20.0,0,0,0,0,716,1,413
C02108,CLI01491,2025-08-06,1,6,366.37,2308.41,Loja física,173,0.15871097422035083,1,0,,0,0,0,0,,5,5,0,5,5,1.0,14.8,23,74,14.8,23.0,0,0,0,0,571,1,175
C02109,CLI00271,2026-01-28,1,18,241.0,2513.03,Loja física,383,0.09590016832270207,1,0,,0,0,0,0,,12,12,0,8,8,0.6666666666666666,4.333333333333333,18,52,6.5,18.0,0,1,0,0,448,1,385
C02110,CLI00074,2026-01-03,0,12,127.13,3360.86,Loja física,353,0.03782662770838416,1,0,,0,0,0,0,,11,11,0,5,5,0.45454545454545453,5.090909090909091,26,56,11.2,26.0,0,0,0,0,642,1,353
C02111,CLI01796,2026-02-05,0,12,141.34,2233.43,Televendas,203,0.06328382801341435,3,4,617.0875000000001,2,1,0,1,307.0,6,6,0,1,1,0.16666666666666666,0.3333333333333333,2,2,2.0,2.0,0,1,0,0,670,1,204
C02113,CLI00400,2024-12-11,1,6,580.89,1636.88,Loja física,173,0.35487635012951463,2,2,604.45,0,2,0,0,431.0,5,5,0,3,3,0.6,7.4,22,37,12.333333333333334,22.0,0,0,0,0,561,1,176
C02114,CLI02688,2025-11-30,1,10,245.97,3011.49,Loja física,293,0.08167717641433311,3,2,2014.74,0,1,0,1,468.0,9,9,0,6,6,0.6666666666666666,7.111111111111111,24,64,10.666666666666666,24.0,1,0,1,0,719,1,294
C02115,CLI02629,2025-11-11,0,12,84.1,2564.2,Loja física,353,0.032797753685359955,4,3,828.91,1,0,1,1,76.0,11,11,0,1,1,0.09090909090909091,0.18181818181818182,2,2,2.0,2.0,0,0,0,0,759,1,355
C02117,CLI00363,2025-12-16,0,6,403.93,4353.75,Televendas,173,0.09277749066896354,1,0,,0,0,0,0,,5,5,0,2,2,0.4,3.8,17,19,9.5,17.0,0,0,0,0,675,1,175
C02119,CLI00003,2026-01-12,0,6,99.73,2864.2,Loja física,113,0.034819495845262206,2,5,322.07,2,0,2,1,87.0,3,3,0,1,1,0.3333333333333333,0.3333333333333333,1,1,1.0,1.0,0,0,0,0,793,1,115
C02120,CLI02194,2026-02-03,0,12,154.72,2875.55,Loja física,143,0.05380535897480482,2,2,713.225,0,0,1,1,158.0,4,4,0,1,1,0.25,0.5,2,2,2.0,2.0,0,0,1,0,767,1,143
C02121,CLI00807,2026-01-25,0,18,66.56,5622.85,Loja física,143,0.011837413411348337,2,0,,0,0,0,0,,4,4,0,1,1,0.25,2.75,11,11,11.0,11.0,0,1,0,0,787,1,145
C02122,CLI00972,2025-01-26,1,6,180.2,2298.97,Loja física,173,0.07838292800689005,1,3,875.3000000000001,0,0,2,1,46.0,5,5,0,3,3,0.6,4.4,16,22,7.333333333333333,16.0,0,0,0,0,757,1,173
C02123,CLI00529,2026-02-04,1,12,223.2,2592.83,Televendas,83,0.08608354577816517,1,3,427.17,1,1,0,1,369.0,2,2,0,0,0,0.0,0.0,0,0,,,0,0,0,0,678,1,83
C02124,CLI01325,2026-01-31,0,18,129.85,3075.5,Loja física,353,0.042220777109413105,1,1,647.52,0,1,0,0,307.0,11,11,0,4,4,0.36363636363636365,3.5454545454545454,21,39,9.75,21.0,0,0,0,0,830,1,356
C02125,CLI02446,2025-09-19,1,6,636.94,2305.83,Site,173,0.2762302511460082,4,1,1311.15,1,0,0,0,359.0,5,5,0,5,5,1.0,18.4,26,92,18.4,26.0,0,0,0,0,511,1,175
C02126,CLI02562,2026-01-28,0,24,114.06,1718.35,Loja física,143,0.06637762970291268,1,1,296.07,0,0,1,0,342.0,4,4,0,2,2,0.5,8.75,22,35,17.5,22.0,0,0,0,0,738,1,145
C02127,CLI01118,2026-02-03,1,10,400.51,2272.05,Loja física,233,0.17627693052529653,1,0,,0,0,0,0,,7,7,0,4,4,0.5714285714285714,5.571428571428571,16,39,9.75,16.0,1,0,0,0,476,1,236
C02128,CLI01673,2025-08-24,0,6,180.13,1673.33,Loja física,173,0.10764762479606534,1,1,531.66,0,0,1,0,749.0,5,5,0,0,0,0.0,0.0,0,0,,,0,0,0,0,939,1,176
C02131,CLI00216,2026-01-16,1,24,84.93,7874.76,Loja física,263,0.010785090593237128,3,2,1144.915,0,0,2,0,703.0,8,8,0,7,7,0.875,12.0,25,96,13.714285714285714,25.0,0,0,0,0,592,1,265
C02132,CLI00885,2026-01-09,0,6,79.84,2406.57,Televendas,143,0.03317584778335972,2,3,864.6233333333333,1,2,0,0,234.0,4,4,0,2,2,0.5,0.5,1,2,1.0,1.0,0,0,0,1,887,1,143
C02133,CLI00153,2026-01-27,1,18,301.61,1256.27,Loja física,173,0.24008373996035887,2,2,750.74,0,0,0,2,223.0,5,5,0,5,5,1.0,15.8,25,79,15.8,25.0,2,0,0,0,412,1,173
C02134,CLI02245,2026-01-09,0,18,30.94,3196.57,Loja física,233,0.009679124811907764,2,4,1066.155,2,1,0,1,327.0,7,7,0,2,2,0.2857142857142857,0.7142857142857143,3,5,2.5,3.0,0,0,0,0,747,1,233
C02137,CLI02311,2026-01-16,1,6,647.76,2476.68,Loja física,113,0.26154367944183343,1,0,,0,0,0,0,,3,3,0,2,2,0.6666666666666666,3.3333333333333335,6,10,5.0,6.0,0,1,0,0,469,1,115
C02138,CLI01270,2025-07-28,1,12,109.32,2552.15,Televendas,353,0.04283447289540191,1,0,,0,0,0,0,,11,11,0,4,4,0.36363636363636365,3.5454545454545454,18,39,9.75,18.0,0,0,0,0,804,1,353
C02139,CLI01516,2025-06-24,0,12,98.41,4578.79,Loja física,353,0.021492577733418654,2,2,805.5849999999999,1,1,0,0,65.0,11,11,0,4,4,0.36363636363636365,2.6363636363636362,21,29,7.25,21.0,0,0,0,0,689,1,353
C02140,CLI00918,2026-01-28,1,24,77.61,2836.49,Televendas,173,0.027361281019852003,4,5,478.78999999999996,1,4,0,0,101.0,5,5,0,2,2,0.4,4.4,21,22,11.0,21.0,0,0,0,0,627,1,174
C02141,CLI00149,2026-01-19,1,10,207.43,2584.27,Site,293,0.08026638083481989,3,4,657.4875,1,1,0,2,76.0,9,9,0,6,6,0.6666666666666666,7.0,26,63,10.5,26.0,0,0,0,0,696,1,295
C02142,CLI02036,2025-12-13,1,6,202.16,2093.3,Loja física,173,0.09657478622271054,2,2,577.475,1,1,0,0,295.0,5,5,0,2,2,0.4,2.4,6,12,6.0,6.0,0,0,0,0,635,1,175
C02143,CLI00770,2026-01-30,1,18,201.14,1212.45,Site,473,0.16589550084539567,1,1,472.73,0,0,0,1,303.0,15,15,0,7,7,0.4666666666666667,3.8666666666666667,19,58,8.285714285714286,19.0,1,0,0,0,598,1,476
C02144,CLI00921,2026-01-21,0,24,133.98,2511.82,Loja física,383,0.05333980938124546,4,1,703.29,0,0,0,1,633.0,12,12,0,4,4,0.3333333333333333,4.333333333333333,20,52,13.0,20.0,0,1,0,0,529,1,386
C02145,CLI01160,2025-12-20,0,10,151.7,3285.88,Loja física,293,0.046167236782840515,3,5,411.262,1,2,2,0,565.0,9,9,0,8,8,0.8888888888888888,7.111111111111111,25,64,8.0,25.0,0,1,0,0,729,1,294
C02146,CLI01780,2026-01-02,1,10,194.5,1332.66,Site,293,0.14594870409556826,1,0,,0,0,0,0,,9,9,0,8,8,0.8888888888888888,15.222222222222221,26,137,17.125,26.0,0,1,2,0,621,1,295
C02147,CLI01571,2026-01-25,0,12,85.75,5178.72,Loja física,263,0.016558145642166403,2,4,1277.825,0,3,0,1,257.0,8,8,0,3,3,0.375,2.75,20,22,7.333333333333333,20.0,0,0,0,0,781,1,263
C02148,CLI00556,2026-01-10,0,24,121.56,2833.25,Loja física,173,0.04290479131739169,3,4,754.96,3,0,0,1,239.0,5,4,1,3,2,0.6,8.2,23,41,9.0,14.0,0,2,1,0,713,1,174
C02149,CLI01199,2026-01-10,1,18,71.79,3779.74,Loja física,113,0.018993369914332734,2,1,250.81,0,1,0,0,484.0,3,3,0,0,0,0.0,0.0,0,0,,,1,0,0,0,705,1,115
C02150,CLI00084,2026-01-29,0,18,81.42,1300.6,Site,263,0.06260187605720437,3,5,787.266,1,0,2,2,122.0,8,8,0,3,3,0.375,0.5,2,4,1.3333333333333333,2.0,2,0,0,0,660,1,264
C02151,CLI00269,2026-01-27,0,12,187.76,4403.15,Loja física,113,0.0426421993345673,2,0,,0,0,0,0,,3,3,0,0,0,0.0,0.0,0,0,,,0,0,0,0,771,1,114
C02152,CLI01309,2026-01-15,1,12,113.77,4299.4,Loja física,323,0.02646183188351863,2,1,454.52,0,0,1,0,753.0,10,10,0,6,6,0.6,4.4,21,44,7.333333333333333,21.0,0,0,0,1,728,1,324
C02154,CLI01380,2025-10-12,0,12,130.51,6007.29,Loja física,353,0.021725270463054055,1,1,373.11,0,1,0,0,740.0,11,11,0,6,6,0.5454545454545454,2.909090909090909,24,32,5.333333333333333,24.0,0,1,0,0,779,1,355
C02155,CLI01260,2025-07-15,0,6,313.07,2075.7,Loja física,173,0.15082622729681555,4,3,506.54333333333335,1,1,0,1,239.0,5,5,0,3,3,0.6,12.6,26,63,21.0,26.0,2,0,0,0,528,1,175
C02156,CLI00322,2025-07-12,0,12,143.15,5144.86,Site,353,0.027823886364254813,2,3,793.0,0,1,1,1,65.0,11,11,0,1,1,0.09090909090909091,0.09090909090909091,1,1,1.0,1.0,0,0,2,0,715,1,353
C02157,CLI00773,2025-08-27,1,12,174.03,2852.77,Televendas,353,0.061003866417552066,4,5,717.69,3,1,1,0,4.0,11,11,0,8,8,0.7272727272727273,7.454545454545454,25,82,10.25,25.0,1,0,0,0,643,1,355
C02158,CLI00513,2026-01-25,1,18,64.08,6503.78,Site,443,0.00985273179597096,1,0,,0,0,0,0,,14,14,0,4,4,0.2857142857142857,1.8571428571428572,17,26,6.5,17.0,0,0,0,0,643,1,446
C02159,CLI00076,2025-05-18,1,10,82.42,3607.38,Loja física,293,0.02284760685040112,2,1,719.34,0,0,1,0,184.0,9,9,0,3,3,0.3333333333333333,0.4444444444444444,2,4,1.3333333333333333,2.0,0,0,0,0,857,1,293
C02161,CLI01438,2026-01-20,1,12,78.31,2408.54,Televendas,173,0.032513472892291596,2,3,518.1733333333333,0,0,1,2,321.0,5,5,0,2,2,0.4,5.6,19,28,14.0,19.0,0,0,2,0,712,1,176
C02162,CLI01551,2026-01-15,0,12,131.49,2339.41,Televendas,293,0.05620647941147555,2,0,,0,0,0,0,,9,9,0,3,3,0.3333333333333333,1.2222222222222223,8,11,3.6666666666666665,8.0,1,0,0,1,681,1,293
C02163,CLI01358,2025-07-20,0,12,391.6,2531.41,Televendas,353,0.1546963944995082,2,8,869.135,1,3,2,2,149.0,11,11,0,1,1,0.09090909090909091,0.18181818181818182,2,2,2.0,2.0,0,0,0,0,750,1,355
C02165,CLI00620,2025-07-04,0,12,185.73,1670.62,Televendas,353,0.1111742945732722,1,5,605.482,1,2,1,1,113.0,11,11,0,4,4,0.36363636363636365,0.6363636363636364,3,7,1.75,3.0,0,0,0,0,817,1,354
C02166,CLI00380,2025-10-29,0,12,217.09,1413.41,Loja física,353,0.15359308339406116,2,0,,0,0,0,0,,11,11,0,3,3,0.2727272727272727,2.0,14,22,7.333333333333333,14.0,0,1,0,0,835,1,356
C02167,CLI01303,2025-05-22,1,6,557.21,1347.0,Loja física,173,0.4136674090571641,3,6,1748.1733333333334,3,1,0,2,12.0,5,5,0,5,5,1.0,20.6,26,103,20.6,26.0,1,0,2,0,376,1,174
C02168,CLI00972,2026-02-01,0,24,37.75,7033.64,Loja física,143,0.005367064564009531,5,8,924.67125,1,3,3,1,175.0,4,4,0,3,3,0.75,10.0,19,40,13.333333333333334,19.0,0,0,0,0,599,1,145
C02169,CLI02023,2026-02-05,0,18,179.75,2519.23,Site,83,0.07135116682478376,3,3,595.97,1,0,2,0,640.0,2,2,0,0,0,0.0,0.0,0,0,,,0,0,0,0,629,1,84
C02170,CLI02282,2025-08-04,0,12,73.3,2206.79,Televendas,353,0.03321566619388342,1,4,1074.32,1,0,2,1,230.0,11,11,0,2,2,0.18181818181818182,0.18181818181818182,1,2,1.0,1.0,0,0,0,0,824,1,353
C02172,CLI02769,2026-01-23,0,24,84.58,4036.03,Site,233,0.020956236697943276,1,3,373.45666666666665,0,1,2,0,197.0,7,7,0,1,1,0.14285714285714285,0.2857142857142857,2,2,2.0,2.0,0,0,1,0,979,1,235
C02173,CLI01160,2026-01-30,0,24,95.22,7306.78,Loja física,293,0.013031732172037477,3,5,411.262,1,2,2,0,606.0,9,9,0,9,9,1.0,14.333333333333334,24,129,14.333333333333334,24.0,0,0,0,0,591,1,294
C02174,CLI00261,2025-11-22,0,10,197.63,2482.71,Site,293,0.07960253110512303,3,3,1155.7833333333335,0,1,1,1,78.0,9,9,0,1,1,0.1111111111111111,0.5555555555555556,5,5,5.0,5.0,0,0,0,0,691,1,294
C02175,CLI01886,2026-01-17,0,10,86.55,3780.94,Loja física,263,0.022891132892878488,3,3,560.0566666666667,1,1,1,0,397.0,8,8,0,5,5,0.625,6.625,18,53,10.6,18.0,0,0,0,0,598,1,263
C02176,CLI01719,2026-02-06,1,12,132.1,3037.85,Site,203,0.04348470135128463,3,3,1303.0366666666666,0,0,2,1,215.0,6,6,0,3,3,0.5,3.0,15,18,6.0,15.0,0,0,0,0,469,1,205
C02177,CLI00485,2025-08-22,1,12,92.2,3074.64,Loja física,353,0.029987250539900607,1,0,,0,0,0,0,,11,11,0,7,7,0.6363636363636364,9.090909090909092,25,100,14.285714285714286,25.0,1,0,0,0,637,1,354
C02178,CLI01637,2026-02-05,0,6,115.87,4807.6,Loja física,83,0.024101422747316747,1,2,963.99,0,2,0,0,309.0,2,2,0,1,1,0.5,1.0,2,2,2.0,2.0,0,0,0,0,689,1,83
C02179,CLI00810,2025-12-26,1,10,346.34,1264.84,Loja física,293,0.2738211947756238,1,1,1743.08,0,1,0,0,154.0,9,9,0,9,9,1.0,15.222222222222221,25,137,15.222222222222221,25.0,0,0,0,0,435,1,296
C02181,CLI00953,2026-01-27,0,10,243.3,1728.53,Loja física,203,0.14075543959318035,2,1,3454.38,1,0,0,0,516.0,6,6,0,1,1,0.16666666666666666,0.3333333333333333,2,2,2.0,2.0,0,0,0,0,908,1,206
C02182,CLI00276,2026-01-26,1,12,91.53,2121.57,Site,113,0.04314257837356297,3,7,845.9857142857143,2,3,2,0,348.0,3,3,0,1,1,0.3333333333333333,0.6666666666666666,2,2,2.0,2.0,0,0,0,0,556,1,115
C02183,CLI00659,2025-08-28,1,6,968.53,2281.61,Site,173,0.42449410723129716,1,1,207.5,0,0,0,1,518.0,5,5,0,5,5,1.0,13.2,17,66,13.2,17.0,0,0,0,0,719,1,175
C02184,CLI00452,2026-01-21,0,12,189.4,1455.11,Loja física,83,0.1301619808811705,2,3,882.5333333333334,1,0,1,1,224.0,2,2,0,0,0,0.0,0.0,0,0,,,2,0,0,0,399,1,84
C02185,CLI00651,2025-06-10,1,6,578.17,1768.58,Loja física,173,0.3269119858869828,2,5,920.3979999999999,3,1,1,0,226.0,5,5,0,5,5,1.0,11.2,22,56,11.2,22.0,0,0,1,0,563,1,173
C02187,CLI00227,2026-01-29,0,24,54.67,5032.98,Loja física,563,0.010862351926691544,1,1,486.97,1,0,0,0,604.0,18,18,0,4,4,0.2222222222222222,0.4444444444444444,2,8,2.0,2.0,0,0,0,0,851,1,565
C02189,CLI01936,2026-02-03,1,18,145.21,3752.25,Loja física,473,0.038699446998467585,1,1,966.86,0,0,0,1,697.0,15,15,0,9,9,0.6,7.066666666666666,26,106,11.777777777777779,26.0,1,2,1,0,728,1,476
C02191,CLI01261,2025-10-17,0,12,119.95,4520.65,Loja física,353,0.02653379491887229,2,3,579.2199999999999,1,0,0,2,441.0,11,11,0,2,2,0.18181818181818182,0.2727272727272727,2,3,1.5,2.0,0,0,0,0,696,1,356
C02192,CLI00286,2026-02-05,0,10,181.79,3137.55,Loja física,263,0.0579401125081672,3,8,805.08875,2,4,0,2,53.0,8,8,0,1,1,0.125,0.25,2,2,2.0,2.0,0,0,0,0,1000,1,266
C02193,CLI01331,2025-09-01,1,12,65.78,5583.35,Loja física,353,0.011781457368783972,2,1,1886.31,0,0,1,0,698.0,11,11,0,4,4,0.36363636363636365,3.0,12,33,8.25,12.0,0,0,0,0,656,1,356
C02194,CLI01144,2026-01-24,1,12,355.26,1336.13,Loja física,173,0.2658873013853442,3,1,700.99,1,0,0,0,795.0,5,5,0,4,4,0.8,12.8,24,64,16.0,24.0,0,1,0,0,600,1,173
C02195,CLI01748,2026-01-16,1,10,145.48,2050.01,Loja física,173,0.07096550748532933,1,2,677.4549999999999,1,0,0,1,188.0,5,5,0,4,4,0.8,11.6,23,58,14.5,23.0,0,0,0,0,585,1,176
C02196,CLI00948,2026-01-11,1,18,105.41,1055.58,Televendas,533,0.09985979272058963,3,2,1687.005,0,0,0,2,425.0,17,17,0,10,10,0.5882352941176471,5.470588235294118,22,93,9.3,22.0,0,0,0,0,628,1,535
C02197,CLI01082,2025-12-31,0,6,152.2,4106.57,Site,173,0.03706256072586124,1,0,,0,0,0,0,,5,5,0,2,2,0.4,1.4,5,7,3.5,5.0,1,0,0,0,726,1,176
C02198,CLI00356,2026-02-02,0,18,110.49,1693.24,Loja física,83,0.06525359665493373,1,5,915.332,0,1,3,1,85.0,2,2,0,1,1,0.5,0.5,1,1,1.0,1.0,0,0,0,0,980,1,85
C02199,CLI01301,2026-01-18,0,18,34.34,1680.61,Televendas,83,0.020433057044763513,1,1,685.62,1,0,0,0,536.0,2,2,0,2,2,1.0,1.5,2,3,1.5,2.0,0,0,0,0,803,1,85
C02201,CLI00090,2026-01-31,0,10,122.76,1576.87,Loja física,293,0.07785042520943389,1,3,856.6199999999999,1,1,1,0,258.0,9,9,0,3,3,0.3333333333333333,1.6666666666666667,12,15,5.0,12.0,0,0,0,0,757,1,293
C02202,CLI00456,2026-01-24,1,24,97.89,1695.88,Televendas,473,0.05772224449843149,2,6,1436.9916666666668,3,1,1,1,54.0,15,15,0,12,12,0.8,13.6,26,204,17.0,26.0,0,1,0,0,568,1,473
C02203,CLI02123,2026-01-22,0,10,104.13,1931.47,Site,83,0.05391230513546676,3,3,982.4,1,1,1,0,436.0,2,2,0,1,1,0.5,1.0,2,2,2.0,2.0,0,0,0,0,946,1,86
C02205,CLI00686,2026-01-08,0,24,110.73,2346.97,Loja física,83,0.04717998099677457,1,0,,0,0,0,0,,2,2,0,1,1,0.5,1.0,2,2,2.0,2.0,0,0,0,0,652,1,86
C02206,CLI01991,2026-01-21,0,12,63.86,1428.79,Loja física,293,0.044695161640269036,1,3,1139.5933333333332,0,1,0,2,504.0,9,9,0,0,0,0.0,0.0,0,0,,,3,0,1,0,653,1,294
C02207,CLI01613,2025-05-28,1,6,715.82,2240.06,Site,173,0.3195539405194504,3,3,319.89,1,0,2,0,562.0,5,5,0,4,4,0.8,10.4,17,52,13.0,17.0,0,0,0,0,507,1,174
C02208,CLI00681,2026-02-01,0,18,170.92,2730.2,Site,233,0.06260347227309354,1,0,,0,0,0,0,,7,7,0,3,3,0.42857142857142855,0.7142857142857143,2,5,1.6666666666666667,2.0,0,0,0,0,798,1,233
C02209,CLI02359,2026-01-30,0,10,236.95,1830.81,Loja física,263,0.12942358846630725,2,1,361.68,0,0,1,0,711.0,8,8,0,7,7,0.875,6.875,19,55,7.857142857142857,19.0,0,0,0,1,655,1,263
C02210,CLI00499,2026-01-13,1,6,936.19,2642.42,Loja física,83,0.3542926559744477,2,0,,0,0,0,0,,2,2,0,2,2,1.0,20.5,22,41,20.5,22.0,0,0,0,0,411,1,86
C02211,CLI02670,2026-02-02,1,18,81.06,3998.57,Televendas,413,0.02027224732841991,3,3,1512.0633333333335,1,0,2,0,100.0,13,13,0,5,5,0.38461538461538464,3.1538461538461537,19,41,8.2,19.0,0,0,0,0,663,1,413
C02212,CLI02423,2025-11-27,0,12,221.82,4312.96,Televendas,353,0.05143103576198249,2,1,632.12,0,1,0,0,547.0,11,11,0,6,6,0.5454545454545454,5.636363636363637,26,62,10.333333333333334,26.0,2,0,0,0,737,1,353
C02213,CLI00816,2026-02-06,1,18,140.17,4068.21,Televendas,203,0.03445495684834362,2,4,664.405,0,1,1,2,395.0,6,6,0,2,2,0.3333333333333333,1.8333333333333333,9,11,5.5,9.0,0,0,0,0,600,1,203
C02214,CLI02104,2026-01-24,0,18,35.62,2107.71,Loja física,383,0.016899858139876926,2,0,,0,0,0,0,,12,12,0,5,5,0.4166666666666667,2.5,13,30,6.0,13.0,0,1,1,0,587,1,384
C02215,CLI02133,2025-08-02,0,12,111.6,3969.97,Loja física,353,0.02811104366027955,2,3,1070.8799999999999,0,1,1,1,380.0,11,11,0,5,5,0.45454545454545453,2.4545454545454546,10,27,5.4,10.0,0,0,0,0,571,1,353
C02216,CLI01269,2025-08-01,1,10,133.28,3995.7,Loja física,293,0.03335585754686288,1,1,752.0,0,0,0,1,338.0,9,9,0,2,2,0.2222222222222222,0.3333333333333333,2,3,1.5,2.0,0,0,0,0,622,1,295
C02217,CLI01094,2025-06-09,0,12,114.05,3488.15,Loja física,353,0.03269641500508866,2,2,860.635,0,1,0,1,289.0,11,11,0,0,0,0.0,0.0,0,0,,,2,0,0,0,623,1,355
C02218,CLI00793,2026-01-17,1,24,63.39,2196.53,Site,83,0.028859155121942336,2,3,1948.93,1,2,0,0,855.0,2,2,0,0,0,0.0,0.0,0,0,,,0,0,0,0,718,1,85
C02219,CLI02475,2025-10-07,0,12,47.06,1959.75,Loja física,353,0.024013266998341627,2,6,737.1416666666668,0,3,3,0,133.0,11,11,0,3,3,0.2727272727272727,1.0,6,11,3.6666666666666665,6.0,0,0,0,1,915,1,353
C02220,CLI02360,2026-01-27,0,12,276.75,2278.24,Site,293,0.12147534939251353,2,2,568.47,0,1,0,1,175.0,9,9,0,3,3,0.3333333333333333,1.5555555555555556,7,14,4.666666666666667,7.0,0,0,0,0,893,1,293
C02222,CLI02718,2025-09-02,0,10,129.15,1934.08,Loja física,293,0.06677593481138319,2,3,2933.2000000000003,2,0,0,1,322.0,9,9,0,5,5,0.5555555555555556,6.333333333333333,25,57,11.4,25.0,0,0,1,1,654,1,294
C02224,CLI01144,2025-11-25,1,10,128.28,2567.03,Loja física,293,0.04997214679999844,3,1,700.99,1,0,0,0,735.0,9,8,1,7,6,0.7777777777777778,13.0,24,117,15.666666666666666,24.0,0,0,1,0,734,1,294
C02226,CLI01990,2026-02-06,1,24,60.01,4080.52,Loja física,323,0.014706458980718142,4,4,1021.1125000000001,2,1,1,0,238.0,10,10,0,1,1,0.1,2.6,26,26,26.0,26.0,0,0,0,0,839,1,326
C02227,CLI02418,2026-01-15,0,12,133.81,2125.54,Televendas,233,0.06295341419121729,1,1,613.92,0,1,0,0,685.0,7,6,1,5,4,0.7142857142857143,15.0,26,105,20.5,26.0,1,0,4,0,438,1,233
C02229,CLI02386,2026-01-13,0,6,309.23,2558.07,Loja física,173,0.12088410403155504,2,2,1188.18,2,0,0,0,555.0,5,5,0,2,2,0.4,5.4,25,27,13.5,25.0,0,0,0,0,627,1,174
C02231,CLI00703,2026-01-15,1,18,21.11,2743.84,Televendas,473,0.0076935972943028745,1,1,226.0,0,0,0,1,447.0,15,15,0,3,3,0.2,1.8,25,27,9.0,25.0,0,0,0,0,752,1,475
C02232,CLI00889,2025-04-18,0,6,677.09,3860.32,Loja física,173,0.17539737638330502,1,1,1434.33,0,1,0,0,745.0,5,5,0,2,2,0.4,6.8,23,34,17.0,23.0,0,0,1,0,832,1,173
C02233,CLI02043,2026-01-09,1,12,309.35,3152.62,Loja física,203,0.09812473434793918,2,3,667.91,0,0,2,1,291.0,6,6,0,2,2,0.3333333333333333,0.3333333333333333,1,2,1.0,1.0,0,0,0,0,568,1,206
C02234,CLI02496,2026-01-29,0,18,165.55,2645.86,Loja física,353,0.06256944811894809,5,7,814.7785714285714,2,3,0,2,66.0,11,11,0,6,6,0.5454545454545454,7.545454545454546,24,83,13.833333333333334,24.0,0,0,0,0,473,1,356
C02235,CLI00055,2025-08-15,0,10,38.0,2875.02,Loja física,293,0.01321729935791751,2,3,613.7633333333333,1,1,0,1,24.0,9,9,0,4,4,0.4444444444444444,4.0,25,36,9.0,25.0,1,0,0,0,552,1,294
C02236,CLI01598,2026-01-21,1,24,178.83,2631.92,Loja física,563,0.06794659412140187,3,6,1154.0833333333333,1,5,0,0,50.0,18,18,0,14,14,0.7777777777777778,12.055555555555555,26,217,15.5,26.0,0,0,0,0,552,1,563
C02237,CLI00168,2025-10-13,1,10,154.47,5042.1,Loja física,293,0.03063604450526566,3,1,561.95,1,0,0,0,327.0,9,9,0,5,5,0.5555555555555556,4.555555555555555,17,41,8.2,17.0,0,1,0,0,640,1,293
C02238,CLI00027,2026-01-05,0,12,81.18,4932.7,Loja física,353,0.016457518194903403,3,4,1292.4825,2,1,0,1,51.0,11,11,0,4,4,0.36363636363636365,2.4545454545454546,22,27,6.75,22.0,0,1,0,0,644,1,354
C02239,CLI02053,2025-12-22,0,12,77.42,3205.65,Site,353,0.024151108199585106,2,3,698.6066666666666,1,0,1,1,56.0,11,11,0,2,2,0.18181818181818182,0.36363636363636365,2,4,2.0,2.0,0,0,0,0,675,1,356
C02240,CLI00101,2026-01-20,1,12,279.49,1657.99,Loja física,113,0.16857158366455768,2,1,863.52,1,0,0,0,348.0,3,3,0,0,0,0.0,0.0,0,0,,,1,1,0,0,682,1,116
C02242,CLI00209,2026-01-16,0,12,225.74,4352.53,Loja física,143,0.05186408824292998,2,1,527.63,0,0,0,1,555.0,4,4,0,2,2,0.5,5.0,19,20,10.0,19.0,1,1,0,0,926,1,145
C02243,CLI01569,2026-01-15,1,10,53.45,1166.49,Site,203,0.045821224356831176,1,2,1270.51,0,1,1,0,137.0,6,6,0,2,2,0.3333333333333333,1.6666666666666667,9,10,5.0,9.0,0,0,0,0,566,1,204
C02244,CLI01984,2025-11-09,0,12,153.42,2085.75,Loja física,353,0.07355627472132326,3,6,1367.9400000000003,1,3,0,2,72.0,11,11,0,0,0,0.0,0.0,0,0,,,0,0,0,0,726,1,355
C02245,CLI01277,2026-01-15,0,10,67.81,2774.94,Site,293,0.0244365643941851,2,2,485.56,0,0,0,2,300.0,9,9,0,1,1,0.1111111111111111,0.2222222222222222,2,2,2.0,2.0,0,1,0,0,824,1,296
C02246,CLI00289,2026-01-24,0,10,230.83,2219.15,Loja física,293,0.1040173039226731,1,0,,0,0,0,0,,9,9,0,2,2,0.2222222222222222,2.6666666666666665,22,24,12.0,22.0,0,0,0,0,700,1,294
C02247,CLI02309,2026-01-31,0,24,66.51,6921.1,Loja física,533,0.00960974411581974,1,0,,0,0,0,0,,17,17,0,10,10,0.5882352941176471,8.823529411764707,25,150,15.0,25.0,1,0,1,0,637,1,534
C02248,CLI00517,2026-01-09,1,24,46.7,2513.9,Site,293,0.01857671347308962,2,2,834.475,0,0,1,1,296.0,9,9,0,3,3,0.3333333333333333,5.555555555555555,22,50,16.666666666666668,22.0,0,0,0,0,803,1,293
C02249,CLI02182,2026-01-18,1,12,527.78,2456.68,Site,293,0.21483465490010908,1,1,618.64,0,0,0,1,290.0,9,9,0,7,7,0.7777777777777778,7.555555555555555,25,68,9.714285714285714,25.0,2,2,0,0,512,1,293
C02250,CLI01027,2025-06-23,0,12,107.16,1842.98,Loja física,353,0.05814496087857708,1,1,534.69,0,1,0,0,704.0,11,11,0,6,6,0.5454545454545454,7.818181818181818,22,86,14.333333333333334,22.0,1,0,0,0,623,1,355
C02251,CLI01684,2025-06-14,0,10,163.18,3149.25,Loja física,293,0.05181551162975312,1,5,914.65,0,2,3,0,61.0,9,9,0,6,6,0.6666666666666666,7.333333333333333,20,66,11.0,20.0,0,0,0,0,645,1,295
C02252,CLI01050,2026-01-08,1,18,73.54,2774.74,Site,533,0.026503384100852696,3,3,1002.8866666666667,0,1,1,1,251.0,17,17,0,8,8,0.47058823529411764,5.823529411764706,20,99,12.375,20.0,0,0,0,2,663,1,533
C02253,CLI02413,2025-12-21,0,6,84.44,3555.81,Loja física,173,0.023747050601691317,1,1,980.87,0,0,1,0,157.0,5,5,0,1,1,0.2,0.4,2,2,2.0,2.0,0,0,0,0,860,1,176
C02254,CLI00853,2026-01-11,0,18,114.44,1880.35,Loja física,473,0.060861009918366266,3,5,728.39,1,0,0,4,346.0,15,15,0,3,3,0.2,0.3333333333333333,2,5,1.6666666666666667,2.0,0,0,0,0,807,1,473
C02256,CLI01519,2025-12-26,0,12,179.69,2695.34,Loja física,353,0.06666691400713824,2,1,431.19,0,0,0,1,452.0,11,11,0,2,2,0.18181818181818182,0.36363636363636365,2,4,2.0,2.0,0,0,0,0,758,1,356
C02257,CLI02401,2026-01-10,0,12,212.37,1837.38,Loja física,113,0.11558305848545211,2,2,627.085,1,0,0,1,159.0,3,2,1,3,2,1.0,17.666666666666668,24,53,15.0,24.0,0,0,1,0,585,1,113
C02258,CLI02453,2026-01-24,0,18,69.82,3692.04,Loja física,143,0.018910954377525702,2,4,1318.685,1,1,1,1,169.0,4,4,0,1,1,0.25,0.25,1,1,1.0,1.0,0,0,0,0,916,1,143
C02259,CLI00117,2025-12-29,0,6,259.91,1977.86,Site,173,0.1314097054392121,1,1,691.17,0,1,0,0,480.0,5,5,0,1,1,0.2,0.6,3,3,3.0,3.0,0,0,1,0,662,1,173
C02260,CLI01339,2026-01-12,1,18,47.23,5828.68,Site,203,0.008103035335616297,1,0,,0,0,0,0,,6,6,0,4,4,0.6666666666666666,12.333333333333334,19,74,18.5,19.0,0,1,0,0,788,1,204
C02261,CLI01345,2026-02-06,1,10,363.03,2353.15,Loja física,263,0.15427405817733675,2,1,328.38,0,0,0,1,879.0,8,8,0,3,3,0.375,3.75,19,30,10.0,19.0,0,0,0,0,654,1,266
C02262,CLI00026,2026-01-09,0,24,60.24,4764.47,Site,113,0.012643588898660291,2,2,2043.75,0,1,0,1,102.0,3,2,1,1,0,0.3333333333333333,7.666666666666667,23,23,,,0,0,0,1,699,1,115
C02263,CLI01658,2026-01-12,0,12,121.67,3070.23,Loja física,83,0.03962895287975168,2,2,788.2,1,1,0,0,149.0,2,2,0,0,0,0.0,0.0,0,0,,,0,0,0,0,705,1,84
C02264,CLI01423,2026-01-19,1,10,445.54,2073.78,Loja física,203,0.2148443904367869,4,3,354.9266666666667,0,2,1,0,104.0,6,6,0,4,4,0.6666666666666666,7.5,22,45,11.25,22.0,1,0,0,0,561,1,203
C02265,CLI00862,2026-01-25,1,12,125.78,1856.59,Site,233,0.06774786032457356,3,1,477.31,0,0,1,0,678.0,7,7,0,1,1,0.14285714285714285,3.7142857142857144,26,26,26.0,26.0,0,0,0,0,613,1,234
C02267,CLI01312,2026-02-06,0,10,220.32,2446.02,Loja física,293,0.09007285304290234,1,2,845.435,0,0,0,2,526.0,9,9,0,5,5,0.5555555555555556,4.111111111111111,20,37,7.4,20.0,0,0,1,1,670,1,294
C02268,CLI00731,2026-01-19,0,18,110.84,3751.58,Loja física,323,0.029544885088416083,3,6,1006.7333333333335,1,1,2,2,72.0,10,10,0,7,7,0.7,4.8,23,48,6.857142857142857,23.0,0,1,0,0,680,1,323
C02269,CLI02406,2025-07-20,1,12,160.66,4806.13,Site,353,0.033428142809287305,1,1,517.99,0,0,0,1,833.0,11,11,0,3,3,0.2727272727272727,0.36363636363636365,2,4,1.3333333333333333,2.0,0,0,0,0,604,1,354
C02270,CLI00862,2025-05-21,0,10,246.81,2185.2,Televendas,293,0.11294618341570567,2,1,477.31,0,0,1,0,429.0,9,9,0,1,1,0.1111111111111111,0.1111111111111111,1,1,1.0,1.0,0,0,0,0,762,1,296
C02271,CLI01998,2026-01-19,0,18,94.36,1886.3,Loja física,83,0.05002385622647511,3,8,980.855,5,1,1,1,375.0,2,2,0,0,0,0.0,0.0,0,0,,,0,0,0,0,742,1,83
C02272,CLI02095,2026-01-18,0,24,90.01,900.0,Loja física,263,0.10001111111111112,4,6,1460.0833333333333,1,2,0,3,181.0,8,8,0,3,3,0.375,5.375,22,43,14.333333333333334,22.0,0,0,0,0,967,1,266
C02273,CLI00918,2025-09-24,1,10,283.19,4399.42,Loja física,293,0.06436984875279014,4,4,526.7625,1,3,0,0,228.0,9,9,0,3,3,0.3333333333333333,4.666666666666667,21,42,14.0,21.0,0,0,1,0,595,1,293
C02274,CLI00807,2025-05-08,1,6,217.7,4394.72,Loja física,173,0.049536716787417626,1,0,,0,0,0,0,,5,5,0,3,3,0.6,4.6,17,23,7.666666666666667,17.0,0,1,1,0,728,1,175
C02275,CLI02184,2026-01-08,1,10,126.45,2081.77,Site,203,0.06074158048199369,3,1,1754.08,0,0,0,1,814.0,6,6,0,2,2,0.3333333333333333,8.333333333333334,26,50,25.0,26.0,0,0,0,0,571,1,205
C02277,CLI00344,2026-01-21,0,10,345.95,6496.0,Loja física,113,0.05325584975369458,2,1,422.03,0,0,1,0,343.0,3,3,0,1,1,0.3333333333333333,6.0,18,18,18.0,18.0,0,1,0,0,804,1,113
C02279,CLI02353,2026-01-12,0,24,97.61,2555.25,Loja física,113,0.038199784756873106,4,5,994.208,1,1,2,1,81.0,3,3,0,1,1,0.3333333333333333,0.6666666666666666,2,2,2.0,2.0,0,0,0,0,674,1,114
C02280,CLI02324,2025-06-04,1,12,859.56,2327.84,Loja física,353,0.36925218228056905,1,2,425.2,0,0,2,0,56.0,11,11,0,9,9,0.8181818181818182,11.545454545454545,26,127,14.11111111111111,26.0,0,0,1,0,552,1,354
C02282,CLI01115,2026-01-08,0,12,153.35,3622.04,Loja física,203,0.04233801945864761,2,1,2069.93,1,0,0,0,169.0,6,6,0,1,1,0.16666666666666666,1.0,6,6,6.0,6.0,0,0,0,0,708,1,205
C02284,CLI00416,2026-01-10,1,18,41.32,5922.2,Televendas,533,0.006977136874810037,2,1,737.14,1,0,0,0,77.0,17,17,0,10,10,0.5882352941176471,8.058823529411764,24,137,13.7,24.0,0,0,0,0,749,1,535
C02285,CLI02373,2025-12-14,0,18,55.24,2205.74,Loja física,533,0.02504374948996709,4,3,1261.68,2,0,0,1,701.0,17,17,0,2,2,0.11764705882352941,0.23529411764705882,2,4,2.0,2.0,0,0,0,0,807,1,535
C02286,CLI00393,2026-02-05,0,24,172.51,2594.33,Loja física,473,0.06649501027240173,2,4,746.9675,0,2,1,1,75.0,15,15,0,2,2,0.13333333333333333,0.2,2,3,1.5,2.0,0,0,0,0,734,1,476
C02287,CLI00255,2026-01-25,0,10,143.94,4033.76,Loja física,263,0.03568382848756495,2,1,807.04,0,0,0,1,456.0,8,8,0,4,4,0.5,1.25,6,10,2.5,6.0,0,1,0,0,629,1,266
C02288,CLI01050,2026-01-30,0,12,231.28,2023.73,Site,353,0.11428402010149576,3,3,1002.8866666666667,0,1,1,1,273.0,11,11,0,7,7,0.6363636363636364,6.818181818181818,23,75,10.714285714285714,23.0,0,1,0,0,759,1,355
C02289,CLI01530,2026-02-02,1,12,154.51,2678.71,Televendas,233,0.05768074931590205,2,0,,0,0,0,0,,7,7,0,4,4,0.5714285714285714,11.142857142857142,25,78,19.5,25.0,0,0,0,0,590,1,236
C02290,CLI02177,2026-01-10,0,12,251.26,3874.61,Site,353,0.06484781694157606,2,2,934.335,1,0,0,1,526.0,11,11,0,4,4,0.36363636363636365,1.7272727272727273,14,19,4.75,14.0,1,0,0,0,876,1,353
C02291,CLI02747,2026-02-06,1,10,212.16,2308.47,Loja física,293,0.09190502800556213,2,2,723.69,0,1,0,1,691.0,9,9,0,8,8,0.8888888888888888,14.777777777777779,26,133,16.625,26.0,3,1,0,0,536,1,293
C02292,CLI01205,2026-02-03,0,12,141.54,2848.7,Televendas,143,0.04968582160283638,2,2,1096.0900000000001,1,0,1,0,204.0,4,4,0,0,0,0.0,0.0,0,0,,,1,0,0,0,618,1,143
C02293,CLI00149,2026-01-08,1,12,467.2,3791.15,Loja física,293,0.12323437479392796,3,4,657.4875,1,1,0,2,65.0,9,9,0,9,9,1.0,16.77777777777778,25,151,16.77777777777778,25.0,1,0,0,0,721,1,293
C02294,CLI00261,2026-01-28,1,10,237.35,1833.54,Televendas,203,0.12944904392595744,3,3,1155.7833333333335,0,1,1,1,145.0,6,6,0,4,4,0.6666666666666666,11.166666666666666,26,67,16.75,26.0,0,0,0,0,633,1,203
C02295,CLI00482,2026-01-20,0,24,112.96,2748.8,Loja física,533,0.041094295692665886,2,2,1576.97,0,2,0,0,104.0,17,17,0,8,8,0.47058823529411764,2.588235294117647,23,44,5.5,23.0,0,0,0,0,797,1,533
C02296,CLI01256,2025-12-22,0,6,202.07,2255.45,Loja física,173,0.0895918774523931,1,1,1731.13,0,1,0,0,776.0,5,5,0,2,2,0.4,5.0,16,25,12.5,16.0,0,0,0,0,719,1,174
C02297,CLI02052,2026-01-26,1,12,57.01,3514.25,Loja física,203,0.01622252258661165,3,1,481.71,1,0,0,0,178.0,6,6,0,4,4,0.6666666666666666,10.5,25,63,15.75,25.0,0,0,0,0,742,1,203
C02298,CLI00060,2026-02-03,1,10,174.26,1904.75,Loja física,203,0.09148707179419871,1,1,1334.92,0,1,0,0,867.0,6,6,0,3,3,0.5,4.666666666666667,25,28,9.333333333333334,25.0,0,0,0,0,590,1,205
C02299,CLI01595,2025-08-23,0,12,159.81,3637.88,Site,353,0.0439294314270949,2,3,970.0499999999998,1,1,0,1,109.0,11,11,0,5,5,0.45454545454545453,6.0,25,66,13.2,25.0,0,0,0,0,714,1,354
C02300,CLI02576,2026-01-13,1,18,444.01,2976.8,Televendas,293,0.14915681268476214,2,0,,0,0,0,0,,9,9,0,7,7,0.7777777777777778,8.0,24,72,10.285714285714286,24.0,2,0,1,0,686,1,296
C02301,CLI02020,2026-01-25,0,18,142.21,2594.35,Site,83,0.05481527164800432,2,1,484.48,0,0,1,0,285.0,2,2,0,0,0,0.0,0.0,0,0,,,0,0,0,0,766,1,85
C02302,CLI01219,2025-11-06,1,12,186.19,2612.97,Site,353,0.0712560802458505,2,2,965.1550000000001,1,1,0,0,810.0,11,11,0,5,5,0.45454545454545453,6.090909090909091,23,67,13.4,23.0,0,0,1,0,756,1,355
C02303,CLI01154,2026-01-19,1,6,822.18,1464.81,Site,143,0.5612878120711902,4,5,798.564,0,1,3,1,45.0,4,3,1,4,3,1.0,16.75,23,67,14.666666666666666,21.0,0,0,1,0,332,1,144
C02305,CLI02634,2026-01-28,0,24,113.64,2608.88,Loja física,563,0.04355892183619024,3,5,1598.5659999999998,3,1,0,1,118.0,18,18,0,5,5,0.2777777777777778,3.6666666666666665,26,66,13.2,26.0,0,0,0,0,702,1,566
C02306,CLI02687,2025-08-22,1,12,681.18,2293.72,Loja física,353,0.2969760912404304,3,5,757.238,3,0,1,1,31.0,11,11,0,8,8,0.7272727272727273,8.909090909090908,24,98,12.25,24.0,1,0,0,1,618,1,356
C02307,CLI02433,2026-01-19,0,10,171.29,4052.36,Loja física,203,0.042269196221461074,3,6,1117.6316666666667,2,1,2,1,40.0,6,6,0,0,0,0.0,0.0,0,0,,,0,0,0,0,737,1,203
C02308,CLI02404,2025-09-21,1,10,655.86,1057.93,Loja física,293,0.6199464992957946,3,5,915.568,1,0,0,4,103.0,9,9,0,9,9,1.0,13.444444444444445,24,121,13.444444444444445,24.0,0,0,0,0,430,1,296
C02310,CLI01793,2025-05-16,1,10,295.81,5788.52,Loja física,293,0.05110287258228355,1,0,,0,0,0,0,,9,9,0,3,3,0.3333333333333333,3.3333333333333335,26,30,10.0,26.0,1,0,2,0,613,1,293
C02311,CLI02023,2026-01-14,0,18,120.68,6952.96,Loja física,503,0.017356636597938145,3,3,595.97,1,0,2,0,618.0,16,16,0,4,4,0.25,2.5,22,40,10.0,22.0,0,0,0,0,810,1,505
C02312,CLI02168,2025-07-31,1,10,428.8,3441.22,Loja física,293,0.12460697078361745,1,0,,0,0,0,0,,9,9,0,6,6,0.6666666666666666,9.555555555555555,26,86,14.333333333333334,26.0,0,0,1,0,675,1,293
C02313,CLI00656,2026-01-09,0,18,172.34,3198.0,Loja física,263,0.05388993120700438,2,2,694.64,0,1,0,1,259.0,8,8,0,2,2,0.25,0.375,2,3,1.5,2.0,1,0,0,0,775,1,264
C02314,CLI01396,2026-01-28,0,24,48.5,2204.57,Loja física,203,0.02199975505427362,1,0,,0,0,0,0,,6,6,0,2,2,0.3333333333333333,0.6666666666666666,2,4,2.0,2.0,0,1,0,0,823,1,203
C02315,CLI02293,2026-01-21,0,18,110.08,5997.16,Loja física,143,0.01835535486797084,4,2,1237.79,1,0,0,1,249.0,4,4,0,1,1,0.25,0.25,1,1,1.0,1.0,0,0,0,0,790,1,143
C02316,CLI00853,2025-06-09,0,12,166.55,6882.28,Site,353,0.02419982912639416,2,5,728.39,1,0,0,4,130.0,11,11,0,5,5,0.45454545454545453,0.6363636363636364,2,7,1.4,2.0,0,0,0,0,880,1,356
C02317,CLI01123,2025-10-21,1,10,77.6,1311.04,Loja física,293,0.059189650964120086,2,1,1315.51,1,0,0,0,672.0,9,9,0,6,6,0.6666666666666666,7.0,19,63,10.5,19.0,0,0,0,0,456,1,295
C02318,CLI01185,2026-02-04,0,24,54.0,3790.24,Loja física,413,0.014247118915952553,2,1,277.79,0,1,0,0,533.0,13,13,0,5,5,0.38461538461538464,3.5384615384615383,19,46,9.2,19.0,0,0,0,0,627,1,413
C02319,CLI01385,2025-06-27,0,10,72.32,1863.23,Loja física,293,0.038814317073039825,2,2,1291.41,0,1,1,0,87.0,9,9,0,4,4,0.4444444444444444,4.444444444444445,20,40,10.0,20.0,0,0,1,0,520,1,295
C02321,CLI01719,2025-08-29,1,6,123.63,5369.76,Loja física,173,0.023023375346384194,2,3,1303.0366666666666,0,0,2,1,54.0,5,5,0,2,2,0.4,8.4,23,42,21.0,23.0,1,0,0,0,534,1,173
C02322,CLI02694,2025-11-06,1,12,664.79,2008.32,Loja física,353,0.33101796526449967,2,2,826.4849999999999,0,0,1,1,255.0,11,11,0,10,10,0.9090909090909091,13.0,23,143,14.3,23.0,1,1,0,0,490,1,356
C02323,CLI02361,2026-02-05,0,10,110.85,1968.1,Loja física,143,0.05632335755296987,1,0,,0,0,0,0,,4,4,0,0,0,0.0,0.0,0,0,,,0,0,0,0,723,1,143
C02324,CLI02754,2026-01-16,1,24,124.78,3015.19,Loja física,443,0.04138379339278785,3,4,526.75,0,0,1,3,93.0,14,14,0,12,12,0.8571428571428571,9.428571428571429,20,132,11.0,20.0,1,0,0,0,529,1,444
C02325,CLI01775,2025-12-11,0,6,195.31,3415.01,Loja física,173,0.05719163340663717,4,6,1029.3916666666667,1,1,1,3,91.0,5,5,0,2,2,0.4,0.6,2,3,1.5,2.0,1,0,0,1,510,1,174
C02326,CLI02116,2026-01-20,0,10,84.76,3860.22,Loja física,113,0.02195729777059339,2,2,539.82,1,1,0,0,71.0,3,3,0,3,3,1.0,1.3333333333333333,2,4,1.3333333333333333,2.0,1,0,1,0,808,1,116
C02327,CLI00675,2026-02-05,0,24,92.58,2257.48,Loja física,413,0.04101033010259227,3,5,1119.664,1,0,3,1,58.0,13,13,0,5,5,0.38461538461538464,4.3076923076923075,23,56,11.2,23.0,1,0,2,0,741,1,415
C02328,CLI02626,2025-07-15,0,12,55.91,2784.96,Site,353,0.020075692290014935,1,1,762.88,1,0,0,0,195.0,11,11,0,2,2,0.18181818181818182,0.2727272727272727,2,3,1.5,2.0,0,0,0,1,847,1,355
C02329,CLI02037,2026-01-18,0,12,356.03,2671.09,Loja física,203,0.1332901549554676,3,3,695.3533333333334,0,1,1,1,248.0,6,6,0,3,3,0.5,3.1666666666666665,16,19,6.333333333333333,16.0,0,1,0,0,742,1,206
C02330,CLI01196,2026-02-04,1,18,40.85,2075.37,Loja física,203,0.019683237205895817,3,3,632.5333333333333,0,0,1,2,318.0,6,6,0,4,4,0.6666666666666666,12.0,25,72,18.0,25.0,0,0,0,0,610,1,206
C02331,CLI01933,2025-11-10,1,12,349.88,5705.09,Loja física,353,0.061327691587687486,2,2,864.575,0,1,1,0,427.0,11,11,0,2,2,0.18181818181818182,0.18181818181818182,1,2,1.0,1.0,0,0,0,0,593,1,353
C02332,CLI01260,2026-01-19,0,18,200.18,2730.89,Loja física,473,0.0733021103010374,4,4,470.51500000000004,1,1,1,1,40.0,15,15,0,8,8,0.5333333333333333,4.466666666666667,26,67,8.375,26.0,1,1,0,0,550,1,473
C02335,CLI00483,2025-09-01,1,10,218.45,1837.2,Loja física,293,0.11890376660134987,2,2,603.0,0,1,0,1,225.0,9,9,0,6,6,0.6666666666666666,6.222222222222222,16,56,9.333333333333334,16.0,0,0,1,0,617,1,296
C02337,CLI02586,2026-01-29,0,18,287.78,1558.31,Loja física,83,0.1846744229325359,1,0,,0,0,0,0,,2,2,0,1,1,0.5,0.5,1,1,1.0,1.0,1,0,0,0,714,1,83
C02338,CLI00172,2026-01-13,1,18,139.55,2644.64,Loja física,113,0.052767106298021664,1,1,2828.16,1,0,0,0,819.0,3,3,0,3,3,1.0,1.0,1,3,1.0,1.0,0,0,0,0,673,1,113
C02339,CLI02747,2026-01-24,0,18,99.27,3167.13,Site,143,0.03134383495467505,2,2,723.69,0,1,0,1,678.0,4,4,0,1,1,0.25,1.75,7,7,7.0,7.0,0,0,0,0,693,1,143
C02340,CLI01063,2025-05-12,1,10,174.83,3761.11,Loja física,293,0.04648361786812936,1,1,938.36,0,1,0,0,721.0,9,9,0,7,7,0.7777777777777778,13.666666666666666,26,123,17.571428571428573,26.0,1,0,0,0,716,1,294
C02341,CLI02115,2026-01-29,0,12,240.85,3616.06,Loja física,293,0.06660564260548774,2,4,1403.0525,1,0,2,1,148.0,9,9,0,2,2,0.2222222222222222,3.888888888888889,22,35,17.5,22.0,1,0,1,0,778,1,294
C02342,CLI00228,2026-01-09,0,12,83.94,2962.49,Loja física,233,0.028334272858305008,1,2,587.705,1,0,1,0,133.0,7,7,0,2,2,0.2857142857142857,2.142857142857143,14,15,7.5,14.0,0,0,1,0,709,1,235
C02343,CLI02706,2026-01-20,0,12,69.1,2169.55,Loja física,203,0.03184992279504966,2,0,,0,0,0,0,,6,6,0,3,3,0.5,7.0,19,42,14.0,19.0,0,0,0,0,537,1,204
C02344,CLI02305,2026-01-26,0,18,112.2,2190.39,Loja física,143,0.051223754673825214,3,4,668.6274999999999,1,2,0,1,98.0,4,4,0,1,1,0.25,0.5,2,2,2.0,2.0,0,0,0,0,768,1,146
C02345,CLI01959,2026-01-11,1,10,253.37,2679.5,Televendas,83,0.09455868632207502,1,0,,0,0,0,0,,2,2,0,2,2,1.0,4.0,5,8,4.0,5.0,0,0,0,0,554,1,86
C02346,CLI01428,2026-02-06,1,24,80.54,1620.6,Televendas,563,0.04969764284832778,1,0,,0,0,0,0,,18,18,0,17,17,0.9444444444444444,10.222222222222221,25,184,10.823529411764707,25.0,0,0,1,1,489,1,565
C02347,CLI02593,2025-07-18,0,12,126.35,1636.94,Loja física,353,0.0771867020171784,2,0,,0,0,0,0,,11,11,0,4,4,0.36363636363636365,2.8181818181818183,15,31,7.75,15.0,0,0,0,0,812,1,354
C02348,CLI00957,2026-01-29,0,24,33.82,3058.15,Loja física,533,0.011058973562447885,2,2,898.38,1,0,0,1,674.0,17,17,0,8,8,0.47058823529411764,0.8235294117647058,2,14,1.75,2.0,0,0,0,1,693,1,534
C02349,CLI01012,2026-02-01,0,6,360.03,3293.87,Televendas,83,0.1093030386748718,2,2,1025.5349999999999,0,2,0,0,194.0,2,2,0,1,1,0.5,2.0,4,4,4.0,4.0,0,0,0,0,688,1,86
C02350,CLI02207,2026-01-30,0,24,178.32,4329.01,Loja física,323,0.04119186603865549,2,0,,0,0,0,0,,10,10,0,1,1,0.1,0.2,2,2,2.0,2.0,0,0,1,0,697,1,326
C02351,CLI00021,2025-06-02,0,12,192.64,4091.85,Loja física,353,0.047078949619365325,3,2,410.72,1,0,0,1,316.0,11,11,0,3,3,0.2727272727272727,3.909090909090909,22,43,14.333333333333334,22.0,0,0,0,0,648,1,353
C02352,CLI01093,2026-01-14,1,6,533.62,900.0,Loja física,113,0.5929111111111112,1,1,248.98,0,0,0,1,812.0,3,3,0,3,3,1.0,14.333333333333334,17,43,14.333333333333334,17.0,1,1,0,0,337,1,114
C02353,CLI01703,2026-01-22,0,6,501.96,3594.69,Loja física,113,0.1396393013027549,2,4,1234.1625,1,1,2,0,265.0,3,3,0,0,0,0.0,0.0,0,0,,,0,0,0,0,747,1,116
C02354,CLI01972,2026-01-24,1,10,941.59,2163.54,Loja física,293,0.43520803867735286,1,3,1325.5733333333335,0,0,2,1,25.0,9,9,0,8,8,0.8888888888888888,8.777777777777779,18,79,9.875,18.0,1,1,1,0,738,1,294
C02355,CLI02143,2025-11-06,1,6,519.0,2754.73,Loja física,173,0.18840321919026548,1,2,570.0550000000001,0,1,0,1,42.0,5,5,0,3,3,0.6,4.0,10,20,6.666666666666667,10.0,1,0,0,0,474,1,176
C02356,CLI01916,2026-02-05,1,18,87.16,3338.14,Televendas,143,0.026110348876919483,2,3,2432.8233333333333,2,0,1,0,289.0,4,4,0,0,0,0.0,0.0,0,0,,,1,0,0,1,697,1,146
C02357,CLI01244,2026-01-14,0,10,177.28,1451.22,Loja física,203,0.12215928666914734,1,3,1548.9633333333331,0,0,3,0,563.0,6,6,0,3,3,0.5,4.0,21,24,8.0,21.0,1,0,1,0,560,1,204
C02359,CLI01155,2026-01-09,0,24,132.13,3753.95,Televendas,173,0.035197591869897044,1,1,644.75,0,0,0,1,801.0,5,5,0,3,3,0.6,4.8,20,24,8.0,20.0,0,0,0,0,582,1,175
C02360,CLI01515,2025-04-22,0,10,137.22,2862.01,Loja física,293,0.047945325138626343,1,0,,0,0,0,0,,9,9,0,0,0,0.0,0.0,0,0,,,0,0,1,0,627,1,296
C02361,CLI00360,2025-05-15,1,6,1039.35,3861.37,Loja física,173,0.2691661249763685,1,4,680.62,1,0,1,2,251.0,5,5,0,3,3,0.6,7.0,16,35,11.666666666666666,16.0,0,0,1,0,750,1,173
C02363,CLI00534,2026-01-31,0,18,117.16,2160.52,Site,383,0.054227685927461904,2,2,677.015,0,1,1,0,204.0,12,12,0,3,3,0.25,3.5,20,42,14.0,20.0,0,0,3,0,703,1,384
C02364,CLI02069,2026-01-28,0,24,99.51,3250.86,Loja física,563,0.03061036156586257,1,2,995.97,0,0,1,1,616.0,18,18,0,8,8,0.4444444444444444,4.055555555555555,22,73,9.125,22.0,0,0,1,0,750,1,563
C02365,CLI00553,2025-11-16,0,12,208.05,3575.56,Loja física,353,0.05818668963742743,1,2,648.78,0,1,1,0,152.0,11,11,0,3,3,0.2727272727272727,3.727272727272727,22,41,13.666666666666666,22.0,0,0,0,0,794,1,356
C02366,CLI00329,2025-10-16,1,12,74.1,3263.92,Loja física,353,0.022702762322605943,1,1,565.7,1,0,0,0,742.0,11,11,0,2,2,0.18181818181818182,1.8181818181818181,15,20,10.0,15.0,0,0,1,0,721,1,356
C02367,CLI00331,2026-02-04,1,6,173.81,2454.77,Loja física,143,0.07080500413480693,2,4,1688.9025000000001,3,0,1,0,312.0,4,4,0,2,2,0.5,5.0,18,20,10.0,18.0,0,0,0,0,651,1,145
C02368,CLI00322,2025-01-11,0,6,190.57,1953.46,Loja física,173,0.09755510734798767,2,2,779.3399999999999,0,1,0,1,327.0,5,5,0,1,1,0.2,0.4,2,2,2.0,2.0,0,0,0,1,617,1,174
C02369,CLI02460,2026-01-20,1,24,170.92,4302.11,Loja física,233,0.03972934211352104,2,2,1965.54,1,1,0,0,262.0,7,7,0,5,5,0.7142857142857143,5.285714285714286,13,37,7.4,13.0,0,0,0,0,697,1,234
C02371,CLI02411,2026-01-22,1,6,537.55,4398.78,Televendas,143,0.12220433847566825,2,1,215.21,0,1,0,0,803.0,4,4,0,1,1,0.25,5.0,20,20,20.0,20.0,0,0,0,0,594,1,144
C02372,CLI02330,2025-02-06,1,6,288.32,4057.42,Site,173,0.07105993463826767,1,1,279.62,0,0,1,0,67.0,5,5,0,2,2,0.4,2.8,13,14,7.0,13.0,0,0,1,0,636,1,174
C02373,CLI02159,2025-09-29,1,12,118.38,2244.44,Site,353,0.052743668799344154,1,1,339.38,1,0,0,0,663.0,11,11,0,8,8,0.7272727272727273,6.2727272727272725,19,69,8.625,19.0,0,1,0,0,789,1,355
C02374,CLI01286,2026-01-13,1,24,52.38,3619.93,Loja física,353,0.014469893064230525,3,2,795.05,0,0,0,2,322.0,11,11,0,7,7,0.6363636363636364,10.454545454545455,24,115,16.428571428571427,24.0,1,1,0,0,669,1,353
C02375,CLI02028,2026-01-19,0,12,158.27,4832.04,Loja física,203,0.032754281835415275,4,4,1760.1699999999998,1,1,1,1,160.0,6,6,0,3,3,0.5,1.0,2,6,2.0,2.0,0,0,0,0,787,1,204
C02377,CLI01999,2025-10-30,0,12,75.93,1266.85,Loja física,353,0.0599360618857797,3,2,1088.375,0,1,0,1,108.0,11,11,0,2,2,0.18181818181818182,0.7272727272727273,6,8,4.0,6.0,0,0,0,0,525,1,354
C02378,CLI02350,2026-01-28,1,18,144.08,4165.97,Loja física,383,0.03458498260909224,2,3,1693.4599999999998,1,0,0,2,514.0,12,12,0,5,5,0.4166666666666667,4.0,26,48,9.6,26.0,0,0,0,0,664,1,386
C02379,CLI01494,2026-01-30,0,12,125.44,4734.52,Loja física,143,0.026494766100893012,2,0,,0,0,0,0,,4,4,0,1,1,0.25,4.5,18,18,18.0,18.0,0,0,0,0,688,1,145
C02381,CLI02373,2025-10-25,0,12,118.53,2921.52,Site,353,0.040571346422410254,4,3,1261.68,2,0,0,1,651.0,11,11,0,3,3,0.2727272727272727,2.6363636363636362,23,29,9.666666666666666,23.0,1,0,0,0,708,1,354
C02382,CLI00764,2026-01-19,0,12,136.65,1622.91,Site,293,0.08420060262121744,3,3,1464.26,2,1,0,0,278.0,9,9,0,6,6,0.6666666666666666,2.5555555555555554,13,23,3.8333333333333335,13.0,0,0,1,0,743,1,294
C02383,CLI02087,2026-01-21,1,24,126.76,2779.74,Loja física,383,0.04560138718009599,2,3,2770.5699999999997,1,1,1,0,685.0,12,12,0,2,2,0.16666666666666666,2.5,16,30,15.0,16.0,0,0,0,2,741,1,383
C02385,CLI02575,2025-10-13,0,10,311.01,1687.41,Loja física,293,0.18431205219833946,1,3,2014.2666666666667,3,0,0,0,267.0,9,9,0,4,4,0.4444444444444444,2.3333333333333335,11,21,5.25,11.0,0,0,1,0,748,1,296
C02387,CLI00395,2026-01-12,0,24,110.76,5674.41,Loja física,503,0.01951920992667079,3,4,776.36,0,0,2,2,69.0,16,16,0,4,4,0.25,0.375,2,6,1.5,2.0,0,0,1,0,756,1,505
C02388,CLI02686,2025-06-03,1,12,333.97,3747.61,Loja física,353,0.0891154629217021,1,0,,0,0,0,0,,11,11,0,3,3,0.2727272727272727,0.36363636363636365,2,4,1.3333333333333333,2.0,1,0,0,0,815,1,355
C02389,CLI00031,2026-01-10,0,18,165.23,7870.9,Site,203,0.020992516738873573,2,0,,0,0,0,0,,6,6,0,1,1,0.16666666666666666,0.16666666666666666,1,1,1.0,1.0,0,0,0,0,791,1,206
C02390,CLI02396,2026-01-26,0,6,272.98,2459.73,Loja física,113,0.11097966036922752,1,2,1049.955,1,0,1,0,579.0,3,3,0,0,0,0.0,0.0,0,0,,,0,0,0,0,830,1,115
C02392,CLI00223,2026-01-17,0,18,140.1,1930.67,Site,263,0.07256548244909798,1,3,846.9333333333334,1,1,0,1,186.0,8,8,0,5,5,0.625,1.125,2,9,1.8,2.0,0,0,0,0,700,1,264
C02393,CLI02559,2026-01-23,1,18,74.76,2980.06,Televendas,173,0.025086743219935172,2,1,1154.91,0,0,1,0,418.0,5,5,0,0,0,0.0,0.0,0,0,,,0,0,1,0,806,1,176
C02395,CLI00455,2026-01-18,1,18,88.64,1159.08,Televendas,413,0.07647444524968079,1,1,358.27,0,1,0,0,444.0,13,13,0,8,8,0.6153846153846154,8.615384615384615,23,112,14.0,23.0,0,0,0,0,545,1,413
C02396,CLI02120,2026-01-29,1,12,167.02,3932.68,Loja física,113,0.04246976616454937,2,5,483.12000000000006,0,0,2,3,170.0,3,3,0,1,1,0.3333333333333333,0.3333333333333333,1,1,1.0,1.0,0,0,0,0,686,1,115
C02397,CLI02307,2026-01-28,0,12,201.83,3582.61,Loja física,83,0.05633602317863234,2,1,428.65,0,0,1,0,342.0,2,2,0,0,0,0.0,0.0,0,0,,,0,1,0,1,697,1,84
C02398,CLI00479,2025-08-18,0,6,93.6,2546.33,Loja física,173,0.03675878617461209,2,3,671.0466666666666,1,0,2,0,49.0,5,5,0,1,1,0.2,0.4,2,2,2.0,2.0,0,0,0,0,883,1,173
C02399,CLI00475,2026-02-03,0,6,240.23,2478.29,Loja física,143,0.09693377288372224,3,3,545.1533333333333,0,0,3,0,308.0,4,4,0,1,1,0.25,0.5,2,2,2.0,2.0,0,1,0,0,690,1,146
C02400,CLI01868,2025-04-20,0,10,106.25,1916.21,Loja física,293,0.05544799369588928,1,1,231.5,0,0,0,1,547.0,9,8,1,5,4,0.5555555555555556,8.88888888888889,26,80,14.25,26.0,0,0,0,0,491,1,296
C02401,CLI02283,2025-06-19,1,12,267.82,4390.48,Site,353,0.061000163991180925,1,1,2548.71,0,0,1,0,782.0,11,11,0,6,6,0.5454545454545454,2.8181818181818183,19,31,5.166666666666667,19.0,1,0,0,0,781,1,355
C02402,CLI01530,2026-01-25,1,24,123.72,4016.23,Televendas,113,0.030805008677291888,2,0,,0,0,0,0,,3,3,0,2,2,0.6666666666666666,1.6666666666666667,4,5,2.5,4.0,0,0,0,0,675,1,116
C02403,CLI02090,2026-01-31,1,12,489.48,1900.37,Site,233,0.2575708940890458,1,0,,0,0,0,0,,7,7,0,7,7,1.0,13.714285714285714,25,96,13.714285714285714,25.0,0,2,3,1,396,1,234
C02404,CLI00945,2025-05-28,0,10,86.14,1621.89,Loja física,293,0.05311087681655353,1,2,2478.4849999999997,1,0,1,0,623.0,9,9,0,3,3,0.3333333333333333,3.3333333333333335,26,30,10.0,26.0,0,0,1,0,680,1,295
C02405,CLI01214,2025-10-28,0,10,260.94,3303.43,Loja física,293,0.0789906248959415,2,7,974.2614285714286,2,1,3,1,35.0,9,9,0,1,1,0.1111111111111111,2.6666666666666665,24,24,24.0,24.0,2,1,0,0,809,1,294
C02406,CLI02353,2025-06-02,0,10,118.82,2439.32,Loja física,293,0.04871029631208697,2,4,1161.8625,1,1,1,1,128.0,9,9,0,5,5,0.5555555555555556,6.222222222222222,26,56,11.2,26.0,0,0,0,0,800,1,295
C02407,CLI01273,2026-01-15,1,10,188.81,4662.88,Loja física,203,0.04049214219538139,2,2,596.63,0,0,1,1,459.0,6,6,0,2,2,0.3333333333333333,6.5,22,39,19.5,22.0,0,0,0,0,561,1,206
C02408,CLI00866,2025-01-29,1,6,185.91,2390.19,Televendas,173,0.0777804274973956,1,0,,0,0,0,0,,5,5,0,3,3,0.6,4.8,13,24,8.0,13.0,1,1,0,0,724,1,174
C02409,CLI00092,2026-01-14,0,10,55.94,3040.3,Loja física,233,0.018399500049337235,2,4,1607.1175,1,0,1,2,182.0,7,7,0,2,2,0.2857142857142857,0.5714285714285714,2,4,2.0,2.0,0,0,0,0,868,1,233
C02410,CLI02009,2026-01-13,0,18,48.81,3109.79,Site,83,0.015695593593136516,3,4,1261.3825000000002,2,1,1,0,90.0,2,2,0,2,2,1.0,5.5,9,11,5.5,9.0,0,0,0,0,585,1,84
C02411,CLI01493,2026-01-13,1,24,101.0,6872.28,Televendas,563,0.014696723649211034,2,3,716.4533333333334,1,0,2,0,122.0,18,18,0,10,10,0.5555555555555556,0.8888888888888888,2,16,1.6,2.0,0,0,0,0,842,1,565
C02412,CLI02137,2026-02-06,1,6,746.09,6078.26,Loja física,143,0.1227472993916022,3,1,187.45,1,0,0,0,597.0,4,4,0,2,2,0.5,0.75,2,3,1.5,2.0,1,0,0,0,595,1,143
C02413,CLI00143,2026-01-22,1,12,348.59,2002.85,Loja física,113,0.17404698304915495,3,2,400.79,1,1,0,0,356.0,3,3,0,2,2,0.6666666666666666,5.333333333333333,12,16,8.0,12.0,1,0,0,0,610,1,113
C02415,CLI02688,2026-02-05,1,18,99.07,3617.02,Loja física,473,0.027389950843512062,3,2,2014.74,0,1,0,1,535.0,15,15,0,6,6,0.4,3.533333333333333,20,53,8.833333333333334,20.0,1,0,0,0,841,1,475
C02416,CLI01257,2026-01-28,1,18,132.06,2050.58,Loja física,503,0.06440129134196179,3,1,647.22,0,1,0,0,778.0,16,15,1,12,11,0.75,9.375,24,150,11.545454545454545,24.0,0,0,0,0,614,1,503
C02418,CLI02095,2025-07-03,1,12,542.82,2232.84,Loja física,353,0.24310743268662333,4,5,1476.5320000000002,0,2,0,3,14.0,11,11,0,8,8,0.7272727272727273,14.181818181818182,26,156,19.5,26.0,0,3,0,0,608,1,354
C02419,CLI00958,2026-01-08,0,24,77.66,2264.28,Televendas,203,0.03429787835426713,1,0,,0,0,0,0,,6,6,0,2,2,0.3333333333333333,3.0,17,18,9.0,17.0,0,1,0,0,854,1,206
C02421,CLI00376,2025-08-01,0,10,113.67,2704.08,Televendas,293,0.042036478210703825,1,2,1206.51,0,1,1,0,378.0,9,9,0,2,2,0.2222222222222222,0.3333333333333333,2,3,1.5,2.0,0,1,0,0,846,1,295
C02422,CLI01196,2025-12-07,1,18,196.87,3023.12,Site,533,0.0651214639180714,3,3,632.5333333333333,0,0,1,2,259.0,17,17,0,10,10,0.5882352941176471,3.9411764705882355,20,67,6.7,20.0,0,1,0,0,602,1,533
C02423,CLI00635,2026-02-06,0,12,334.69,4780.89,Loja física,173,0.07000579390029889,1,0,,0,0,0,0,,5,5,0,4,4,0.8,9.2,21,46,11.5,21.0,0,0,1,0,685,1,176
C02424,CLI00494,2026-01-29,1,18,81.25,5398.2,Loja física,443,0.015051313400763218,1,0,,0,0,0,0,,14,13,1,6,5,0.42857142857142855,5.571428571428571,23,78,11.0,22.0,0,0,2,0,468,1,445
C02425,CLI02368,2025-05-05,1,10,304.71,2085.73,Loja física,293,0.1460927349177506,1,0,,0,0,0,0,,9,9,0,6,6,0.6666666666666666,8.88888888888889,23,80,13.333333333333334,23.0,0,0,1,0,509,1,294
C02426,CLI01792,2026-01-27,1,18,80.04,2968.49,Loja física,503,0.02696320351424462,1,3,1074.5233333333333,2,0,0,1,213.0,16,16,0,2,2,0.125,0.6875,10,11,5.5,10.0,0,1,0,0,828,1,504
C02427,CLI01706,2025-09-06,1,6,86.24,3577.37,Loja física,173,0.024107095436032615,1,2,537.5,1,1,0,0,427.0,5,5,0,1,1,0.2,0.2,1,1,1.0,1.0,0,0,0,0,644,1,176
C02428,CLI02277,2025-09-07,0,12,115.44,4465.49,Site,353,0.025851586276086164,1,0,,0,0,0,0,,11,11,0,6,6,0.5454545454545454,3.727272727272727,21,41,6.833333333333333,21.0,0,0,0,0,707,1,354
C02430,CLI01705,2026-01-17,0,12,347.56,4165.38,Televendas,263,0.08344016632336065,1,2,516.0,0,0,2,0,160.0,8,8,0,5,5,0.625,9.5,25,76,15.2,25.0,0,1,1,0,785,1,263
C02431,CLI02772,2026-02-06,0,18,108.55,3680.18,Loja física,293,0.0294958398773973,1,1,1550.72,1,0,0,0,826.0,9,9,0,1,1,0.1111111111111111,0.1111111111111111,1,1,1.0,1.0,0,1,0,0,598,1,295
C02432,CLI01016,2026-02-01,1,12,71.53,1464.2,Site,143,0.048852615762873926,1,1,1204.36,1,0,0,0,249.0,4,4,0,1,1,0.25,0.5,2,2,2.0,2.0,0,0,0,0,772,1,145
C02433,CLI02247,2026-02-03,0,12,257.62,2791.54,Loja física,83,0.09228597834886837,2,1,836.42,1,0,0,0,602.0,2,2,0,2,2,1.0,2.0,2,4,2.0,2.0,0,0,0,0,779,1,84
C02434,CLI00922,2026-01-14,0,12,135.32,2234.14,Loja física,263,0.06056916755440572,3,1,805.81,0,1,0,0,166.0,8,8,0,3,3,0.375,0.5,2,4,1.3333333333333333,2.0,0,0,0,0,947,1,264
C02435,CLI01046,2025-04-20,1,10,340.29,2766.54,Televendas,293,0.12300201695981262,1,0,,0,0,0,0,,9,9,0,5,5,0.5555555555555556,8.333333333333334,25,75,15.0,25.0,0,0,0,0,690,1,295
C02436,CLI00145,2025-01-24,1,6,564.21,1309.97,Loja física,173,0.4307045199508386,1,1,664.16,0,0,1,0,531.0,5,5,0,5,5,1.0,15.0,18,75,15.0,18.0,1,0,0,0,552,1,173
C02437,CLI00052,2026-01-15,0,12,233.0,3000.24,Loja física,203,0.07766045383036024,2,4,1730.9,2,1,1,0,150.0,6,6,0,3,3,0.5,0.6666666666666666,2,4,1.3333333333333333,2.0,0,0,0,0,874,1,204
C02438,CLI01531,2026-01-19,1,24,42.85,1829.11,Site,203,0.02342669385657506,2,1,1153.49,0,0,0,1,757.0,6,6,0,3,3,0.5,5.666666666666667,24,34,11.333333333333334,24.0,0,0,0,0,775,1,206
C02439,CLI00183,2026-02-06,1,12,164.37,3148.06,Loja física,263,0.05221310902587625,1,3,438.3833333333334,1,1,0,1,52.0,8,8,0,4,4,0.5,9.25,24,74,18.5,24.0,0,0,0,0,536,1,266
C02441,CLI01958,2025-05-26,1,10,309.5,4269.6,Televendas,293,0.07248922615701704,1,2,641.0699999999999,0,2,0,0,492.0,9,9,0,5,5,0.5555555555555556,6.444444444444445,23,58,11.6,23.0,0,0,1,0,726,1,296
C02442,CLI00634,2026-01-12,0,12,336.15,2782.46,Site,113,0.12081036205372224,2,2,552.275,1,0,0,1,412.0,3,3,0,1,1,0.3333333333333333,0.3333333333333333,1,1,1.0,1.0,0,0,0,0,751,1,115
C02443,CLI00085,2026-01-31,1,12,239.74,4091.64,Televendas,233,0.05859264255897391,4,5,1354.6,0,1,1,3,85.0,7,7,0,3,3,0.42857142857142855,0.8571428571428571,4,6,2.0,4.0,0,0,0,0,655,1,233
C02444,CLI01390,2025-07-29,0,12,104.28,3190.96,Site,353,0.03267982049289242,3,3,344.31666666666666,2,0,0,1,280.0,11,11,0,4,4,0.36363636363636365,1.5454545454545454,13,17,4.25,13.0,0,0,0,1,651,1,353
C02445,CLI02675,2025-09-14,0,10,89.66,2096.33,Loja física,293,0.042769983733477075,2,5,607.45,1,0,2,2,23.0,9,9,0,0,0,0.0,0.0,0,0,,,0,0,1,0,843,1,295
C02446,CLI01089,2025-08-30,1,10,296.36,2111.83,Loja física,293,0.14033326546170857,2,3,1341.1466666666668,1,0,1,1,253.0,9,9,0,4,4,0.4444444444444444,2.888888888888889,15,26,6.5,15.0,0,0,0,1,593,1,294
C02447,CLI02320,2026-01-22,1,18,112.04,2057.17,Loja física,503,0.054463170277614395,2,1,231.71,0,1,0,0,228.0,16,16,0,10,10,0.625,4.6875,24,75,7.5,24.0,0,0,0,1,528,1,505
C02448,CLI02414,2025-02-17,1,6,473.53,5316.41,Loja física,173,0.08906950366882915,1,0,,0,0,0,0,,5,5,0,0,0,0.0,0.0,0,0,,,0,0,0,0,643,1,173
C02450,CLI00259,2025-07-21,0,6,289.06,2726.83,Loja física,173,0.10600587495370083,2,3,634.3366666666667,0,0,3,0,168.0,5,5,0,3,3,0.6,1.2,3,6,2.0,3.0,0,0,1,0,713,1,173
C02451,CLI00424,2025-05-04,1,6,441.06,2238.14,Site,173,0.1970654203937198,3,4,757.6375,0,4,0,0,25.0,5,4,1,4,3,0.8,11.8,23,59,12.0,23.0,0,0,0,0,653,1,175
C02452,CLI01923,2026-02-04,0,24,58.75,2542.57,Site,293,0.023106541806125296,1,1,1810.19,1,0,0,0,378.0,9,9,0,3,3,0.3333333333333333,2.7777777777777777,22,25,8.333333333333334,22.0,1,0,0,1,616,1,294
C02453,CLI00284,2026-01-29,1,24,149.84,2561.49,Loja física,353,0.05849720279993286,2,2,554.13,1,0,1,0,674.0,11,11,0,4,4,0.36363636363636365,5.454545454545454,21,60,15.0,21.0,0,1,2,0,774,1,353
C02454,CLI00343,2026-01-17,1,12,129.02,2856.63,Loja física,173,0.045165107136731046,3,2,904.0149999999999,0,1,0,1,511.0,5,5,0,1,1,0.2,1.8,9,9,9.0,9.0,0,0,0,0,724,1,173
C02456,CLI01783,2026-02-01,0,18,87.12,2242.33,Loja física,443,0.038852443663510726,2,1,495.59,0,0,0,1,623.0,14,14,0,3,3,0.21428571428571427,0.35714285714285715,2,5,1.6666666666666667,2.0,0,0,0,0,875,1,446
C02457,CLI00248,2025-11-22,0,12,146.71,2880.91,Loja física,353,0.05092488137428799,2,1,941.5,0,0,1,0,663.0,11,11,0,7,7,0.6363636363636364,6.090909090909091,18,67,9.571428571428571,18.0,0,0,0,0,728,1,353
C02458,CLI01087,2026-02-02,1,24,86.97,5862.53,Loja física,293,0.014834892102897556,4,4,678.805,2,0,0,2,84.0,9,9,0,6,6,0.6666666666666666,6.777777777777778,23,61,10.166666666666666,23.0,0,2,0,0,720,1,294
C02460,CLI02321,2026-02-02,0,10,338.13,3376.01,Loja física,233,0.10015669384865565,4,7,945.5257142857143,2,1,2,2,128.0,7,7,0,4,4,0.5714285714285714,8.714285714285714,23,61,15.25,23.0,0,0,1,0,531,1,236
C02461,CLI00600,2026-02-04,1,12,272.89,2297.03,Site,113,0.11880123463777137,1,3,930.2033333333333,1,0,2,0,454.0,3,3,0,2,2,0.6666666666666666,7.333333333333333,20,22,11.0,20.0,0,0,0,0,652,1,115
C02462,CLI02501,2026-01-14,0,18,85.92,2355.1,Televendas,173,0.036482527281219486,1,1,1716.36,0,0,0,1,373.0,5,5,0,2,2,0.4,0.6,2,3,1.5,2.0,0,0,1,0,902,1,173
C02463,CLI00779,2026-01-23,0,10,91.03,1612.11,Site,293,0.05646637016084511,2,3,240.62333333333333,1,1,1,0,14.0,9,9,0,9,9,1.0,10.88888888888889,20,98,10.88888888888889,20.0,0,1,0,0,674,1,293
C02464,CLI01949,2026-01-29,0,12,136.84,2721.54,Site,143,0.050280355974925965,1,0,,0,0,0,0,,4,4,0,1,1,0.25,2.25,9,9,9.0,9.0,0,0,0,0,701,1,144
C02465,CLI01265,2026-01-28,0,12,54.17,3644.83,Loja física,263,0.01486214720576817,1,2,1875.955,0,1,0,1,103.0,8,8,0,3,3,0.375,1.0,6,8,2.6666666666666665,6.0,0,0,0,0,673,1,266
C02466,CLI02609,2025-08-20,1,12,231.49,2528.56,Loja física,353,0.09155013130002848,2,3,1023.9233333333333,2,0,1,0,180.0,11,11,0,9,9,0.8181818181818182,10.454545454545455,23,115,12.777777777777779,23.0,1,2,0,0,631,1,353
C02469,CLI01915,2025-12-28,0,12,136.83,3691.26,Loja física,353,0.03706864322751581,3,0,,0,0,0,0,,11,11,0,6,6,0.5454545454545454,9.0,23,99,16.5,23.0,2,1,0,1,615,1,355
C02471,CLI01205,2026-01-13,1,10,297.68,900.0,Loja física,173,0.3307555555555556,2,2,1096.0900000000001,1,0,1,0,183.0,5,5,0,5,5,1.0,10.0,14,50,10.0,14.0,0,0,1,1,545,1,173
C02473,CLI02782,2026-01-17,1,18,81.15,2267.7,Loja física,413,0.0357851567667681,2,1,2240.45,0,0,1,0,749.0,13,13,0,7,7,0.5384615384615384,4.384615384615385,25,57,8.142857142857142,25.0,1,0,0,0,716,1,413
C02474,CLI00444,2026-01-31,0,24,115.56,2771.49,Loja física,473,0.041695983027180326,2,2,1719.215,0,0,1,1,451.0,15,15,0,5,5,0.3333333333333333,2.066666666666667,16,31,6.2,16.0,1,0,0,0,686,1,474
C02475,CLI02529,2026-01-21,0,24,132.88,5590.06,Loja física,323,0.023770764535622154,1,0,,0,0,0,0,,10,10,0,7,7,0.7,9.0,24,90,12.857142857142858,24.0,0,0,2,0,741,1,323
C02477,CLI02233,2026-01-16,1,6,483.33,3070.58,Loja física,143,0.1574067440027617,4,4,2005.8899999999999,2,2,0,0,73.0,4,3,1,2,1,0.5,10.25,23,41,18.0,18.0,0,0,0,0,550,1,144
C02478,CLI01040,2026-02-02,0,10,60.1,4813.48,Loja física,293,0.01248576913168851,1,2,1323.83,1,1,0,0,138.0,9,9,0,1,1,0.1111111111111111,1.2222222222222223,11,11,11.0,11.0,1,0,0,0,773,1,294
C02479,CLI01597,2026-01-09,0,6,105.02,2905.54,Televendas,173,0.03614474417836271,1,0,,0,0,0,0,,5,5,0,2,2,0.4,4.6,22,23,11.5,22.0,0,0,0,0,524,1,174
C02480,CLI00179,2026-01-12,0,10,239.21,4277.4,Loja física,203,0.055924159536166834,1,1,548.16,0,0,0,1,696.0,6,6,0,2,2,0.3333333333333333,5.5,23,33,16.5,23.0,0,0,0,1,577,1,203
C02481,CLI02343,2025-08-30,1,10,185.54,1127.47,Televendas,293,0.16456313693490734,1,1,636.53,1,0,0,0,239.0,9,9,0,7,7,0.7777777777777778,10.777777777777779,23,97,13.857142857142858,23.0,1,0,0,0,638,1,296
C02482,CLI01572,2026-01-20,1,18,47.57,3662.95,Site,263,0.01298680025662376,2,3,620.1033333333334,0,2,0,1,448.0,8,8,0,4,4,0.5,3.5,18,28,7.0,18.0,1,0,0,0,628,1,264
C02484,CLI00236,2026-01-28,1,18,95.03,1350.99,Loja física,473,0.0703410091858563,3,7,1090.757142857143,3,2,1,1,36.0,15,15,0,7,7,0.4666666666666667,6.666666666666667,24,100,14.285714285714286,24.0,0,0,0,0,651,1,473
C02485,CLI01368,2025-06-09,0,12,426.79,1622.83,Loja física,353,0.2629911943949767,1,1,299.71,0,1,0,0,534.0,11,11,0,6,6,0.5454545454545454,6.7272727272727275,26,74,12.333333333333334,26.0,0,0,1,0,870,1,355
C02486,CLI02525,2026-01-23,0,12,86.57,3794.65,Loja física,83,0.022813698233038616,4,4,1056.8375,0,1,1,2,165.0,2,2,0,0,0,0.0,0.0,0,0,,,0,0,0,0,797,1,83
C02487,CLI00692,2026-01-23,0,10,144.48,2923.11,Loja física,203,0.04942680911768629,1,2,638.19,0,0,1,1,593.0,6,6,0,2,2,0.3333333333333333,3.1666666666666665,17,19,9.5,17.0,0,0,0,1,833,1,204
C02488,CLI01656,2026-01-31,0,12,83.35,2733.93,Loja física,353,0.030487247296017088,3,2,435.36,0,0,2,0,274.0,11,11,0,0,0,0.0,0.0,0,0,,,0,0,0,0,626,1,354
C02489,CLI01580,2026-01-15,1,10,122.88,5921.14,Site,293,0.02075276044815694,2,3,725.34,2,1,0,0,36.0,9,9,0,3,3,0.3333333333333333,1.4444444444444444,11,13,4.333333333333333,11.0,0,0,0,0,811,1,295
C02490,CLI01746,2026-01-08,0,10,188.84,3041.63,Loja física,293,0.0620851319851527,1,5,1202.45,0,2,2,1,177.0,9,9,0,5,5,0.5555555555555556,10.11111111111111,25,91,18.2,25.0,0,0,0,0,743,1,295
C02491,CLI01564,2025-07-24,1,12,362.43,4132.93,Site,353,0.0876932345817616,1,0,,0,0,0,0,,11,11,0,6,6,0.5454545454545454,4.454545454545454,25,49,8.166666666666666,25.0,1,0,0,1,643,1,355
C02492,CLI00234,2026-02-05,0,24,101.75,1857.05,Loja física,383,0.054791201098516464,1,1,599.98,0,1,0,0,359.0,12,12,0,7,7,0.5833333333333334,6.583333333333333,18,79,11.285714285714286,18.0,0,0,1,0,928,1,383
C02493,CLI02463,2026-02-04,0,18,70.43,3026.85,Loja física,143,0.023268414358161127,2,3,708.06,1,0,1,1,408.0,4,4,0,2,2,0.5,0.5,1,2,1.0,1.0,0,3,0,0,705,1,144
C02494,CLI01816,2026-01-08,0,24,49.41,4020.24,Loja física,353,0.01229031102620739,2,0,,0,0,0,0,,11,11,0,4,4,0.36363636363636365,3.5454545454545454,20,39,9.75,20.0,0,0,0,1,637,1,353
C02495,CLI00124,2025-07-27,1,12,188.03,4576.06,Loja física,353,0.04108993326136458,1,0,,0,0,0,0,,11,11,0,0,0,0.0,0.0,0,0,,,0,0,0,0,623,1,355
C02496,CLI00750,2026-01-30,0,18,118.34,1175.76,Loja física,83,0.10064979247465469,1,0,,0,0,0,0,,2,2,0,1,1,0.5,1.0,2,2,2.0,2.0,0,0,0,0,579,1,86
C02497,CLI01321,2025-06-06,0,6,104.58,1749.79,Loja física,173,0.05976717206064728,2,0,,0,0,0,0,,5,5,0,4,4,0.8,2.2,6,11,2.75,6.0,0,0,0,0,552,1,175
C02498,CLI00511,2025-10-04,0,10,399.06,2226.17,Loja física,293,0.17925854719091533,1,0,,0,0,0,0,,9,9,0,5,5,0.5555555555555556,7.111111111111111,25,64,12.8,25.0,1,0,1,0,537,1,296
C02499,CLI01696,2026-01-12,1,10,441.89,3992.35,Loja física,233,0.11068418350094555,2,5,540.5440000000001,1,1,3,0,70.0,7,7,0,3,3,0.42857142857142855,8.142857142857142,24,57,19.0,24.0,0,1,0,0,668,1,236
C02500,CLI01466,2026-01-20,1,24,161.46,2997.18,Loja física,143,0.053870638400096094,2,4,2327.785,1,1,2,0,84.0,4,4,0,1,1,0.25,0.25,1,1,1.0,1.0,0,1,2,0,490,1,143
C02501,CLI01884,2026-01-27,1,10,292.55,2537.52,Loja física,83,0.11528973170654813,2,0,,0,0,0,0,,2,1,1,2,1,1.0,19.5,23,39,16.0,16.0,0,0,0,0,582,1,84
C02502,CLI00932,2025-10-31,1,12,93.51,2390.92,Loja física,353,0.03911046793702842,1,2,2622.725,0,1,0,1,250.0,11,11,0,7,7,0.6363636363636364,3.272727272727273,12,36,5.142857142857143,12.0,0,0,0,0,815,1,354
C02503,CLI02375,2026-01-18,1,12,268.21,1988.93,Televendas,233,0.13485140251290895,1,1,693.93,0,0,1,0,43.0,7,7,0,5,5,0.7142857142857143,8.0,21,56,11.2,21.0,1,0,1,0,539,1,235
C02504,CLI01434,2026-01-27,1,24,113.03,2933.6,Loja física,563,0.038529451868012,1,0,,0,0,0,0,,18,18,0,10,10,0.5555555555555556,7.777777777777778,25,140,14.0,25.0,0,0,0,0,729,1,564
C02505,CLI02670,2026-02-03,0,12,114.27,1422.75,Loja física,203,0.08031628887717449,3,3,1512.0633333333335,1,0,2,0,101.0,6,6,0,2,2,0.3333333333333333,1.3333333333333333,7,8,4.0,7.0,0,0,1,0,871,1,205
C02506,CLI01915,2026-01-21,1,10,262.41,3124.21,Site,113,0.083992433287135,3,0,,0,0,0,0,,3,3,0,2,2,0.6666666666666666,9.0,26,27,13.5,26.0,0,0,0,0,597,1,115
C02507,CLI02166,2025-05-29,1,10,418.37,1998.63,Loja física,293,0.20932838994711375,1,1,560.69,1,0,0,0,43.0,9,9,0,4,4,0.4444444444444444,3.888888888888889,20,35,8.75,20.0,0,0,0,0,641,1,293
C02508,CLI00442,2026-02-04,1,18,89.5,2254.93,Site,143,0.039690810801222214,1,1,602.25,0,0,0,1,749.0,4,4,0,3,3,0.75,5.25,18,21,7.0,18.0,1,0,0,0,605,1,145
C02509,CLI00196,2026-01-28,0,12,156.5,2967.27,Loja física,113,0.052742082789904526,2,2,464.615,0,0,0,2,548.0,3,3,0,1,1,0.3333333333333333,0.6666666666666666,2,2,2.0,2.0,0,0,0,0,948,1,115
C02510,CLI01453,2026-01-14,1,12,173.6,1616.36,Loja física,293,0.10740181642703359,3,0,,0,0,0,0,,9,9,0,4,4,0.4444444444444444,7.111111111111111,26,64,16.0,26.0,0,0,0,0,597,1,294
C02511,CLI00232,2025-06-11,0,12,415.84,2836.04,Loja física,353,0.14662698692543122,2,5,911.358,0,1,3,1,117.0,11,11,0,3,3,0.2727272727272727,3.3636363636363638,22,37,12.333333333333334,22.0,1,1,1,0,612,1,353
C02512,CLI01929,2026-01-14,1,12,82.78,2053.84,Site,233,0.04030498967787169,3,5,1057.8020000000001,2,0,1,2,175.0,7,7,0,3,3,0.42857142857142855,5.714285714285714,20,40,13.333333333333334,20.0,0,0,0,0,653,1,235
C02513,CLI02430,2025-07-06,1,12,156.84,4091.51,Loja física,353,0.038333035969605356,2,0,,0,0,0,0,,11,11,0,7,7,0.6363636363636364,7.363636363636363,24,81,11.571428571428571,24.0,1,1,0,0,719,1,356
C02515,CLI01916,2025-04-17,0,10,185.35,6312.45,Loja física,293,0.029362608812743073,1,2,3000.565,2,0,0,0,154.0,9,9,0,5,5,0.5555555555555556,5.111111111111111,25,46,9.2,25.0,0,0,0,0,632,1,296
C02516,CLI02172,2026-01-17,1,18,137.54,2635.68,Loja física,443,0.05218387664663389,1,2,1288.89,0,0,1,1,699.0,14,14,0,9,9,0.6428571428571429,6.214285714285714,21,87,9.666666666666666,21.0,0,0,1,0,578,1,443
C02517,CLI01958,2026-01-29,0,10,118.76,1798.4,Loja física,113,0.0660364768683274,2,3,1303.1733333333334,0,2,1,0,147.0,3,3,0,0,0,0.0,0.0,0,0,,,0,0,0,0,852,1,115
C02518,CLI01809,2025-08-28,0,10,47.52,2387.07,Loja física,293,0.019907250311050787,2,4,818.215,1,0,2,1,386.0,9,9,0,2,2,0.2222222222222222,0.4444444444444444,2,4,2.0,2.0,0,0,0,0,710,1,293
C02519,CLI02496,2025-05-28,0,6,182.06,1790.66,Loja física,173,0.1016720092033105,4,5,813.1659999999999,2,3,0,0,102.0,5,5,0,2,2,0.4,2.4,6,12,6.0,6.0,1,0,0,0,769,1,174
C02520,CLI01019,2026-01-09,0,12,55.88,2248.58,Loja física,293,0.02485123944889664,1,1,1213.54,1,0,0,0,707.0,9,9,0,2,2,0.2222222222222222,3.888888888888889,26,35,17.5,26.0,0,1,0,0,724,1,293
C02521,CLI00052,2026-01-09,1,18,236.33,1056.79,Televendas,143,0.22363004948949178,2,4,1730.9,2,1,1,0,144.0,4,4,0,4,4,1.0,17.0,23,68,17.0,23.0,0,0,0,0,556,1,146
C02522,CLI02233,2025-08-31,0,12,184.02,3018.15,Loja física,353,0.06097112469559167,3,3,2550.33,1,2,0,0,588.0,11,11,0,3,3,0.2727272727272727,3.1818181818181817,21,35,11.666666666666666,21.0,0,0,1,0,726,1,355
C02523,CLI02404,2025-05-08,1,10,156.06,1426.63,Loja física,293,0.10939066190953504,3,4,860.6525,1,0,0,3,538.0,9,9,0,4,4,0.4444444444444444,3.0,18,27,6.75,18.0,0,1,0,0,649,1,294
C02524,CLI01669,2026-01-31,0,18,95.57,2256.99,Loja física,293,0.04234400684096961,1,0,,0,0,0,0,,9,9,0,8,8,0.8888888888888888,12.666666666666666,25,114,14.25,25.0,1,0,1,1,621,1,294
C02525,CLI02287,2026-01-08,1,24,36.48,3026.07,Loja física,353,0.012055239964706697,3,3,1162.63,1,0,0,2,114.0,11,11,0,4,4,0.36363636363636365,2.5454545454545454,24,28,7.0,24.0,0,0,0,0,816,1,354
C02526,CLI00882,2025-12-13,0,18,63.3,2706.71,Televendas,533,0.023386325095780484,2,3,987.0166666666668,0,1,1,1,354.0,17,17,0,8,8,0.47058823529411764,1.6470588235294117,13,28,3.5,13.0,0,0,0,0,602,1,534
C02527,CLI00718,2026-01-25,0,10,249.27,2741.41,Loja física,83,0.09092766131297399,2,1,783.17,0,0,1,0,497.0,2,2,0,1,1,0.5,0.5,1,1,1.0,1.0,0,0,0,1,608,1,83
C02528,CLI00953,2026-01-26,0,18,74.41,4843.9,Loja física,323,0.01536158880241128,2,1,3454.38,1,0,0,0,515.0,10,10,0,5,5,0.5,3.4,20,34,6.8,20.0,1,1,0,0,630,1,324
C02529,CLI01382,2025-01-12,1,6,573.87,4541.84,Site,173,0.12635187501100875,1,2,580.32,0,0,1,1,539.0,5,5,0,2,2,0.4,7.8,25,39,19.5,25.0,0,0,0,0,758,1,176
C02530,CLI02154,2026-01-23,0,24,56.65,2936.03,Loja física,413,0.019294761974502982,2,4,1390.4025000000001,2,1,0,1,108.0,13,13,0,6,6,0.46153846153846156,1.8461538461538463,13,24,4.0,13.0,1,1,0,0,721,1,415
C02531,CLI00029,2026-01-11,1,12,544.65,4048.72,Loja física,293,0.13452399770791756,1,3,561.5,1,1,0,1,449.0,9,9,0,7,7,0.7777777777777778,10.0,24,90,12.857142857142858,24.0,0,0,0,0,644,1,293
C02532,CLI00483,2026-01-10,0,24,81.32,3508.88,Loja física,293,0.02317548619502519,2,3,937.1700000000001,0,1,0,2,78.0,9,9,0,3,3,0.3333333333333333,1.1111111111111112,8,10,3.3333333333333335,8.0,0,0,0,0,680,1,294
C02533,CLI01379,2026-01-23,1,12,123.03,3238.55,Loja física,353,0.037989223572277714,3,7,917.88,3,2,1,1,241.0,11,11,0,3,3,0.2727272727272727,1.0909090909090908,8,12,4.0,8.0,0,0,0,0,788,1,355
C02534,CLI02097,2026-01-19,0,12,244.4,2651.66,Loja física,203,0.09216867924243682,3,2,706.655,1,0,1,0,252.0,6,6,0,3,3,0.5,4.5,24,27,9.0,24.0,0,0,0,0,539,1,204
C02535,CLI02405,2026-01-12,0,12,211.4,3145.37,Site,83,0.06720989899439495,1,3,756.6933333333333,0,1,2,0,549.0,2,2,0,0,0,0.0,0.0,0,0,,,0,0,0,0,548,1,83
C02536,CLI02756,2026-01-20,1,12,223.14,5218.96,Loja física,353,0.04275564480279596,2,2,619.705,2,0,0,0,351.0,11,11,0,6,6,0.5454545454545454,4.363636363636363,21,48,8.0,21.0,1,0,0,0,607,1,356
C02538,CLI01581,2026-01-15,1,12,154.69,3000.41,Loja física,173,0.051556287307401326,2,1,965.44,0,0,0,1,642.0,5,5,0,2,2,0.4,5.4,18,27,13.5,18.0,0,0,1,0,706,1,173
C02539,CLI00842,2025-10-07,1,12,199.88,2700.75,Televendas,353,0.0740090715541979,2,2,443.56500000000005,2,0,0,0,94.0,11,11,0,8,8,0.7272727272727273,6.454545454545454,20,71,8.875,20.0,0,1,0,0,626,1,355
C02540,CLI02634,2026-01-08,0,18,86.46,5420.17,Loja física,323,0.015951529195578736,3,5,1598.5659999999998,3,1,0,1,98.0,10,9,1,2,1,0.2,3.8,23,38,15.0,15.0,0,0,0,0,762,1,324
C02541,CLI02087,2025-05-23,1,6,176.17,4254.26,Loja física,173,0.041410257012970526,2,3,2770.5699999999997,1,1,1,0,442.0,5,5,0,0,0,0.0,0.0,0,0,,,0,0,0,0,690,1,176
C02542,CLI01191,2026-01-15,1,10,344.4,1829.5,Loja física,83,0.1882481552336704,2,4,808.8575000000001,0,0,1,3,626.0,2,2,0,2,2,1.0,17.5,19,35,17.5,19.0,0,0,0,0,571,1,86
C02543,CLI01365,2025-04-30,0,6,358.28,1496.37,Loja física,173,0.23943276061401925,1,2,686.14,1,0,1,0,601.0,5,5,0,1,1,0.2,3.4,17,17,17.0,17.0,1,0,0,0,642,1,175
C02544,CLI01102,2025-11-05,0,10,167.67,2985.37,Loja física,293,0.056163892582828924,1,5,1177.664,0,3,1,1,269.0,9,9,0,1,1,0.1111111111111111,0.1111111111111111,1,1,1.0,1.0,0,0,0,0,946,1,293
C02546,CLI02770,2026-01-24,0,12,115.32,6187.43,Loja física,353,0.018637786609303052,1,0,,0,0,0,0,,11,11,0,3,3,0.2727272727272727,5.0,24,55,18.333333333333332,24.0,0,1,1,0,794,1,356
C02547,CLI00626,2025-05-30,0,10,135.1,5770.17,Loja física,293,0.023413521612014897,1,0,,0,0,0,0,,9,8,1,3,2,0.3333333333333333,4.777777777777778,23,43,10.0,19.0,0,0,0,0,720,1,296
C02548,CLI01283,2026-01-30,0,24,118.98,2110.48,Televendas,563,0.05637580076570259,2,0,,0,0,0,0,,18,18,0,9,9,0.5,4.111111111111111,24,74,8.222222222222221,24.0,0,0,0,0,562,1,565
C02549,CLI01280,2026-01-12,0,12,165.64,2764.34,Loja física,323,0.05992027029960134,1,1,410.72,0,0,1,0,867.0,10,10,0,6,6,0.6,1.4,5,14,2.3333333333333335,5.0,0,0,0,0,694,1,324
C02550,CLI00405,2026-01-18,1,6,452.84,2346.0,Loja física,83,0.19302642796248934,3,1,1219.38,0,1,0,0,348.0,2,2,0,1,1,0.5,8.0,16,16,16.0,16.0,0,2,0,0,537,1,85
C02551,CLI02381,2025-06-04,0,12,339.59,2043.9,Loja física,353,0.16614805029600271,2,4,828.5274999999999,1,2,1,0,55.0,11,11,0,6,6,0.5454545454545454,3.272727272727273,21,36,6.0,21.0,1,0,0,0,702,1,356
C02552,CLI00088,2025-05-22,0,6,350.42,3268.22,Site,173,0.10722044415614618,3,3,882.6999999999999,1,2,0,0,188.0,5,5,0,4,4,0.8,1.4,2,7,1.75,2.0,0,0,0,1,646,1,173
C02553,CLI00785,2026-02-01,1,10,433.17,2631.78,Televendas,293,0.16459202516927707,1,1,709.04,0,0,1,0,296.0,9,9,0,9,9,1.0,13.444444444444445,24,121,13.444444444444445,24.0,0,1,0,0,507,1,296
C02554,CLI01662,2025-06-19,1,6,572.14,3049.28,Site,173,0.18763117850771327,3,3,833.5799999999999,0,0,1,2,20.0,5,5,0,3,3,0.6,7.4,19,37,12.333333333333334,19.0,0,0,0,0,643,1,175
C02555,CLI02253,2026-02-03,0,24,182.58,3415.32,Loja física,233,0.05345911949685535,1,2,1504.0449999999998,2,0,0,0,173.0,7,7,0,3,3,0.42857142857142855,4.142857142857143,25,29,9.666666666666666,25.0,0,0,1,0,535,1,236
C02556,CLI02718,2026-01-09,0,10,99.33,2661.62,Site,143,0.037319376920822656,2,4,2427.43,2,0,1,1,96.0,4,4,0,0,0,0.0,0.0,0,0,,,0,0,0,0,727,1,146
C02557,CLI01126,2025-08-20,0,10,135.91,3030.59,Loja física,293,0.044846053078773436,1,5,818.116,2,2,0,1,25.0,9,8,1,4,3,0.4444444444444444,3.3333333333333335,23,30,2.3333333333333335,3.0,0,0,0,0,690,1,295
C02558,CLI00580,2026-01-18,0,18,109.15,1928.02,Site,443,0.0566124832729951,2,4,1408.04,1,1,1,1,355.0,14,14,0,2,2,0.14285714285714285,1.7142857142857142,23,24,12.0,23.0,0,1,0,0,811,1,446
C02559,CLI00456,2026-02-05,1,18,186.27,5838.59,Loja física,83,0.03190325061358992,2,6,1436.9916666666668,3,1,1,1,66.0,2,2,0,2,2,1.0,14.5,17,29,14.5,17.0,0,0,0,0,646,1,84
C02561,CLI02449,2026-02-01,0,10,191.94,1814.64,Loja física,263,0.10577304589340034,4,3,309.0366666666667,1,1,0,1,280.0,8,8,0,3,3,0.375,0.625,3,5,1.6666666666666667,3.0,0,0,0,0,536,1,265
C02562,CLI01842,2026-02-03,0,12,143.5,2027.93,Loja física,173,0.07076181130512395,2,4,799.4375,2,1,0,1,93.0,5,5,0,3,3,0.6,7.0,22,35,11.666666666666666,22.0,0,0,0,1,659,1,173
C02563,CLI00731,2026-01-11,0,10,101.25,2492.69,Loja física,233,0.04061876928137875,3,6,1006.7333333333335,1,1,2,2,64.0,7,7,0,2,2,0.2857142857142857,0.7142857142857143,3,5,2.5,3.0,0,1,0,0,652,1,236
C02564,CLI01957,2026-01-13,0,18,21.11,1342.46,Loja física,203,0.015724863310638677,1,0,,0,0,0,0,,6,6,0,5,5,0.8333333333333334,11.666666666666666,25,70,14.0,25.0,0,0,0,0,693,1,205
C02565,CLI00781,2026-02-03,0,12,62.44,1848.12,Loja física,203,0.03378568491223514,4,5,494.45,1,1,2,1,154.0,6,6,0,2,2,0.3333333333333333,3.0,17,18,9.0,17.0,0,0,0,0,666,1,205
C02566,CLI02624,2026-01-27,1,24,43.16,2609.13,Loja física,353,0.016541912438245696,1,1,454.73,0,0,1,0,871.0,11,11,0,5,5,0.45454545454545453,6.090909090909091,23,67,13.4,23.0,0,0,1,0,772,1,353
C02567,CLI01304,2026-01-15,1,12,148.36,8611.7,Loja física,83,0.017227725071704773,2,10,1189.7549999999999,3,0,5,2,13.0,2,2,0,0,0,0.0,0.0,0,0,,,0,0,0,0,828,1,83
C02568,CLI02025,2026-01-31,0,10,160.09,2462.85,Site,113,0.06500192865988591,1,4,777.945,1,1,2,0,58.0,3,3,0,2,2,0.6666666666666666,5.666666666666667,16,17,8.5,16.0,0,0,0,0,696,1,116
C02569,CLI01173,2026-01-30,1,12,323.14,4401.39,Site,263,0.07341771576706449,3,8,722.0912500000001,0,5,3,0,66.0,8,8,0,3,3,0.375,7.25,24,58,19.333333333333332,24.0,0,0,2,0,756,1,263
C02570,CLI01432,2026-01-08,0,12,166.76,2334.78,Loja física,173,0.07142428836978215,2,3,1783.57,2,1,0,0,423.0,5,5,0,2,2,0.4,4.2,20,21,10.5,20.0,0,0,0,0,696,1,176
C02571,CLI02451,2026-01-18,0,18,40.97,3262.94,Site,233,0.012556161008170546,1,0,,0,0,0,0,,7,7,0,2,2,0.2857142857142857,2.7142857142857144,10,19,9.5,10.0,2,0,1,0,519,1,234
C02572,CLI02513,2025-09-23,0,10,183.18,1769.92,Loja física,293,0.10349620321822456,2,1,2020.66,0,0,1,0,341.0,9,9,0,6,6,0.6666666666666666,8.0,22,72,12.0,22.0,0,0,1,0,621,1,294
C02573,CLI00239,2025-12-02,1,18,73.12,3623.83,Loja física,533,0.02017754695998433,3,1,689.51,0,0,1,0,11.0,17,17,0,12,12,0.7058823529411765,6.411764705882353,26,109,9.083333333333334,26.0,0,1,0,0,583,1,533
C02574,CLI00738,2025-06-13,1,12,505.79,2718.81,Loja física,353,0.18603359558041938,1,2,773.075,0,1,0,1,550.0,11,11,0,8,8,0.7272727272727273,9.727272727272727,22,107,13.375,22.0,1,0,2,0,662,1,354
C02575,CLI01620,2026-02-05,0,10,199.59,2829.25,Loja física,293,0.07054519749050102,2,3,1350.23,1,0,0,2,89.0,9,9,0,2,2,0.2222222222222222,0.3333333333333333,2,3,1.5,2.0,0,0,0,1,928,1,296
C02577,CLI00334,2025-08-26,0,6,138.76,2492.75,Loja física,173,0.055665429746264164,1,2,448.67,1,0,1,0,56.0,5,5,0,2,2,0.4,1.4,5,7,3.5,5.0,0,0,1,0,845,1,176
C02578,CLI02763,2025-08-30,1,12,188.87,2532.95,Loja física,353,0.0745652302651059,2,1,582.84,0,0,0,1,471.0,11,11,0,6,6,0.5454545454545454,3.5454545454545454,14,39,6.5,14.0,0,0,0,0,657,1,356
C02579,CLI00435,2024-12-19,0,6,137.38,1648.28,Televendas,173,0.08334748950421045,1,1,1049.6,0,0,0,1,203.0,5,5,0,0,0,0.0,0.0,0,0,,,1,0,0,0,649,1,173
C02580,CLI00231,2025-12-19,0,10,135.84,2321.44,Televendas,293,0.05851540423185609,1,6,1048.7983333333334,3,0,1,2,5.0,9,9,0,3,3,0.3333333333333333,2.5555555555555554,20,23,7.666666666666667,20.0,0,0,0,0,544,1,296
C02581,CLI02612,2026-01-16,0,24,103.86,3257.72,Loja física,383,0.03188119298159449,1,1,671.15,0,0,1,0,46.0,12,12,0,3,3,0.25,0.5833333333333334,5,7,2.3333333333333335,5.0,0,0,0,0,811,1,385
C02582,CLI02701,2025-11-09,0,6,579.57,2772.82,Loja física,173,0.20901825578292135,2,2,803.18,0,1,0,1,228.0,5,5,0,3,3,0.6,2.8,10,14,4.666666666666667,10.0,0,0,1,0,730,1,174
C02583,CLI02255,2025-11-06,0,12,118.36,1883.03,Loja física,353,0.0628561414316288,1,4,986.9475,2,0,1,1,4.0,11,11,0,2,2,0.18181818181818182,2.090909090909091,21,23,11.5,21.0,0,0,0,0,790,1,356
C02584,CLI01646,2026-01-19,0,24,67.09,3515.28,Loja física,173,0.019085250677044217,3,1,141.35,0,1,0,0,1046.0,5,5,0,1,1,0.2,1.4,7,7,7.0,7.0,1,0,0,0,751,1,176
C02585,CLI02028,2025-07-29,1,12,192.92,2650.43,Loja física,353,0.07278818908629921,3,3,1905.823333333333,1,1,1,0,421.0,11,11,0,7,7,0.6363636363636364,9.090909090909092,25,100,14.285714285714286,25.0,1,0,1,0,643,1,356
C02586,CLI00572,2026-01-16,0,18,121.35,3773.35,Loja física,113,0.03215975194455855,1,0,,0,0,0,0,,3,3,0,1,1,0.3333333333333333,0.3333333333333333,1,1,1.0,1.0,0,0,0,0,760,1,113
C02587,CLI02563,2026-01-10,1,24,292.64,3694.55,Site,173,0.07920856396584157,3,2,1323.02,0,1,0,1,916.0,5,4,1,4,3,0.8,17.6,24,88,21.666666666666668,24.0,0,0,0,0,741,1,173
C02588,CLI02465,2026-01-15,0,6,84.19,2839.76,Loja física,143,0.02964687156661126,2,2,937.07,1,0,0,1,70.0,4,4,0,1,1,0.25,0.5,2,2,2.0,2.0,0,0,0,0,573,1,146
C02589,CLI01412,2026-01-26,0,24,150.78,3331.09,Loja física,83,0.04526446298358795,2,1,1400.73,0,0,0,1,761.0,2,2,0,1,1,0.5,11.0,22,22,22.0,22.0,0,0,0,0,698,1,85
C02590,CLI02171,2026-01-25,0,12,89.04,5768.52,Site,83,0.015435501653803748,3,1,985.83,0,0,1,0,1038.0,2,2,0,2,2,1.0,8.5,14,17,8.5,14.0,0,0,0,0,682,1,85
C02591,CLI02483,2026-02-01,1,12,125.15,4416.8,Loja física,353,0.028334993660568738,3,2,1048.885,0,1,0,1,77.0,11,11,0,5,5,0.45454545454545453,3.1818181818181817,18,35,7.0,18.0,0,1,0,0,714,1,356
C02592,CLI02165,2026-02-03,0,18,116.69,3124.12,Televendas,233,0.037351318131185744,2,0,,0,0,0,0,,7,7,0,1,1,0.14285714285714285,0.2857142857142857,2,2,2.0,2.0,0,0,0,1,776,1,233
C02593,CLI01421,2026-01-12,0,24,49.51,3836.46,Loja física,443,0.012905126079771454,1,0,,0,0,0,0,,14,14,0,2,2,0.14285714285714285,0.21428571428571427,2,3,1.5,2.0,0,0,0,0,654,1,445
C02594,CLI00851,2025-03-13,0,6,158.52,2574.08,Loja física,173,0.06158316757831925,2,1,849.31,0,0,1,0,534.0,5,5,0,0,0,0.0,0.0,0,0,,,0,0,0,0,621,1,173
C02595,CLI00372,2026-02-03,0,12,147.16,2000.8,Loja física,83,0.07355057976809276,2,1,884.04,1,0,0,0,581.0,2,2,0,1,1,0.5,3.0,6,6,6.0,6.0,0,0,0,0,581,1,85
C02596,CLI01162,2026-01-31,0,18,65.18,2531.64,Loja física,293,0.025746156641544615,2,2,2342.35,0,0,1,1,244.0,9,8,1,2,1,0.2222222222222222,2.6666666666666665,23,24,1.0,1.0,1,0,0,0,683,1,294
C02597,CLI00023,2024-12-23,1,6,1001.46,4003.31,Loja física,173,0.25015799425975005,1,1,1284.94,0,1,0,0,70.0,5,5,0,1,1,0.2,3.2,16,16,16.0,16.0,1,0,0,0,611,1,174
C02598,CLI02616,2025-10-02,1,10,323.16,2003.14,Site,293,0.16132671705422488,1,3,998.6266666666667,1,1,0,1,56.0,9,9,0,5,5,0.5555555555555556,6.555555555555555,15,59,11.8,15.0,0,0,0,1,635,1,295
C02599,CLI00133,2026-01-23,0,6,278.03,3466.63,Site,173,0.0802018098268347,1,0,,0,0,0,0,,5,5,0,2,2,0.4,3.6,17,18,9.0,17.0,0,0,0,0,583,1,176
C02600,CLI00971,2025-12-09,0,10,259.14,3677.83,Loja física,293,0.07046002670052721,2,5,958.4159999999999,0,0,2,3,152.0,9,9,0,5,5,0.5555555555555556,9.444444444444445,25,85,17.0,25.0,0,0,0,0,645,1,294
C02601,CLI00221,2025-12-16,1,6,544.04,2420.56,Loja física,173,0.22475790726112965,3,3,663.69,0,1,1,1,119.0,5,5,0,3,3,0.6,5.2,20,26,8.666666666666666,20.0,1,0,0,0,540,1,176
C02602,CLI00030,2026-02-01,0,18,41.84,2222.26,Loja física,203,0.018827679929441198,2,2,860.565,1,0,0,1,331.0,6,6,0,2,2,0.3333333333333333,1.6666666666666667,8,10,5.0,8.0,0,0,0,0,663,1,203
C02603,CLI00037,2026-01-27,0,18,176.41,3230.06,Loja física,263,0.05461508454951301,2,3,767.4499999999999,1,0,2,0,82.0,8,8,0,3,3,0.375,2.125,15,17,5.666666666666667,15.0,0,0,1,0,655,1,265
C02604,CLI02597,2026-01-09,1,10,251.28,2497.02,Loja física,293,0.10063195328831968,3,4,891.2675,1,2,1,0,204.0,9,9,0,3,3,0.3333333333333333,1.3333333333333333,7,12,4.0,7.0,0,0,1,0,615,1,296
C02605,CLI01651,2026-01-21,1,24,70.09,2411.58,Loja física,83,0.0290639331890296,2,1,1036.87,1,0,0,0,1091.0,2,2,0,0,0,0.0,0.0,0,0,,,0,0,1,0,898,1,85
C02606,CLI01715,2026-01-19,1,10,148.4,2025.12,Loja física,233,0.07327960812198785,3,3,848.2333333333332,1,1,1,0,661.0,7,7,0,4,4,0.5714285714285714,5.571428571428571,18,39,9.75,18.0,0,0,0,0,756,1,236
C02607,CLI02028,2025-09-07,0,6,207.55,2801.41,Site,173,0.07408769155532394,3,4,1760.1699999999998,1,1,1,1,26.0,5,5,0,2,2,0.4,4.6,14,23,11.5,14.0,1,0,0,0,516,1,173
C02608,CLI01930,2026-01-14,1,18,115.62,2037.29,Loja física,203,0.05675186154155766,1,1,1419.85,0,1,0,0,744.0,6,5,1,5,4,0.8333333333333334,12.166666666666666,23,73,12.5,20.0,0,0,0,0,650,1,206
C02609,CLI00100,2025-04-26,0,6,262.26,6638.36,Loja física,173,0.03950674564199592,1,1,143.29,1,0,0,0,434.0,5,5,0,4,4,0.8,2.2,4,11,2.75,4.0,0,0,0,0,707,1,174
C02610,CLI02524,2025-08-05,1,6,315.27,1829.41,Loja física,173,0.17233424984011236,2,2,537.695,1,0,0,1,71.0,5,5,0,2,2,0.4,4.0,17,20,10.0,17.0,0,0,1,0,542,1,175
C02611,CLI02140,2026-01-28,0,10,250.23,1403.97,Loja física,293,0.1782303040663262,2,7,759.7328571428571,1,1,2,3,142.0,9,9,0,5,5,0.5555555555555556,5.888888888888889,23,53,10.6,23.0,1,1,1,0,603,1,296
C02612,CLI02301,2026-02-04,1,12,244.55,3154.96,Loja física,323,0.07751286862590968,4,6,965.8183333333333,1,2,1,2,123.0,10,10,0,8,8,0.8,13.5,25,135,16.875,25.0,0,0,0,0,586,1,325
C02613,CLI01302,2025-10-16,1,12,326.15,1683.74,Televendas,353,0.19370567902407734,1,1,366.27,0,0,0,1,870.0,11,11,0,6,6,0.5454545454545454,6.818181818181818,22,75,12.5,22.0,1,0,0,0,454,1,355
C02614,CLI00128,2026-01-29,0,18,131.05,2677.7,Site,533,0.04894125555514061,2,3,464.97666666666663,0,0,1,2,133.0,17,17,0,8,8,0.47058823529411764,5.647058823529412,24,96,12.0,24.0,0,1,1,0,680,1,535
C02615,CLI00303,2025-11-26,1,6,204.58,3105.2,Televendas,173,0.0658830349091846,2,0,,0,0,0,0,,5,5,0,4,4,0.8,8.6,24,43,10.75,24.0,0,0,0,0,734,1,175
C02616,CLI02340,2025-11-29,1,12,179.71,3311.09,Loja física,353,0.0542751782645594,2,0,,0,0,0,0,,11,10,1,6,5,0.5454545454545454,9.818181818181818,25,108,17.0,25.0,2,0,0,0,617,1,355
C02617,CLI02446,2026-01-21,0,12,104.82,2333.01,Loja física,293,0.04492908303007702,4,1,1311.15,1,0,0,0,483.0,9,9,0,4,4,0.4444444444444444,4.777777777777778,23,43,10.75,23.0,1,0,0,0,708,1,293
C02618,CLI02743,2025-05-10,0,10,483.11,2552.94,Loja física,293,0.18923672315056367,2,6,1130.4,4,0,2,0,73.0,9,9,0,4,4,0.4444444444444444,1.2222222222222223,4,11,2.75,4.0,0,0,0,0,646,1,293
C02619,CLI00482,2026-01-11,1,12,77.08,3053.24,Televendas,173,0.025245313175511916,2,2,1576.97,0,2,0,0,95.0,5,5,0,5,5,1.0,14.4,25,72,14.4,25.0,0,0,0,0,555,1,174
C02620,CLI00014,2026-01-21,1,18,130.08,1814.82,Loja física,443,0.07167652990379213,2,3,571.76,1,1,0,1,52.0,14,14,0,8,8,0.5714285714285714,6.857142857142857,26,96,12.0,26.0,0,0,0,0,690,1,446
C02621,CLI02440,2026-02-05,0,18,169.7,3031.75,Loja física,143,0.05597427228498392,2,1,833.62,0,0,0,1,202.0,4,4,0,2,2,0.5,4.25,16,17,8.5,16.0,0,0,0,0,676,1,145
C02622,CLI02589,2025-12-15,1,10,65.77,2781.44,Televendas,293,0.023646025080533824,4,3,970.4333333333333,0,1,2,0,198.0,9,9,0,5,5,0.5555555555555556,7.333333333333333,18,66,13.2,18.0,0,0,0,0,696,1,295
C02623,CLI02713,2026-01-10,0,10,156.95,2349.6,Loja física,143,0.06679860401770514,3,4,617.2925,1,2,0,1,106.0,4,4,0,3,3,0.75,6.75,23,27,9.0,23.0,0,1,0,0,687,1,146
C02624,CLI01229,2025-03-23,1,6,231.08,3490.86,Loja física,173,0.06619572254401494,2,2,1111.34,0,1,1,0,399.0,5,5,0,1,1,0.2,2.6,13,13,13.0,13.0,0,1,0,0,682,1,176
C02625,CLI02698,2026-01-26,1,24,45.66,2762.95,Loja física,413,0.016525814799399192,5,2,798.675,2,0,0,0,108.0,13,13,0,6,6,0.46153846153846156,3.4615384615384617,15,45,7.5,15.0,1,0,0,0,642,1,414
C02626,CLI02608,2026-01-23,0,12,158.18,1142.78,Site,83,0.13841684313691174,1,1,814.13,0,1,0,0,883.0,2,2,0,0,0,0.0,0.0,0,0,,,0,0,0,0,666,1,83
C02627,CLI00184,2026-01-29,0,6,602.85,2891.09,Loja física,173,0.2085199699767216,5,11,486.42999999999995,1,2,4,4,70.0,5,5,0,2,2,0.4,0.6,2,3,1.5,2.0,0,0,0,0,890,1,173
C02628,CLI02032,2026-01-08,1,18,106.68,3388.39,Site,143,0.03148397911692574,3,3,459.79333333333335,0,1,1,1,328.0,4,4,0,2,2,0.5,1.0,2,4,2.0,2.0,0,0,0,0,510,1,144
C02629,CLI00092,2025-10-17,0,12,45.35,9708.18,Site,353,0.004671318413956066,2,4,1607.1175,1,0,1,2,93.0,11,11,0,1,1,0.09090909090909091,0.09090909090909091,1,1,1.0,1.0,1,0,1,0,728,1,355
C02630,CLI00162,2025-06-13,0,10,132.6,1751.01,Loja física,293,0.07572772285709391,2,3,671.2066666666667,0,0,1,2,432.0,9,9,0,3,3,0.3333333333333333,3.5555555555555554,22,32,10.666666666666666,22.0,0,0,0,0,668,1,295
C02631,CLI02716,2026-01-19,0,12,63.12,2237.47,Loja física,263,0.028210434106379082,1,1,343.37,0,1,0,0,134.0,8,8,0,8,8,1.0,6.875,24,55,6.875,24.0,0,0,2,1,666,1,265
C02632,CLI02326,2026-01-22,0,18,27.81,1639.96,Loja física,203,0.01695773067635796,2,8,993.0925,1,0,7,0,111.0,6,6,0,1,1,0.16666666666666666,0.3333333333333333,2,2,2.0,2.0,0,0,0,0,816,1,204
C02633,CLI01995,2025-01-13,1,6,909.66,1097.87,Televendas,173,0.828568045396996,2,3,797.3266666666667,0,0,0,3,53.0,5,5,0,5,5,1.0,14.0,26,70,14.0,26.0,0,0,0,0,202,1,176
C02634,CLI00291,2025-07-23,0,10,171.66,3981.24,Loja física,293,0.04311721976067758,2,2,568.375,1,0,0,1,416.0,9,9,0,4,4,0.4444444444444444,4.666666666666667,19,42,10.5,19.0,0,0,0,0,646,1,293
C02636,CLI01500,2026-01-16,0,18,67.22,2112.72,Televendas,443,0.031816804877125224,2,3,999.7966666666667,0,0,1,2,246.0,14,14,0,3,3,0.21428571428571427,2.2857142857142856,25,32,10.666666666666666,25.0,1,0,1,0,653,1,443
C02638,CLI01360,2026-02-04,0,18,82.51,2971.96,Loja física,383,0.027762823187391487,2,2,1512.7600000000002,0,0,2,0,314.0,12,12,0,5,5,0.4166666666666667,3.5833333333333335,20,43,8.6,20.0,1,0,0,0,686,1,386
C02640,CLI02499,2026-02-02,0,10,232.57,2440.67,Televendas,293,0.09528940823626299,3,1,492.91,0,1,0,0,121.0,9,9,0,5,5,0.5555555555555556,2.888888888888889,20,26,5.2,20.0,0,0,0,0,857,1,293
C02641,CLI01911,2025-10-26,0,10,286.41,3201.66,Loja física,293,0.0894567193268492,1,3,397.77666666666664,2,0,0,1,126.0,9,9,0,2,2,0.2222222222222222,0.4444444444444444,2,4,2.0,2.0,0,0,0,0,784,1,294
C02643,CLI01134,2025-10-14,0,12,124.85,2708.21,Televendas,353,0.046100560887080394,1,2,1340.63,0,0,0,2,43.0,11,11,0,2,2,0.18181818181818182,2.1818181818181817,22,24,12.0,22.0,0,0,0,1,727,1,355
C02644,CLI01766,2026-01-08,0,6,425.79,2825.33,Loja física,113,0.15070451947206168,3,2,740.305,1,0,1,0,469.0,3,3,0,2,2,0.6666666666666666,7.0,19,21,10.5,19.0,0,0,0,1,653,1,114
C02647,CLI00734,2026-02-06,1,12,176.38,2994.67,Loja física,353,0.05889797540296594,2,1,1305.51,1,0,0,0,857.0,11,11,0,4,4,0.36363636363636365,2.272727272727273,11,25,6.25,11.0,0,0,1,0,610,1,356
C02648,CLI02623,2026-02-04,0,6,138.73,1919.53,Loja física,173,0.07227290013701271,2,1,1009.22,1,0,0,0,882.0,5,5,0,1,1,0.2,0.2,1,1,1.0,1.0,0,0,0,0,679,1,175
C02649,CLI00952,2026-01-08,1,12,97.07,1772.48,Loja física,143,0.054765074923271345,2,0,,0,0,0,0,,4,4,0,1,1,0.25,2.5,10,10,10.0,10.0,0,1,1,0,615,1,145
C02650,CLI01398,2026-01-08,0,24,52.92,1834.89,Loja física,263,0.02884096594346255,2,5,1572.7640000000001,0,1,2,2,2.0,8,8,0,2,2,0.25,1.5,11,12,6.0,11.0,0,0,1,0,854,1,266
C02651,CLI01484,2026-01-31,0,24,162.13,2913.7,Loja física,173,0.05564402649552116,3,7,1329.1542857142856,0,2,2,3,8.0,5,5,0,2,2,0.4,0.6,2,3,1.5,2.0,0,0,1,0,847,1,175
C02652,CLI01824,2026-01-24,0,12,62.84,2909.73,Site,203,0.021596505517694084,2,2,301.575,1,1,0,0,121.0,6,6,0,2,2,0.3333333333333333,5.333333333333333,24,32,16.0,24.0,0,0,0,0,791,1,205
C02654,CLI02473,2026-01-13,0,24,101.97,1871.79,Loja física,503,0.05447726507781322,1,2,680.835,1,1,0,0,457.0,16,16,0,4,4,0.25,1.0,12,16,4.0,12.0,0,1,0,0,798,1,505
C02655,CLI02598,2026-01-24,1,24,193.38,3212.81,Loja física,293,0.0601903007025003,1,0,,0,0,0,0,,9,9,0,8,8,0.8888888888888888,13.333333333333334,25,120,15.0,25.0,0,0,1,0,509,1,294
C02656,CLI01276,2026-02-02,0,18,341.46,3194.61,Site,383,0.1068862865889733,3,4,1355.5375,1,1,1,1,135.0,12,12,0,2,2,0.16666666666666666,0.16666666666666666,1,2,1.0,1.0,0,0,1,0,773,1,385
C02657,CLI01484,2026-01-19,0,24,94.0,1256.49,Loja física,173,0.07481157828554147,3,6,1410.7333333333333,0,2,2,2,38.0,5,5,0,5,5,1.0,20.2,26,101,20.2,26.0,1,1,0,0,552,1,173
C02658,CLI01878,2026-02-02,0,12,348.89,1645.27,Televendas,173,0.21205637980392275,2,3,789.8499999999999,0,1,1,1,103.0,5,5,0,5,5,1.0,9.6,23,48,9.6,23.0,1,0,0,0,528,1,176
C02659,CLI00699,2026-01-28,1,18,80.13,2987.05,Loja física,323,0.026825798028154865,2,1,645.25,0,0,0,1,421.0,10,10,0,8,8,0.8,11.8,24,118,14.75,24.0,0,2,0,0,624,1,326
C02660,CLI00279,2026-01-19,1,10,189.56,2152.96,Loja física,83,0.08804622473246136,3,1,434.65,0,0,0,1,1064.0,2,2,0,1,1,0.5,0.5,1,1,1.0,1.0,0,0,0,0,682,1,84
C02661,CLI01646,2025-08-13,0,12,124.66,2453.77,Loja física,353,0.05080345753676995,3,1,141.35,0,1,0,0,887.0,11,11,0,4,4,0.36363636363636365,2.909090909090909,18,32,8.0,18.0,0,1,0,0,669,1,355
C02663,CLI01901,2026-01-19,0,12,139.78,4541.89,Loja física,323,0.03077573433086226,1,0,,0,0,0,0,,10,10,0,4,4,0.4,5.0,21,50,12.5,21.0,1,1,0,0,798,1,326
C02664,CLI00503,2026-01-17,0,18,169.48,2426.3,Loja física,173,0.06985121378230226,6,6,1320.81,0,3,2,1,214.0,5,5,0,0,0,0.0,0.0,0,0,,,1,0,0,1,699,1,175
C02665,CLI01918,2026-01-09,1,18,71.86,4912.16,Loja física,203,0.014629002312628253,1,2,514.3499999999999,0,1,0,1,43.0,6,6,0,4,4,0.6666666666666666,3.5,13,21,5.25,13.0,0,0,0,0,701,1,204
C02666,CLI00891,2026-01-08,0,24,74.48,2086.79,Televendas,563,0.03569118119216596,3,3,679.6866666666666,1,0,2,0,258.0,18,18,0,5,5,0.2777777777777778,1.5555555555555556,20,28,5.6,20.0,0,0,0,0,614,1,566
C02667,CLI02722,2026-01-26,0,18,84.06,7539.77,Loja física,473,0.011148881199293878,2,1,1159.62,0,1,0,0,729.0,15,14,1,9,8,0.6,6.133333333333334,25,92,8.625,25.0,1,0,0,0,594,1,473
C02668,CLI00168,2026-02-04,0,12,164.87,5289.08,Loja física,173,0.03117177278468089,3,2,874.3100000000001,2,0,0,0,90.0,5,5,0,3,3,0.6,6.6,20,33,11.0,20.0,0,1,0,0,694,1,176
C02669,CLI00262,2026-01-29,0,18,39.13,4616.59,Loja física,323,0.00847595303026693,2,1,174.93,1,0,0,0,737.0,10,10,0,1,1,0.1,0.1,1,1,1.0,1.0,1,0,1,0,881,1,326
C02671,CLI00896,2025-08-11,1,10,134.13,2004.01,Loja física,293,0.0669308037385043,3,3,1503.2333333333333,1,1,0,1,3.0,9,9,0,4,4,0.4444444444444444,3.6666666666666665,24,33,8.25,24.0,0,0,0,0,721,1,293
C02672,CLI02416,2025-12-07,1,6,2325.21,3607.23,Televendas,173,0.6445971008225148,2,0,,0,0,0,0,,5,5,0,5,5,1.0,11.6,18,58,11.6,18.0,1,1,0,1,497,1,175
C02673,CLI02132,2025-07-28,0,12,102.55,1413.9,Loja física,353,0.07252988188697927,2,7,804.5871428571429,1,2,3,1,255.0,11,11,0,4,4,0.36363636363636365,0.45454545454545453,2,5,1.25,2.0,0,0,0,0,783,1,354
C02674,CLI01402,2026-01-23,0,12,100.14,3369.05,Site,263,0.029723512562888646,3,3,889.2233333333334,1,1,1,0,208.0,8,8,0,6,6,0.75,1.25,3,10,1.6666666666666667,3.0,0,0,1,0,929,1,263
C02675,CLI00387,2025-04-24,1,6,454.91,2639.11,Site,173,0.17237250436700252,1,0,,0,0,0,0,,5,5,0,2,2,0.4,5.8,17,29,14.5,17.0,1,0,0,0,641,1,176
C02676,CLI01095,2026-01-21,0,24,48.81,1946.74,Site,263,0.025072685618007542,2,4,1353.6799999999998,1,1,0,2,130.0,8,8,0,3,3,0.375,2.625,19,21,7.0,19.0,0,0,0,0,677,1,263
C02677,CLI01855,2026-02-02,1,10,336.71,2652.57,Loja física,293,0.12693727215492898,2,3,1192.53,1,2,0,0,67.0,9,8,1,8,7,0.8888888888888888,12.0,23,108,12.142857142857142,18.0,1,0,1,0,619,1,294
C02678,CLI00872,2026-02-04,1,10,267.79,3056.87,Televendas,263,0.08760267855682448,3,4,867.6899999999999,1,1,0,2,50.0,8,8,0,4,4,0.5,5.5,19,44,11.0,19.0,0,2,1,0,586,1,263
C02680,CLI01797,2025-06-11,0,12,119.54,5754.11,Televendas,353,0.020774715811828416,4,7,887.3514285714285,0,2,4,1,108.0,11,11,0,3,3,0.2727272727272727,0.45454545454545453,2,5,1.6666666666666667,2.0,0,0,0,0,740,1,353
C02681,CLI01727,2026-01-21,0,18,141.41,2650.23,Televendas,263,0.05335763311108847,1,0,,0,0,0,0,,8,8,0,4,4,0.5,4.25,19,34,8.5,19.0,0,1,0,1,563,1,264
C02682,CLI01000,2026-01-15,0,6,569.93,3118.89,Televendas,143,0.18273488324371812,1,3,302.8233333333333,1,1,1,0,167.0,4,4,0,0,0,0.0,0.0,0,0,,,0,0,0,0,748,1,146
C02683,CLI02133,2026-01-17,1,18,217.59,1964.18,Loja física,443,0.1107790528362981,3,4,962.6099999999999,1,1,1,1,104.0,14,14,0,7,7,0.5,7.428571428571429,26,104,14.857142857142858,26.0,0,0,0,0,761,1,444
C02684,CLI01582,2026-01-13,1,18,182.13,1467.16,Loja física,113,0.12413779001608549,1,1,2881.92,1,0,0,0,577.0,3,3,0,1,1,0.3333333333333333,3.6666666666666665,11,11,11.0,11.0,0,0,0,0,733,1,115
C02685,CLI02651,2026-01-23,1,18,46.61,5319.73,Loja física,173,0.008761722869393748,1,3,967.39,0,0,1,2,76.0,5,5,0,2,2,0.4,5.0,14,25,12.5,14.0,0,3,0,0,708,1,175
C02686,CLI01299,2026-01-29,1,18,117.49,4086.44,Site,533,0.028751186852125566,1,0,,0,0,0,0,,17,17,0,7,7,0.4117647058823529,4.176470588235294,25,71,10.142857142857142,25.0,0,0,0,0,708,1,535
C02687,CLI02279,2026-01-20,0,10,275.48,2679.58,Loja física,233,0.10280715634539742,1,0,,0,0,0,0,,7,7,0,5,5,0.7142857142857143,10.0,25,70,14.0,25.0,0,0,0,0,782,1,234
C02688,CLI02531,2026-02-01,0,12,167.92,3312.54,Loja física,323,0.05069221805623479,2,3,585.77,2,0,1,0,287.0,10,10,0,4,4,0.4,1.5,7,15,3.75,7.0,0,0,1,0,739,1,326
C02689,CLI00914,2026-01-12,0,12,191.42,1888.73,Loja física,113,0.10134852519947266,1,1,1407.11,0,1,0,0,875.0,3,3,0,0,0,0.0,0.0,0,0,,,0,0,0,0,787,1,115
C02690,CLI02184,2026-01-28,1,12,352.94,1965.86,Loja física,113,0.17953465658795642,3,1,1754.08,0,0,0,1,834.0,3,3,0,2,2,0.6666666666666666,6.666666666666667,18,20,10.0,18.0,0,0,0,1,509,1,113
C02691,CLI01835,2026-02-04,0,12,101.24,3304.42,Televendas,353,0.03063775185963043,1,2,469.9,0,1,1,0,196.0,11,11,0,2,2,0.18181818181818182,0.8181818181818182,5,9,4.5,5.0,0,0,0,0,799,1,356
C02693,CLI01827,2026-02-04,0,18,158.25,6999.41,Site,203,0.022609048476943058,3,2,1764.3400000000001,0,0,2,0,50.0,6,6,0,3,3,0.5,1.0,2,6,2.0,2.0,0,0,0,0,679,1,203
C02695,CLI00714,2025-11-21,0,12,131.36,2910.59,Loja física,353,0.04513174304866024,2,6,555.0033333333333,3,0,1,2,44.0,11,11,0,5,5,0.45454545454545453,0.7272727272727273,2,8,1.6,2.0,0,0,0,1,684,1,353
C02696,CLI00597,2026-02-04,1,10,147.96,1351.03,Loja física,263,0.10951644301014782,1,0,,0,0,0,0,,8,8,0,4,4,0.5,2.75,17,22,5.5,17.0,0,0,0,0,779,1,264
C02697,CLI00918,2026-01-13,0,24,89.9,3278.24,Loja física,383,0.027423251500805313,4,5,478.78999999999996,1,4,0,0,86.0,12,12,0,2,2,0.16666666666666666,0.25,2,3,1.5,2.0,0,0,0,0,713,1,385
C02698,CLI01802,2026-01-29,0,12,69.74,5085.44,Loja física,173,0.013713660961490058,1,1,690.47,0,0,1,0,252.0,5,5,0,3,3,0.6,5.8,20,29,9.666666666666666,20.0,0,0,1,0,742,1,174
C02699,CLI00708,2026-01-12,1,18,103.47,1710.0,Site,383,0.06050877192982456,2,4,997.6375,1,1,2,0,488.0,12,12,0,5,5,0.4166666666666667,2.1666666666666665,16,26,5.2,16.0,1,1,0,0,552,1,383
C02700,CLI02751,2026-01-29,0,10,394.21,2817.03,Loja física,293,0.13993816182291277,4,6,1382.9433333333334,3,2,0,1,561.0,9,9,0,2,2,0.2222222222222222,0.7777777777777778,6,7,3.5,6.0,0,1,0,0,687,1,296
C02701,CLI00853,2026-01-19,0,12,445.09,2350.31,Loja física,143,0.18937501861456574,3,5,728.39,1,0,0,4,354.0,4,4,0,1,1,0.25,0.5,2,2,2.0,2.0,0,1,0,1,624,1,145
C02702,CLI02132,2026-01-17,0,10,408.64,2990.67,Loja física,233,0.13663827837909231,3,7,804.5871428571429,1,2,3,1,428.0,7,7,0,5,5,0.7142857142857143,5.571428571428571,19,39,7.8,19.0,0,1,0,0,795,1,233
C02703,CLI01287,2026-02-06,0,24,61.25,4870.87,Loja física,443,0.012574755639136336,1,1,695.9,0,0,0,1,785.0,14,14,0,5,5,0.35714285714285715,4.214285714285714,22,59,11.8,22.0,0,0,1,0,568,1,446
C02704,CLI00129,2025-09-08,1,12,670.63,4828.24,Loja física,353,0.13889740360876843,1,0,,0,0,0,0,,11,11,0,4,4,0.36363636363636365,3.090909090909091,19,34,8.5,19.0,0,0,1,0,687,1,354
C02705,CLI01797,2025-12-27,0,12,101.7,1986.05,Loja física,353,0.05120717001082551,4,7,887.3514285714285,0,2,4,1,307.0,11,11,0,4,4,0.36363636363636365,1.2727272727272727,7,14,3.5,7.0,0,0,0,0,645,1,354
C02706,CLI01541,2026-01-23,1,18,214.99,2551.73,Loja física,533,0.08425264428446584,1,0,,0,0,0,0,,17,17,0,13,13,0.7647058823529411,9.823529411764707,25,167,12.846153846153847,25.0,1,0,0,0,728,1,536
C02707,CLI00549,2026-01-29,0,6,131.19,2551.4,Loja física,113,0.051418828878262914,6,6,1039.4950000000001,3,1,1,1,171.0,3,3,0,1,1,0.3333333333333333,0.3333333333333333,1,1,1.0,1.0,0,0,0,0,766,1,114
C02708,CLI00152,2025-06-06,0,12,79.31,2174.23,Site,353,0.03647728161234092,2,1,496.69,0,0,1,0,233.0,11,11,0,6,6,0.5454545454545454,3.909090909090909,23,43,7.166666666666667,23.0,0,0,0,0,799,1,354
C02709,CLI01613,2025-12-12,1,12,330.9,3444.89,Loja física,353,0.09605531671548292,3,3,319.89,1,0,2,0,760.0,11,11,0,10,10,0.9090909090909091,12.818181818181818,21,141,14.1,21.0,1,0,1,0,637,1,355
C02711,CLI01345,2026-01-19,1,12,77.23,2091.24,Loja física,293,0.03693024234425509,2,1,328.38,0,0,0,1,861.0,9,9,0,2,2,0.2222222222222222,0.7777777777777778,5,7,3.5,5.0,0,0,2,0,634,1,295
C02713,CLI00221,2026-01-21,1,12,268.01,2545.42,Site,113,0.10529107180740309,3,3,663.69,0,1,1,1,155.0,3,3,0,2,2,0.6666666666666666,12.0,18,36,18.0,18.0,0,0,2,0,601,1,115
C02714,CLI01659,2026-02-06,0,18,61.74,3853.45,Loja física,473,0.016022006254135905,1,1,311.67,0,1,0,0,243.0,15,15,0,4,4,0.26666666666666666,4.533333333333333,26,68,17.0,26.0,0,0,2,0,743,1,475
C02715,CLI02430,2025-08-28,1,12,70.04,3947.73,Loja física,353,0.01774184151398399,2,0,,0,0,0,0,,11,11,0,4,4,0.36363636363636365,1.0909090909090908,6,12,3.0,6.0,0,1,0,0,682,1,354
C02716,CLI02274,2026-01-20,0,6,223.4,2430.43,Site,173,0.09191789107277314,3,2,696.7049999999999,0,1,0,1,125.0,5,5,0,4,4,0.8,6.4,24,32,8.0,24.0,0,0,0,0,713,1,176
C02717,CLI02366,2025-03-12,1,6,382.32,2147.26,Site,173,0.1780501662583944,2,0,,0,0,0,0,,5,5,0,4,4,0.8,7.2,24,36,9.0,24.0,2,1,0,0,742,1,176
C02718,CLI02696,2026-01-29,1,12,147.3,2671.88,Televendas,293,0.05512972139467342,4,5,1268.108,1,1,2,1,46.0,9,9,0,7,7,0.7777777777777778,12.777777777777779,23,115,16.428571428571427,23.0,0,1,1,0,670,1,293
C02719,CLI00405,2026-01-09,1,12,99.96,2040.98,Loja física,263,0.04897647208693862,3,1,1219.38,0,1,0,0,339.0,8,8,0,8,8,1.0,11.875,19,95,11.875,19.0,1,0,0,0,585,1,264
C02720,CLI02275,2025-06-16,0,10,285.89,2977.92,Loja física,293,0.09600325059101654,2,4,548.585,2,1,1,0,194.0,9,9,0,1,1,0.1111111111111111,1.5555555555555556,14,14,14.0,14.0,0,0,1,0,562,1,296
C02721,CLI02011,2025-07-04,0,10,103.79,1952.71,Loja física,293,0.053151773688873416,2,2,1729.1,0,1,1,0,74.0,9,9,0,2,2,0.2222222222222222,2.6666666666666665,22,24,12.0,22.0,0,0,0,0,726,1,295
C02722,CLI02465,2025-11-28,0,10,199.75,4268.92,Loja física,293,0.04679169438640218,2,2,937.07,1,0,0,1,22.0,9,9,0,4,4,0.4444444444444444,4.222222222222222,23,38,9.5,23.0,0,1,0,0,725,1,294
C02723,CLI01668,2026-01-10,1,12,93.75,2175.31,Site,323,0.043097305671375576,3,8,982.13375,4,0,2,2,83.0,10,10,0,1,1,0.1,0.1,1,1,1.0,1.0,0,0,0,0,708,1,324
C02724,CLI02553,2025-07-10,0,10,373.29,6682.0,Site,293,0.05586501047590542,2,5,730.83,1,1,0,3,87.0,9,9,0,3,3,0.3333333333333333,7.777777777777778,25,70,23.333333333333332,25.0,0,0,0,0,677,1,293
C02725,CLI01981,2026-01-13,0,24,69.3,2613.22,Loja física,383,0.02651900720184294,2,5,924.7879999999999,2,1,0,2,322.0,12,12,0,3,3,0.25,1.0,9,12,4.0,9.0,1,0,0,0,809,1,385
C02726,CLI00420,2026-01-22,1,18,88.63,2738.07,Televendas,443,0.03236951575379738,2,2,1493.37,0,1,1,0,460.0,14,14,0,8,8,0.5714285714285714,7.428571428571429,25,104,13.0,25.0,0,1,0,0,453,1,445
C02727,CLI00862,2026-01-23,1,12,211.02,996.04,Loja física,293,0.21185896148749048,3,1,477.31,0,0,1,0,676.0,9,9,0,6,6,0.6666666666666666,12.222222222222221,23,110,18.333333333333332,23.0,1,0,1,1,578,1,296
C02728,CLI00735,2026-02-06,0,6,361.48,2178.98,Site,83,0.16589413395258332,2,2,987.865,0,2,0,0,188.0,2,2,0,1,1,0.5,10.0,20,20,20.0,20.0,0,0,0,0,666,1,83
C02729,CLI00621,2025-07-20,1,6,772.73,3381.53,Loja física,173,0.22851490301727323,2,4,927.865,3,0,1,0,79.0,5,5,0,3,3,0.6,3.2,7,16,5.333333333333333,7.0,0,0,0,0,476,1,174
C02730,CLI00436,2026-01-12,0,24,65.31,4131.84,Loja física,533,0.01580651719330855,1,2,1024.53,1,1,0,0,749.0,17,17,0,3,3,0.17647058823529413,1.1764705882352942,17,20,6.666666666666667,17.0,0,0,0,0,1000,1,534
C02732,CLI00142,2026-01-21,1,24,80.32,2776.58,Televendas,473,0.028927673612861863,3,2,2370.31,1,0,1,0,482.0,15,15,0,12,12,0.8,11.266666666666667,25,169,14.083333333333334,25.0,0,0,0,0,515,1,474
C02733,CLI00995,2025-11-17,0,6,256.36,1751.75,Televendas,173,0.14634508348794065,2,1,516.64,0,0,0,1,168.0,5,5,0,1,1,0.2,0.4,2,2,2.0,2.0,0,0,1,0,796,1,173
C02734,CLI01876,2026-01-15,0,6,176.08,1175.46,Televendas,173,0.1497966753441206,3,3,1141.2666666666667,2,1,0,0,446.0,5,5,0,2,2,0.4,7.8,21,39,19.5,21.0,0,0,0,1,651,1,176
C02735,CLI01876,2025-08-14,0,12,60.4,2976.62,Loja física,353,0.020291471534828093,2,3,1141.2666666666667,2,1,0,0,292.0,11,11,0,7,7,0.6363636363636364,3.3636363636363638,16,37,5.285714285714286,16.0,0,1,0,1,761,1,353
C02736,CLI02657,2026-01-18,1,12,252.96,3856.34,Televendas,83,0.06559587588231328,3,6,1019.8866666666667,1,4,0,1,123.0,2,2,0,2,2,1.0,9.5,13,19,9.5,13.0,0,0,0,0,659,1,83
C02737,CLI01174,2026-02-04,0,6,358.43,3109.77,Loja física,113,0.11525932786025976,1,1,905.27,0,0,1,0,485.0,3,3,0,2,2,0.6666666666666666,6.666666666666667,19,20,10.0,19.0,0,0,0,0,646,1,116
C02738,CLI00732,2025-04-08,1,6,191.41,2441.93,Loja física,173,0.0783847202827272,1,0,,0,0,0,0,,5,5,0,4,4,0.8,9.6,21,48,12.0,21.0,0,0,1,0,630,1,175
C02739,CLI00181,2025-11-17,0,12,109.02,2358.6,Loja física,353,0.04622233528364284,1,0,,0,0,0,0,,11,11,0,6,6,0.5454545454545454,6.2727272727272725,23,69,11.5,23.0,0,1,1,0,623,1,355
C02740,CLI02222,2026-02-06,1,18,413.71,5320.74,Loja física,203,0.07775422215706838,2,3,510.4266666666667,1,0,1,1,217.0,6,6,0,2,2,0.3333333333333333,0.5,2,3,1.5,2.0,0,0,0,0,627,1,205
C02741,CLI00164,2025-03-29,0,6,291.24,2324.48,Loja física,173,0.12529253854625552,3,6,468.97333333333336,0,2,1,3,94.0,5,5,0,0,0,0.0,0.0,0,0,,,0,0,0,0,677,1,176
C02742,CLI02201,2025-06-22,0,12,204.11,6162.69,Loja física,353,0.03312027702188493,1,4,1136.2,0,0,2,2,164.0,11,11,0,4,4,0.36363636363636365,0.5454545454545454,2,6,1.5,2.0,1,0,0,0,788,1,355
C02743,CLI00715,2024-12-21,1,6,194.1,2756.84,Loja física,173,0.07040669752325125,2,1,143.35,0,1,0,0,309.0,5,5,0,2,2,0.4,0.4,1,2,1.0,1.0,0,0,0,0,668,1,175
C02744,CLI02293,2026-01-21,0,18,113.41,2865.65,Loja física,533,0.03957566346204177,4,2,1237.79,1,0,0,1,249.0,17,17,0,4,4,0.23529411764705882,0.47058823529411764,4,8,2.0,4.0,1,0,0,0,744,1,536
C02745,CLI01126,2026-01-18,0,12,156.18,2539.18,Loja física,83,0.06150804590458338,3,5,818.116,2,2,0,1,176.0,2,2,0,1,1,0.5,1.0,2,2,2.0,2.0,0,0,0,0,609,1,83
C02746,CLI01904,2026-01-08,0,10,163.36,4422.53,Loja física,203,0.03693813269779968,2,3,802.1899999999999,3,0,0,0,125.0,6,6,0,4,4,0.6666666666666666,6.0,22,36,9.0,22.0,0,0,0,0,785,1,203
C02747,CLI00190,2026-01-21,0,12,128.61,3435.45,Loja física,233,0.037436143736628395,3,3,1020.4633333333333,0,1,0,2,125.0,7,7,0,3,3,0.42857142857142855,0.7142857142857143,2,5,1.6666666666666667,2.0,0,0,0,0,692,1,235
C02748,CLI01067,2026-01-15,0,18,118.51,2899.4,Loja física,143,0.04087397392563979,2,2,1527.6950000000002,1,0,1,0,503.0,4,4,0,1,1,0.25,0.25,1,1,1.0,1.0,0,0,0,0,768,1,144
C02749,CLI01927,2026-01-19,0,24,84.94,1541.14,Loja física,83,0.05511504470716482,1,1,268.96,0,0,0,1,381.0,2,2,0,0,0,0.0,0.0,0,0,,,0,0,0,0,910,1,86
C02750,CLI00550,2025-09-04,1,6,861.05,2291.83,Televendas,173,0.3757041316328,1,2,1245.8,0,0,2,0,511.0,5,5,0,4,4,0.8,6.8,14,34,8.5,14.0,0,0,1,0,533,1,176
C02751,CLI02101,2025-11-24,0,10,194.45,4207.36,Televendas,293,0.04621662990568908,3,5,573.51,0,2,1,2,145.0,9,9,0,2,2,0.2222222222222222,0.4444444444444444,2,4,2.0,2.0,0,0,0,0,690,1,296
C02752,CLI02661,2025-11-21,0,12,73.3,3613.69,Loja física,353,0.02028397565922921,1,2,392.95500000000004,1,1,0,0,124.0,11,11,0,1,1,0.09090909090909091,0.09090909090909091,1,1,1.0,1.0,0,0,0,0,697,1,356
C02753,CLI00259,2025-06-16,0,6,434.8,4876.63,Loja física,173,0.08915993216627056,2,3,634.3366666666667,0,0,3,0,133.0,5,5,0,2,2,0.4,4.4,21,22,11.0,21.0,0,0,0,0,616,1,176
C02754,CLI01458,2026-01-09,1,24,162.16,1465.17,Loja física,263,0.11067657677948634,2,3,685.4333333333334,0,1,1,1,110.0,8,8,0,7,7,0.875,15.75,26,126,18.0,26.0,0,0,0,0,428,1,265
C02755,CLI01321,2026-01-27,1,24,50.01,3091.79,Loja física,443,0.01617509597999864,2,1,726.08,1,0,0,0,116.0,14,14,0,3,3,0.21428571428571427,1.0,8,14,4.666666666666667,8.0,0,0,0,0,663,1,446
C02756,CLI00022,2025-05-25,0,10,79.75,3844.4,Loja física,293,0.020744459473519924,1,1,348.69,0,0,0,1,169.0,9,9,0,4,4,0.4444444444444444,0.6666666666666666,2,6,1.5,2.0,0,0,0,0,822,1,296
C02757,CLI02434,2026-01-17,1,18,84.47,3115.59,Loja física,473,0.027112039774167974,3,6,735.0316666666666,1,1,1,3,156.0,15,15,0,5,5,0.3333333333333333,1.0666666666666667,10,16,3.2,10.0,0,0,0,0,743,1,475
C02758,CLI01004,2026-01-19,1,10,520.38,1937.68,Loja física,203,0.26855827587630565,2,2,1800.1350000000002,0,0,0,2,176.0,6,6,0,6,6,1.0,13.833333333333334,18,83,13.833333333333334,18.0,0,0,2,0,581,1,204
C02760,CLI01425,2026-01-31,1,18,329.29,2428.15,Site,353,0.13561353293659784,3,2,1828.235,0,1,0,1,174.0,11,11,0,8,8,0.7272727272727273,5.454545454545454,21,60,7.5,21.0,0,1,0,0,483,1,353
C02761,CLI02041,2026-01-08,0,24,29.94,2662.76,Loja física,533,0.011243972419594706,2,1,321.09,0,0,1,0,773.0,17,17,0,11,11,0.6470588235294118,8.176470588235293,24,139,12.636363636363637,24.0,1,0,0,1,573,1,533
C02762,CLI01796,2026-02-03,0,18,199.5,1898.82,Loja física,203,0.10506525105065251,3,4,617.0875000000001,2,1,0,1,305.0,6,6,0,4,4,0.6666666666666666,2.1666666666666665,6,13,3.25,6.0,0,0,0,0,733,1,203
C02763,CLI00977,2026-01-24,0,18,78.82,3128.39,Site,413,0.025195068389810733,1,2,720.4100000000001,0,1,0,1,158.0,13,13,0,6,6,0.46153846153846156,2.923076923076923,23,38,6.333333333333333,23.0,1,0,1,0,693,1,413
C02765,CLI00829,2026-01-17,1,6,589.1,3639.72,Loja física,143,0.1618531095798578,2,4,950.8275,1,0,0,3,15.0,4,4,0,0,0,0.0,0.0,0,0,,,1,0,0,0,700,1,144
C02766,CLI00781,2026-01-09,1,12,162.07,2061.11,Loja física,113,0.07863238740290425,4,5,494.45,1,1,2,1,129.0,3,3,0,1,1,0.3333333333333333,7.0,21,21,21.0,21.0,0,0,0,0,952,1,113
C02767,CLI02321,2025-10-26,0,10,120.23,4964.66,Loja física,293,0.024217166935902965,4,7,945.5257142857143,2,1,2,2,29.0,9,9,0,2,2,0.2222222222222222,2.0,17,18,9.0,17.0,0,0,1,0,546,1,296
C02768,CLI02071,2026-01-19,1,10,644.99,1391.45,Televendas,83,0.4635380358618707,2,3,763.9166666666666,1,2,0,0,251.0,2,2,0,2,2,1.0,18.0,22,36,18.0,22.0,0,0,1,0,373,1,84
C02769,CLI01332,2025-09-28,1,6,473.77,4131.3,Loja física,173,0.1146781884636797,2,1,788.0,0,0,1,0,326.0,5,5,0,5,5,1.0,20.4,26,102,20.4,26.0,0,0,0,0,694,1,173
C02771,CLI01375,2026-01-31,0,12,92.32,5470.9,Televendas,113,0.01687473724615694,2,1,363.02,1,0,0,0,634.0,3,3,0,0,0,0.0,0.0,0,0,,,1,0,0,0,730,1,113
C02772,CLI02604,2026-02-02,1,12,267.66,3136.03,Site,323,0.08534994882064266,4,8,1058.71375,2,3,0,3,33.0,10,10,0,4,4,0.4,1.1,5,11,2.75,5.0,1,0,0,0,615,1,326
C02774,CLI00990,2026-01-10,0,12,146.95,2668.21,Loja física,323,0.05507437570506069,1,0,,0,0,0,0,,10,10,0,2,2,0.2,0.3,2,3,1.5,2.0,0,0,0,0,706,1,324
C02775,CLI01734,2026-01-16,1,10,368.99,2431.92,Loja física,233,0.15172785288989768,5,6,1092.5716666666667,2,2,2,0,98.0,7,7,0,7,7,1.0,11.285714285714286,23,79,11.285714285714286,23.0,0,0,0,1,638,1,236
C02776,CLI00792,2026-02-06,0,24,76.83,5101.31,Televendas,263,0.015060837314336904,1,0,,0,0,0,0,,8,8,0,3,3,0.375,0.75,2,6,2.0,2.0,0,0,1,0,852,1,264
C02777,CLI02682,2025-11-23,1,12,98.65,1598.6,Loja física,353,0.06171024646565746,3,3,724.5533333333333,0,1,2,0,309.0,11,11,0,7,7,0.6363636363636364,9.272727272727273,25,102,14.571428571428571,25.0,0,0,1,0,632,1,354
C02778,CLI01896,2026-01-16,0,12,60.9,2299.53,Site,83,0.02648367275051858,1,1,754.89,0,0,0,1,473.0,2,2,0,1,1,0.5,1.0,2,2,2.0,2.0,0,0,0,0,882,1,85
C02779,CLI00791,2026-01-20,0,12,225.82,4568.05,Loja física,263,0.04943466030363065,3,7,1071.6342857142856,2,1,3,1,38.0,8,8,0,5,5,0.625,3.875,16,31,6.2,16.0,0,0,1,0,608,1,266
C02780,CLI01540,2026-02-02,1,12,72.73,2722.65,Loja física,353,0.026712945108625787,1,2,864.78,0,0,1,1,528.0,11,11,0,3,3,0.2727272727272727,3.1818181818181817,22,35,11.666666666666666,22.0,0,0,0,0,602,1,356
C02781,CLI01801,2025-08-21,0,12,154.47,2474.69,Loja física,353,0.062419939467165585,3,3,1281.1333333333334,0,1,2,0,208.0,11,11,0,8,8,0.7272727272727273,3.272727272727273,13,36,4.5,13.0,0,2,0,1,563,1,356
C02782,CLI01014,2026-01-18,0,18,101.59,1872.81,Loja física,383,0.054244691132576184,2,5,479.438,1,3,1,0,601.0,12,12,0,4,4,0.3333333333333333,2.5,19,30,7.5,19.0,0,1,0,0,761,1,386
C02783,CLI01929,2026-01-28,1,12,154.03,4089.81,Loja física,113,0.037661896273910034,3,5,1057.8020000000001,2,0,1,2,189.0,3,3,0,1,1,0.3333333333333333,1.3333333333333333,4,4,4.0,4.0,0,0,0,0,656,1,113
C02784,CLI00666,2025-11-23,0,12,192.95,2536.33,Loja física,353,0.07607448557561516,2,2,970.055,0,0,1,1,435.0,11,11,0,4,4,0.36363636363636365,2.272727272727273,15,25,6.25,15.0,0,0,1,0,522,1,354
C02785,CLI01296,2026-01-29,0,6,226.26,3732.61,Loja física,113,0.06061710170631274,2,1,271.39,1,0,0,0,94.0,3,3,0,3,3,1.0,7.333333333333333,19,22,7.333333333333333,19.0,1,0,1,0,646,1,113
C02786,CLI01187,2026-01-24,0,18,209.28,1540.04,Loja física,113,0.13589257421885145,2,2,381.195,1,1,0,0,516.0,3,3,0,1,1,0.3333333333333333,6.333333333333333,19,19,19.0,19.0,0,0,0,0,573,1,114
C02787,CLI01655,2025-12-14,1,12,214.29,4375.85,Loja física,353,0.04897105705177279,1,0,,0,0,0,0,,11,11,0,8,8,0.7272727272727273,7.454545454545454,24,82,10.25,24.0,1,1,0,0,586,1,353
C02788,CLI00221,2025-12-12,1,12,160.77,2421.63,Site,353,0.06638916762676379,3,3,663.69,0,1,1,1,115.0,11,11,0,9,9,0.8181818181818182,10.454545454545455,24,115,12.777777777777779,24.0,2,1,0,0,686,1,355
C02789,CLI00620,2026-02-02,1,6,442.21,1615.08,Loja física,83,0.27380067860415586,2,7,696.2314285714285,1,3,2,1,47.0,2,2,0,1,1,0.5,7.0,14,14,14.0,14.0,1,0,0,0,615,1,84
C02791,CLI01072,2026-01-27,0,18,49.45,4583.55,Site,173,0.0107885809034482,1,0,,0,0,0,0,,5,5,0,1,1,0.2,0.4,2,2,2.0,2.0,0,0,0,0,858,1,173
C02792,CLI00357,2025-10-12,0,10,78.78,2029.36,Loja física,293,0.03882012062916387,2,1,314.32,0,0,1,0,386.0,9,9,0,5,5,0.5555555555555556,4.444444444444445,24,40,8.0,24.0,2,0,1,1,524,1,293
C02793,CLI01408,2026-01-17,0,18,230.13,3082.37,Loja física,323,0.07466008298809033,2,2,420.47999999999996,1,0,0,1,548.0,10,10,0,5,5,0.5,5.4,24,54,10.8,24.0,0,0,0,0,673,1,325
C02795,CLI02546,2025-04-30,1,6,260.75,2370.91,Site,173,0.1099788688731331,1,0,,0,0,0,0,,5,5,0,1,1,0.2,4.0,20,20,20.0,20.0,1,2,0,0,706,1,174
C02796,CLI01514,2026-01-30,0,18,73.09,4303.24,Loja física,293,0.016984876511651686,1,2,2996.6400000000003,0,0,1,1,686.0,9,9,0,2,2,0.2222222222222222,0.2222222222222222,1,2,1.0,1.0,0,0,0,0,585,1,293
C02797,CLI00691,2025-10-29,1,12,264.34,2183.46,Loja física,353,0.1210647321224112,1,0,,0,0,0,0,,11,11,0,6,6,0.5454545454545454,4.363636363636363,22,48,8.0,22.0,1,1,0,0,529,1,355
C02798,CLI01837,2026-01-19,1,24,91.52,4304.53,Site,413,0.021261322374335874,1,0,,0,0,0,0,,13,13,0,1,1,0.07692307692307693,0.07692307692307693,1,1,1.0,1.0,0,1,0,0,707,1,415
C02799,CLI02749,2025-06-10,0,10,425.98,5141.85,Loja física,293,0.08284566838783707,1,0,,0,0,0,0,,9,9,0,4,4,0.4444444444444444,3.3333333333333335,25,30,7.5,25.0,0,0,0,0,707,1,296
C02802,CLI00881,2026-01-12,1,18,39.65,7765.54,Loja física,353,0.005105890897477832,2,2,1062.165,1,0,1,0,181.0,11,11,0,7,7,0.6363636363636364,5.090909090909091,15,56,8.0,15.0,0,1,0,0,591,1,353
C02803,CLI02169,2026-01-28,0,24,45.64,3265.78,Loja física,83,0.013975221845929609,1,2,725.87,0,1,0,1,601.0,2,2,0,1,1,0.5,0.5,1,1,1.0,1.0,0,0,0,0,632,1,84
C02804,CLI00538,2025-07-10,0,6,296.36,2001.21,Loja física,173,0.14809040530479062,1,2,1399.085,1,1,0,0,331.0,5,5,0,1,1,0.2,4.8,24,24,24.0,24.0,0,0,0,0,678,1,175
C02805,CLI01518,2026-01-31,0,18,119.77,4783.17,Televendas,113,0.025039879410516455,1,3,644.9033333333333,0,0,3,0,141.0,3,3,0,2,2,0.6666666666666666,1.0,2,3,1.5,2.0,0,0,0,0,821,1,114
C02806,CLI02030,2025-07-14,1,10,77.18,2115.01,Televendas,293,0.036491553231426804,1,0,,0,0,0,0,,9,9,0,5,5,0.5555555555555556,9.0,24,81,16.2,24.0,0,0,0,0,652,1,294
C02807,CLI00698,2026-01-24,1,10,440.28,1031.21,Televendas,203,0.4269547424869813,1,4,1847.12,0,2,0,2,639.0,6,6,0,6,6,1.0,17.833333333333332,23,107,17.833333333333332,23.0,2,1,0,0,386,1,206
C02808,CLI01041,2025-07-27,0,6,162.93,4520.86,Loja física,173,0.036039603084368904,3,2,1216.135,0,1,0,1,123.0,5,5,0,2,2,0.4,4.2,20,21,10.5,20.0,0,1,0,0,768,1,174
C02809,CLI01180,2026-01-28,1,18,54.73,2648.44,Loja física,353,0.020664995242482366,3,7,854.5414285714286,0,3,2,2,63.0,11,11,0,4,4,0.36363636363636365,1.6363636363636365,8,18,4.5,8.0,0,2,1,0,660,1,355
C02810,CLI01422,2025-10-02,0,12,152.83,4858.5,Loja física,353,0.031456210764639295,2,2,955.415,0,1,0,1,194.0,11,11,0,4,4,0.36363636363636365,3.909090909090909,20,43,10.75,20.0,1,1,0,0,725,1,356
C02811,CLI02658,2026-02-02,0,18,149.65,5076.12,Site,263,0.029481178537938427,1,1,317.18,0,1,0,0,24.0,8,8,0,3,3,0.375,2.625,17,21,7.0,17.0,1,1,1,0,687,1,266
C02812,CLI02174,2026-01-13,0,10,53.44,3915.29,Loja física,143,0.013649052816011075,3,6,905.0733333333333,3,1,1,1,31.0,4,4,0,1,1,0.25,6.25,25,25,25.0,25.0,1,0,0,0,773,1,143
C02813,CLI01161,2026-01-17,0,12,154.33,2107.17,Loja física,113,0.0732404124963814,1,2,1791.955,0,1,0,1,98.0,3,3,0,0,0,0.0,0.0,0,0,,,0,0,0,0,702,1,115
C02815,CLI01482,2026-01-15,0,6,223.82,3447.76,Televendas,143,0.0649175116597443,1,4,1139.8225,1,2,1,0,20.0,4,4,0,2,2,0.5,5.75,18,23,11.5,18.0,1,0,0,0,658,1,145
C02816,CLI01603,2025-04-30,0,10,85.69,2340.54,Televendas,293,0.036611209379032186,1,0,,0,0,0,0,,9,9,0,1,1,0.1111111111111111,1.8888888888888888,17,17,17.0,17.0,0,0,0,0,794,1,294
C02817,CLI00708,2026-01-28,0,10,178.51,3056.43,Loja física,293,0.05840474017072205,2,4,997.6375,1,1,2,0,504.0,9,9,0,2,2,0.2222222222222222,0.3333333333333333,2,3,1.5,2.0,0,0,1,1,580,1,294
C02818,CLI00687,2025-04-10,1,6,523.91,5737.75,Televendas,173,0.09130931114112674,1,1,1202.62,0,0,1,0,833.0,5,5,0,1,1,0.2,1.0,5,5,5.0,5.0,1,0,0,0,798,1,176
C02820,CLI00338,2025-11-17,0,6,209.19,7120.07,Site,173,0.029380329125977694,4,8,1063.15625,1,2,4,1,43.0,5,5,0,2,2,0.4,0.8,2,4,2.0,2.0,0,0,0,0,866,1,174
C02821,CLI01917,2026-01-27,1,18,175.21,4247.19,Loja física,293,0.04125315797032862,2,1,390.41,0,0,0,1,395.0,9,9,0,4,4,0.4444444444444444,2.3333333333333335,9,21,5.25,9.0,2,0,0,0,733,1,296
C02822,CLI01707,2025-11-11,0,10,93.79,915.39,Loja física,293,0.10245906116518644,2,1,1791.86,0,1,0,0,92.0,9,9,0,5,5,0.5555555555555556,6.0,26,54,10.8,26.0,0,0,0,0,629,1,294
C02824,CLI01282,2025-07-02,0,12,135.5,1918.3,Loja física,353,0.07063545847886149,1,2,674.255,1,1,0,0,548.0,11,11,0,4,4,0.36363636363636365,3.909090909090909,17,43,10.75,17.0,0,0,1,0,697,1,353
C02825,CLI00141,2026-01-17,0,12,141.59,2407.39,Site,83,0.05881473296806916,1,3,1084.5366666666666,1,0,1,1,254.0,2,2,0,1,1,0.5,1.0,2,2,2.0,2.0,0,0,0,0,666,1,83
C02826,CLI00357,2026-01-27,1,24,125.67,2267.8,Loja física,143,0.05541493958902901,2,2,443.04499999999996,0,0,1,1,33.0,4,4,0,1,1,0.25,0.25,1,1,1.0,1.0,0,0,0,0,758,1,145
C02827,CLI01554,2026-02-04,0,18,291.32,4519.28,Loja física,113,0.06446159565240481,4,8,881.66625,1,2,3,2,76.0,3,3,0,1,1,0.3333333333333333,2.0,6,6,6.0,6.0,0,0,0,0,635,1,113
C02828,CLI02104,2026-02-04,1,12,196.5,4861.76,Loja física,83,0.040417461989073915,2,0,,0,0,0,0,,2,2,0,0,0,0.0,0.0,0,0,,,1,1,0,0,580,1,86
C02830,CLI00176,2026-01-11,1,10,74.54,3876.81,Loja física,173,0.019227148093406695,1,1,1916.75,0,1,0,0,90.0,5,5,0,3,3,0.6,8.8,25,44,14.666666666666666,25.0,0,0,0,0,871,1,174
C02831,CLI00207,2026-01-30,0,18,108.72,2800.43,Loja física,113,0.03882260938498731,2,4,1117.6775,1,2,0,1,63.0,3,3,0,2,2,0.6666666666666666,0.6666666666666666,1,2,1.0,1.0,0,0,0,0,750,1,116
C02832,CLI01686,2026-01-31,0,12,108.08,3944.34,Loja física,143,0.02740128893553801,3,6,875.0433333333332,1,1,2,2,93.0,4,4,0,2,2,0.5,0.5,1,2,1.0,1.0,0,0,0,1,939,1,145
C02833,CLI01552,2026-01-14,1,10,355.02,1781.31,Site,233,0.19930276032807315,2,5,622.994,0,1,2,2,151.0,7,7,0,2,2,0.2857142857142857,4.0,20,28,14.0,20.0,0,1,0,0,596,1,233
C02834,CLI00320,2025-12-05,0,18,307.75,2341.97,Site,533,0.13140646549699614,1,1,653.47,0,0,1,0,779.0,17,17,0,6,6,0.35294117647058826,4.647058823529412,25,79,13.166666666666666,25.0,0,1,0,0,538,1,535
C02835,CLI01638,2026-02-01,0,6,357.37,1821.83,Loja física,143,0.1961599051503159,2,4,1671.0025,2,0,1,1,363.0,4,3,1,4,3,1.0,15.0,23,60,12.333333333333334,22.0,0,0,0,0,587,1,145
C02837,CLI02017,2026-01-28,1,10,199.27,2120.82,Loja física,113,0.09395894040984147,1,1,635.97,0,1,0,0,358.0,3,3,0,1,1,0.3333333333333333,0.6666666666666666,2,2,2.0,2.0,0,0,0,0,451,1,116
C02838,CLI01034,2025-10-15,1,12,101.42,5576.68,Loja física,353,0.018186447850692525,1,1,1583.06,0,1,0,0,461.0,11,11,0,4,4,0.36363636363636365,2.1818181818181817,13,24,6.0,13.0,0,0,1,1,675,1,355
C02839,CLI01004,2025-05-24,1,10,106.79,2206.72,Loja física,293,0.048393090197215785,1,1,1009.76,0,0,0,1,504.0,9,9,0,5,5,0.5555555555555556,5.222222222222222,23,47,9.4,23.0,1,0,0,0,732,1,295
C02840,CLI00005,2025-10-28,0,12,113.86,2076.73,Loja física,353,0.054826578322651476,2,1,552.85,0,0,0,1,741.0,11,11,0,4,4,0.36363636363636365,2.090909090909091,17,23,5.75,17.0,1,0,0,0,585,1,354
C02841,CLI00464,2026-01-22,1,12,284.68,1308.79,Loja física,233,0.21751388687260753,2,3,1202.7333333333333,0,1,1,1,225.0,7,7,0,7,7,1.0,16.571428571428573,25,116,16.571428571428573,25.0,0,1,1,0,445,1,234
C02842,CLI00295,2025-11-25,0,6,598.01,5746.81,Loja física,173,0.10405946951439145,1,1,1196.27,0,0,0,1,647.0,5,5,0,0,0,0.0,0.0,0,0,,,0,0,0,0,731,1,174
C02843,CLI02048,2026-01-22,1,10,366.58,3766.1,Loja física,293,0.09733676747829319,1,1,404.49,0,0,0,1,634.0,9,9,0,5,5,0.5555555555555556,7.666666666666667,25,69,13.8,25.0,0,1,0,0,629,1,296
C02844,CLI01123,2026-01-25,1,24,117.28,1478.4,Loja física,233,0.07932900432900432,2,1,1315.51,1,0,0,0,768.0,7,7,0,3,3,0.42857142857142855,5.0,21,35,11.666666666666666,21.0,2,0,1,0,484,1,234
C02845,CLI00157,2026-01-27,0,10,158.87,2964.39,Televendas,113,0.05359281336126488,3,1,270.58,0,1,0,0,879.0,3,3,0,1,1,0.3333333333333333,0.3333333333333333,1,1,1.0,1.0,0,0,0,0,763,1,113
C02846,CLI02285,2026-01-20,0,10,77.27,2705.81,Loja física,113,0.02855706793899054,1,0,,0,0,0,0,,3,3,0,3,3,1.0,10.0,15,30,10.0,15.0,1,1,0,0,669,1,114
C02847,CLI00165,2025-10-29,0,12,84.96,3792.61,Loja física,353,0.02240145968080029,1,1,503.59,0,1,0,0,172.0,11,11,0,2,2,0.18181818181818182,0.2727272727272727,2,3,1.5,2.0,0,0,0,0,790,1,356
C02848,CLI01003,2026-01-31,0,18,72.14,1468.43,Loja física,473,0.04912729922434164,2,5,434.82199999999995,1,2,0,2,4.0,15,15,0,9,9,0.6,7.6,22,114,12.666666666666666,22.0,0,1,1,0,629,1,476
C02849,CLI01703,2025-11-26,0,12,485.93,5967.07,Loja física,353,0.08143527728013916,2,4,1234.1625,1,1,2,0,208.0,11,11,0,3,3,0.2727272727272727,3.4545454545454546,22,38,12.666666666666666,22.0,0,0,0,0,668,1,354
C02850,CLI00459,2025-07-30,0,12,153.4,1566.97,Site,353,0.09789593929685955,1,3,1619.88,1,1,1,0,531.0,11,11,0,1,1,0.09090909090909091,0.09090909090909091,1,1,1.0,1.0,0,0,0,2,671,1,354
C02851,CLI01573,2025-03-10,0,6,155.12,2736.43,Loja física,173,0.056686997292092256,3,3,725.7233333333334,2,0,0,1,318.0,5,5,0,1,1,0.2,4.0,20,20,20.0,20.0,0,0,0,0,742,1,174
C02852,CLI00281,2026-01-10,0,10,90.47,1747.86,Loja física,263,0.05176043847905439,3,3,770.54,1,1,1,0,214.0,8,8,0,2,2,0.25,2.0,15,16,8.0,15.0,0,0,0,0,772,1,264
C02853,CLI02099,2026-01-18,0,12,268.62,3968.02,Loja física,173,0.06769623136980156,2,2,495.53,0,0,1,1,134.0,5,5,0,3,3,0.6,6.8,18,34,11.333333333333334,18.0,0,0,0,0,557,1,173
C02854,CLI02278,2025-11-23,1,12,683.23,3025.23,Loja física,353,0.2258439854159849,2,0,,0,0,0,0,,11,11,0,4,4,0.36363636363636365,2.727272727272727,25,30,7.5,25.0,0,0,0,0,695,1,354
C02855,CLI01776,2025-10-27,0,12,82.94,1326.81,Loja física,353,0.06251083425660042,1,1,741.78,1,0,0,0,347.0,11,11,0,2,2,0.18181818181818182,2.272727272727273,24,25,12.5,24.0,0,1,1,1,742,1,353
C02856,CLI02114,2025-08-23,0,12,53.9,2575.08,Loja física,353,0.020931388539385185,1,2,3626.165,0,0,1,1,297.0,11,11,0,3,3,0.2727272727272727,0.45454545454545453,2,5,1.6666666666666667,2.0,1,0,0,0,717,1,355
C02857,CLI00359,2026-01-30,0,24,77.64,2552.32,Loja física,383,0.030419383149448344,1,0,,0,0,0,0,,12,12,0,5,5,0.4166666666666667,5.166666666666667,26,62,12.4,26.0,0,0,0,0,676,1,383
C02859,CLI02066,2025-09-09,0,6,329.04,2385.37,Loja física,173,0.13794086451996967,1,2,1178.545,1,0,0,1,96.0,5,5,0,0,0,0.0,0.0,0,0,,,0,0,0,0,692,1,176
C02860,CLI00454,2026-01-18,0,18,29.25,1672.1,Loja física,383,0.01749297290831888,1,1,566.14,1,0,0,0,450.0,12,12,0,4,4,0.3333333333333333,2.5,18,30,7.5,18.0,0,0,1,0,658,1,385
C02861,CLI00017,2026-01-10,0,6,505.77,5926.42,Televendas,173,0.08534157214642228,1,1,453.97,0,1,0,0,452.0,5,5,0,3,3,0.6,7.6,24,38,12.666666666666666,24.0,0,0,0,0,652,1,173
C02862,CLI00146,2026-01-13,0,18,176.32,4499.13,Site,233,0.039189798916679446,1,0,,0,0,0,0,,7,7,0,2,2,0.2857142857142857,5.428571428571429,20,38,19.0,20.0,0,1,0,0,856,1,235
C02863,CLI01289,2025-08-14,0,6,337.56,2998.77,Loja física,173,0.11256615212237017,1,1,503.22,0,0,0,1,327.0,5,5,0,3,3,0.6,0.8,2,4,1.3333333333333333,2.0,0,2,1,0,603,1,175
C02864,CLI01643,2025-04-25,1,6,362.83,3306.64,Site,173,0.10972769941693078,1,1,2899.32,0,1,0,0,277.0,5,5,0,3,3,0.6,10.2,20,51,17.0,20.0,0,0,0,0,539,1,176
C02865,CLI02117,2025-08-05,0,12,141.19,2924.64,Loja física,353,0.04827602713496362,2,4,710.485,1,1,1,1,240.0,11,11,0,6,6,0.5454545454545454,5.818181818181818,26,64,10.666666666666666,26.0,0,1,0,1,645,1,356
C02866,CLI01805,2025-04-01,1,6,459.58,3323.75,Loja física,173,0.13827153065062053,1,1,880.48,0,1,0,0,297.0,5,5,0,1,1,0.2,0.4,2,2,2.0,2.0,1,0,0,0,547,1,173
C02867,CLI00824,2026-01-27,0,12,31.67,2461.21,Loja física,353,0.012867654527651033,2,2,709.835,0,2,0,0,130.0,11,11,0,2,2,0.18181818181818182,0.36363636363636365,3,4,2.0,3.0,1,0,0,0,679,1,355
C02868,CLI00549,2026-01-15,1,12,501.89,2467.84,Loja física,233,0.203372179719917,6,6,1039.4950000000001,3,1,1,1,157.0,7,7,0,6,6,0.8571428571428571,8.857142857142858,13,62,10.333333333333334,13.0,1,2,1,0,498,1,233
C02869,CLI01880,2026-01-20,1,10,128.8,2554.88,Loja física,113,0.05041332665330662,4,7,657.6528571428571,3,1,2,1,369.0,3,3,0,0,0,0.0,0.0,0,0,,,0,0,0,0,580,1,115
C02870,CLI01591,2025-08-02,1,12,90.79,3210.8,Loja física,353,0.02827644200822225,3,1,1768.53,1,0,0,0,202.0,11,11,0,9,9,0.8181818181818182,11.272727272727273,26,124,13.777777777777779,26.0,0,1,0,0,777,1,355
C02871,CLI00415,2026-02-01,1,10,63.96,2486.25,Televendas,113,0.02572549019607843,2,5,1213.562,2,0,2,1,241.0,3,2,1,1,0,0.3333333333333333,7.666666666666667,23,23,,,0,0,0,0,724,1,114
C02872,CLI00562,2026-01-09,0,10,115.88,2897.44,Loja física,83,0.03999392567231763,2,3,822.7800000000001,3,0,0,0,397.0,2,2,0,1,1,0.5,4.0,8,8,8.0,8.0,0,0,0,0,890,1,86
C02874,CLI00904,2025-05-17,1,10,281.35,1705.85,Loja física,293,0.16493243837383126,1,1,512.62,0,1,0,0,680.0,9,9,0,6,6,0.6666666666666666,5.555555555555555,22,50,8.333333333333334,22.0,1,0,0,1,697,1,293
C02875,CLI00088,2026-01-31,0,24,198.13,2507.62,Loja física,503,0.07901117394182532,4,4,826.7149999999999,1,2,0,1,202.0,16,16,0,8,8,0.5,2.3125,17,37,4.625,17.0,1,0,0,0,713,1,506
C02876,CLI01787,2026-01-24,1,12,140.11,2224.28,Televendas,143,0.06299117017641664,3,5,528.646,1,2,1,1,423.0,4,4,0,3,3,0.75,3.5,7,14,4.666666666666667,7.0,0,0,0,0,609,1,143
C02877,CLI00264,2026-01-13,0,12,134.62,6468.34,Loja física,113,0.02081214036367909,2,6,949.945,2,1,2,1,245.0,3,3,0,0,0,0.0,0.0,0,0,,,0,0,1,0,773,1,114
C02879,CLI00543,2026-01-03,0,6,130.61,5246.28,Site,173,0.024895735645066603,3,1,1033.13,1,0,0,0,864.0,5,5,0,2,2,0.4,0.8,2,4,2.0,2.0,0,0,0,0,824,1,173
C02880,CLI00791,2025-08-09,1,6,634.68,2141.36,Televendas,173,0.296391078566892,3,6,1169.57,1,1,3,1,314.0,5,5,0,3,3,0.6,6.8,19,34,11.333333333333334,19.0,1,0,0,0,599,1,176
C02882,CLI02123,2026-01-10,1,6,317.6,2552.34,Site,143,0.12443483234992203,3,3,982.4,1,1,1,0,424.0,4,4,0,2,2,0.5,4.75,11,19,9.5,11.0,0,1,0,0,476,1,143
C02883,CLI00286,2025-11-08,0,12,80.93,2952.81,Loja física,353,0.02740779122259814,3,5,966.324,1,3,0,1,401.0,11,11,0,2,2,0.18181818181818182,0.18181818181818182,1,2,1.0,1.0,0,1,0,0,922,1,355
C02884,CLI00238,2026-01-29,0,12,53.5,2251.53,Loja física,83,0.02376161987626192,3,1,938.36,0,1,0,0,349.0,2,2,0,1,1,0.5,0.5,1,1,1.0,1.0,0,0,0,1,659,1,83
C02885,CLI02171,2026-01-11,1,12,129.95,3987.94,Loja física,173,0.03258574602426315,3,1,985.83,0,0,1,0,1024.0,5,5,0,2,2,0.4,0.8,2,4,2.0,2.0,0,0,0,0,697,1,174
C02886,CLI00415,2026-01-14,1,12,73.18,2326.62,Loja física,113,0.031453352932580315,2,5,1213.562,2,0,2,1,223.0,3,3,0,1,1,0.3333333333333333,3.6666666666666665,11,11,11.0,11.0,1,1,0,0,582,1,113
C02887,CLI00925,2025-09-25,0,12,123.62,5086.24,Loja física,353,0.024304790965428296,3,4,643.5625,1,2,0,1,23.0,11,11,0,3,3,0.2727272727272727,0.36363636363636365,2,4,1.3333333333333333,2.0,0,0,1,0,752,1,355
C02888,CLI01832,2026-01-23,0,24,39.94,5465.33,Televendas,563,0.007307884427838758,3,2,779.6,1,1,0,0,113.0,18,18,0,7,7,0.3888888888888889,2.5555555555555554,23,46,6.571428571428571,23.0,0,0,0,0,777,1,563
C02889,CLI00599,2026-02-04,0,24,75.51,1783.5,Site,143,0.0423380992430614,1,1,271.87,0,1,0,0,471.0,4,4,0,1,1,0.25,4.25,17,17,17.0,17.0,0,1,0,0,652,1,145
C02891,CLI01179,2026-01-19,0,18,134.57,5552.54,Loja física,83,0.02423575516790514,1,1,991.21,0,1,0,0,88.0,2,2,0,0,0,0.0,0.0,0,0,,,0,1,0,0,814,1,86
C02892,CLI02358,2026-01-25,0,18,200.59,3015.46,Loja física,443,0.06652053086427942,2,8,812.5925,0,2,2,4,119.0,14,14,0,3,3,0.21428571428571427,0.2857142857142857,2,4,1.3333333333333333,2.0,0,0,1,0,833,1,444
C02893,CLI02402,2026-01-26,0,6,218.72,3587.76,Site,143,0.060962829174749704,1,2,915.6500000000001,0,0,1,1,173.0,4,4,0,2,2,0.5,0.75,2,3,1.5,2.0,0,2,0,0,799,1,145
C02895,CLI00595,2026-02-02,1,24,46.9,1840.25,Televendas,143,0.02548566770819182,3,3,734.1666666666666,1,1,1,0,119.0,4,3,1,3,2,0.75,11.0,23,44,10.5,12.0,0,0,0,0,638,1,144
C02896,CLI00520,2026-02-01,1,18,159.32,2005.4,Loja física,503,0.07944549715767427,1,0,,0,0,0,0,,16,16,0,8,8,0.5,3.375,20,54,6.75,20.0,1,2,0,0,624,1,504
C02897,CLI01562,2026-01-08,0,24,28.92,3250.72,Loja física,323,0.008896490623615692,1,0,,0,0,0,0,,10,10,0,4,4,0.4,3.6,16,36,9.0,16.0,0,0,0,0,696,1,324
C02898,CLI01801,2025-09-09,0,6,278.7,3389.47,Loja física,173,0.08222524465476903,3,3,1281.1333333333334,0,1,2,0,227.0,5,5,0,2,2,0.4,8.0,25,40,20.0,25.0,0,0,1,0,619,1,173
C02899,CLI00171,2026-01-30,1,18,76.81,2986.71,Site,383,0.025717260798671447,2,2,1252.0549999999998,1,0,0,1,192.0,12,12,0,3,3,0.25,1.3333333333333333,12,16,5.333333333333333,12.0,0,1,1,0,834,1,383
C02900,CLI00484,2026-02-03,0,24,63.3,6703.27,Loja física,173,0.009443152371902071,2,2,510.195,1,0,0,1,553.0,5,5,0,2,2,0.4,2.0,6,10,5.0,6.0,0,1,0,0,703,1,173
C02901,CLI02518,2026-01-19,1,10,184.33,4156.17,Site,83,0.044350928859984075,1,3,562.8233333333334,1,1,1,0,75.0,2,2,0,2,2,1.0,24.0,26,48,24.0,26.0,0,1,0,0,537,1,84
C02902,CLI01850,2025-09-08,0,12,327.58,3601.78,Loja física,353,0.09094947498181453,1,1,406.43,0,1,0,0,71.0,11,11,0,3,3,0.2727272727272727,1.8181818181818181,9,20,6.666666666666667,9.0,0,0,1,0,534,1,353
C02903,CLI01990,2025-06-10,0,10,117.58,2130.6,Loja física,293,0.05518633248850089,2,3,1176.8500000000001,1,1,1,0,309.0,9,9,0,5,5,0.5555555555555556,6.222222222222222,26,56,11.2,26.0,0,1,0,0,567,1,295
C02904,CLI02028,2026-01-11,1,24,231.88,3611.56,Loja física,113,0.06420494190875965,4,4,1760.1699999999998,1,1,1,1,152.0,3,3,0,3,3,1.0,16.333333333333332,23,49,16.333333333333332,23.0,0,0,0,0,561,1,116
C02905,CLI00150,2026-01-27,1,18,68.62,5168.69,Televendas,233,0.013276091233949029,1,0,,0,0,0,0,,7,7,0,4,4,0.5714285714285714,5.571428571428571,22,39,9.75,22.0,0,0,1,0,721,1,234
C02906,CLI02685,2026-01-28,1,18,68.6,4749.36,Loja física,443,0.014444051409031954,3,4,696.1025,2,0,0,2,599.0,14,14,0,7,7,0.5,8.785714285714286,26,123,17.571428571428573,26.0,0,1,0,0,538,1,443
C02907,CLI01870,2025-05-19,0,10,38.0,1922.08,Site,293,0.01977024889702822,3,3,1120.2166666666667,0,2,1,0,323.0,9,9,0,3,3,0.3333333333333333,1.7777777777777777,12,16,5.333333333333333,12.0,0,0,0,0,694,1,293
C02908,CLI00915,2026-01-25,1,12,103.56,1800.06,Loja física,143,0.05753141561947935,2,0,,0,0,0,0,,4,4,0,3,3,0.75,6.75,15,27,9.0,15.0,1,0,0,0,599,1,146
C02909,CLI00917,2026-01-30,0,6,331.82,5957.58,Televendas,113,0.05569711191456934,1,2,1166.94,1,0,1,0,477.0,3,3,0,2,2,0.6666666666666666,13.666666666666666,22,41,20.5,22.0,0,0,0,0,711,1,116
C02910,CLI02230,2026-01-04,1,6,447.64,3818.32,Loja física,173,0.11723480483563452,3,1,712.12,0,1,0,0,904.0,5,5,0,1,1,0.2,0.4,2,2,2.0,2.0,1,1,0,0,640,1,174
C02911,CLI01236,2026-01-13,0,18,113.51,1429.13,Site,293,0.07942594445571781,1,0,,0,0,0,0,,9,9,0,5,5,0.5555555555555556,7.222222222222222,21,65,13.0,21.0,0,0,1,0,548,1,296
C02912,CLI01048,2026-01-26,1,18,87.53,2380.16,Loja física,353,0.03677483866630815,3,4,628.31,1,0,1,2,43.0,11,11,0,7,7,0.6363636363636364,6.0,17,66,9.428571428571429,17.0,0,0,0,1,619,1,355
C02913,CLI00606,2026-01-30,0,18,83.02,2669.14,Televendas,113,0.031103651363360484,1,0,,0,0,0,0,,3,3,0,0,0,0.0,0.0,0,0,,,0,0,2,0,765,1,116
C02914,CLI00646,2026-01-22,0,18,82.96,3212.08,Loja física,263,0.025827501183034045,3,4,614.9725,0,2,1,1,197.0,8,8,0,2,2,0.25,3.0,23,24,12.0,23.0,0,0,1,0,867,1,266
C02915,CLI01785,2025-03-14,0,6,162.64,1821.56,Televendas,173,0.08928610641428227,1,0,,0,0,0,0,,5,5,0,1,1,0.2,0.2,1,1,1.0,1.0,1,0,0,0,681,1,175
C02916,CLI01952,2025-11-11,0,12,149.18,3623.51,Loja física,353,0.04117002574851456,2,2,433.675,1,0,0,1,266.0,11,11,0,4,4,0.36363636363636365,1.4545454545454546,8,16,4.0,8.0,0,0,0,1,731,1,355
C02917,CLI00343,2025-11-24,0,10,79.38,2655.47,Loja física,293,0.029893013289549495,3,2,904.0149999999999,0,1,0,1,457.0,9,9,0,3,3,0.3333333333333333,2.7777777777777777,19,25,8.333333333333334,19.0,2,0,0,0,662,1,294
C02918,CLI00232,2025-08-29,0,10,277.44,2989.04,Loja física,293,0.09281909910874395,2,6,1112.5649999999998,0,2,3,1,65.0,9,9,0,4,4,0.4444444444444444,4.444444444444445,23,40,10.0,23.0,0,0,0,0,811,1,293
C02919,CLI00261,2026-01-17,1,12,124.2,931.48,Televendas,143,0.13333619616094816,3,3,1155.7833333333335,0,1,1,1,134.0,4,4,0,3,3,0.75,9.0,19,36,12.0,19.0,0,0,1,0,485,1,145
C02920,CLI01914,2026-01-21,1,12,86.55,3704.34,Loja física,353,0.02336448598130841,3,0,,0,0,0,0,,11,11,0,8,8,0.7272727272727273,14.272727272727273,26,157,19.625,26.0,1,1,0,1,650,1,353
C02921,CLI00880,2025-08-01,0,12,103.25,2635.58,Loja física,353,0.039175437664574785,1,1,487.86,0,1,0,0,375.0,11,11,0,5,5,0.45454545454545453,0.6363636363636364,2,7,1.4,2.0,0,0,0,2,836,1,355
C02922,CLI02321,2026-01-17,0,10,140.34,4623.98,Televendas,293,0.03035047729445197,4,7,945.5257142857143,2,1,2,2,112.0,9,9,0,3,3,0.3333333333333333,2.0,9,18,6.0,9.0,0,0,1,0,863,1,293
C02923,CLI02136,2026-02-01,0,18,278.79,2698.05,Loja física,323,0.10333018290987936,2,3,1266.1633333333334,0,0,2,1,159.0,10,10,0,8,8,0.8,8.9,20,89,11.125,20.0,0,1,1,1,600,1,324
C02924,CLI01370,2026-02-01,0,18,263.86,4498.75,Loja física,113,0.05865184773548208,2,1,696.36,0,0,1,0,676.0,3,3,0,3,3,1.0,13.0,21,39,13.0,21.0,0,0,0,0,505,1,114
C02925,CLI00878,2026-02-03,1,24,109.81,2517.31,Loja física,473,0.04362196153830875,1,1,1340.5,0,1,0,0,838.0,15,15,0,5,5,0.3333333333333333,1.6666666666666667,8,25,5.0,8.0,0,0,1,1,609,1,476
C02926,CLI00211,2026-02-04,0,10,152.95,2497.97,Loja física,83,0.061229718531447534,3,2,1023.5550000000001,0,1,1,0,371.0,2,2,0,2,2,1.0,1.5,2,3,1.5,2.0,0,0,0,0,718,1,86
C02927,CLI02252,2025-06-11,0,12,56.86,2871.26,Site,353,0.019803152622890296,2,4,721.905,0,1,1,2,72.0,11,11,0,3,3,0.2727272727272727,0.36363636363636365,2,4,1.3333333333333333,2.0,0,0,0,0,820,1,356
C02928,CLI01826,2026-01-10,0,10,320.33,5868.21,Televendas,203,0.05458734435202557,5,9,791.1966666666667,3,0,2,4,167.0,6,6,0,2,2,0.3333333333333333,0.6666666666666666,2,4,2.0,2.0,0,0,0,0,704,1,203
C02929,CLI01169,2025-06-11,1,6,321.43,2122.08,Televendas,173,0.15146931312674358,2,2,341.11,0,0,1,1,514.0,5,5,0,3,3,0.6,3.4,15,17,5.666666666666667,15.0,0,0,0,0,616,1,175
C02930,CLI00347,2025-05-20,0,6,269.38,3608.23,Site,173,0.07465710334429901,1,4,659.0825,2,0,1,1,432.0,5,4,1,2,1,0.4,5.0,23,25,2.0,2.0,0,0,0,0,822,1,174
C02931,CLI01193,2026-02-04,1,18,65.56,2962.93,Site,443,0.022126746160051034,1,0,,0,0,0,0,,14,14,0,1,1,0.07142857142857142,0.14285714285714285,2,2,2.0,2.0,0,0,0,0,807,1,443
C02932,CLI01441,2025-08-12,0,10,231.03,3362.14,Loja física,293,0.06871516355654435,2,0,,0,0,0,0,,9,9,0,3,3,0.3333333333333333,3.0,16,27,9.0,16.0,0,0,0,0,783,1,294
C02934,CLI02471,2025-12-22,1,10,384.21,2628.24,Site,293,0.1461852798831157,1,0,,0,0,0,0,,9,9,0,8,8,0.8888888888888888,11.333333333333334,21,102,12.75,21.0,2,0,0,0,599,1,295
C02935,CLI02676,2025-06-08,0,10,102.48,1438.91,Televendas,293,0.07122057668651965,1,4,1522.225,1,1,1,1,46.0,9,9,0,3,3,0.3333333333333333,0.8888888888888888,4,8,2.6666666666666665,4.0,0,1,0,0,616,1,296
C02937,CLI01880,2026-01-13,1,12,349.43,1983.91,Loja física,323,0.17613198179352893,4,7,657.6528571428571,3,1,2,1,362.0,10,10,0,2,2,0.2,3.5,23,35,17.5,23.0,2,0,0,0,703,1,325
C02938,CLI02530,2026-01-28,0,12,268.46,2633.95,Televendas,323,0.10192296740636686,1,0,,0,0,0,0,,10,10,0,4,4,0.4,2.2,11,22,5.5,11.0,0,0,0,0,644,1,323
C02939,CLI01001,2025-05-06,0,6,224.7,4013.75,Loja física,173,0.05598255995017128,1,1,292.51,0,0,1,0,835.0,5,5,0,3,3,0.6,2.8,11,14,4.666666666666667,11.0,0,0,0,0,693,1,174
C02940,CLI01775,2026-01-19,1,6,278.5,2049.13,Televendas,173,0.13591133798246086,4,6,1029.3916666666667,1,1,1,3,130.0,5,5,0,2,2,0.4,4.6,21,23,11.5,21.0,0,0,0,1,797,1,174
C02941,CLI01288,2025-03-28,1,6,207.58,1962.42,Loja física,173,0.1057775603591484,2,1,533.76,0,0,0,1,139.0,5,5,0,3,3,0.6,8.0,21,40,13.333333333333334,21.0,1,0,0,1,568,1,176
C02942,CLI02011,2025-05-08,0,10,209.37,2928.6,Loja física,293,0.07149149764392543,2,2,1729.1,0,1,1,0,17.0,9,9,0,4,4,0.4444444444444444,6.555555555555555,25,59,14.75,25.0,1,1,0,0,663,1,295
C02943,CLI00493,2025-11-30,0,18,152.42,4647.22,Loja física,533,0.0327981029518723,3,5,721.626,0,2,2,1,306.0,17,17,0,3,3,0.17647058823529413,0.5294117647058824,6,9,3.0,6.0,0,0,0,1,609,1,536
C02944,CLI01075,2026-01-16,0,12,165.79,5380.61,Televendas,203,0.03081249152047816,1,0,,0,0,0,0,,6,6,0,4,4,0.6666666666666666,5.166666666666667,26,31,7.75,26.0,0,1,1,0,617,1,204
C02945,CLI02230,2026-01-23,0,24,101.16,5874.25,Loja física,413,0.01722092181980678,3,1,712.12,0,1,0,0,923.0,13,13,0,5,5,0.38461538461538464,2.3846153846153846,22,31,6.2,22.0,0,0,0,0,737,1,413
C02947,CLI01480,2025-07-02,1,12,69.76,4399.86,Loja física,353,0.015855049933406973,1,1,2932.85,0,1,0,0,889.0,11,11,0,7,7,0.6363636363636364,8.272727272727273,25,91,13.0,25.0,0,1,1,0,645,1,354
C02948,CLI01267,2026-02-03,0,10,81.02,3196.67,Site,173,0.025345124770464262,2,5,887.6600000000001,0,2,2,1,293.0,5,5,0,3,3,0.6,8.6,26,43,14.333333333333334,26.0,0,0,1,0,628,1,174
C02949,CLI01394,2025-12-31,1,18,77.95,1037.02,Loja física,533,0.0751673063200324,2,2,1768.6499999999999,1,1,0,0,371.0,17,17,0,8,8,0.47058823529411764,3.0588235294117645,15,52,6.5,15.0,0,1,0,0,777,1,536
C02951,CLI00525,2026-01-11,0,18,100.83,1762.58,Site,113,0.057205914057801635,1,0,,0,0,0,0,,3,3,0,3,3,1.0,14.333333333333334,21,43,14.333333333333334,21.0,1,0,0,0,648,1,115
C02952,CLI00748,2026-01-10,1,24,257.28,3262.81,Site,113,0.07885227763798688,1,1,2199.72,0,0,0,1,376.0,3,3,0,3,3,1.0,8.333333333333334,13,25,8.333333333333334,13.0,0,1,0,0,598,1,113
C02953,CLI02185,2025-05-06,0,10,160.14,5067.19,Loja física,293,0.031603314657630756,1,1,1565.15,1,0,0,0,107.0,9,9,0,4,4,0.4444444444444444,0.8888888888888888,4,8,2.0,4.0,0,0,0,0,909,1,294
C02954,CLI00184,2026-01-14,0,24,97.98,3983.99,Loja física,413,0.024593435224486006,5,11,486.42999999999995,1,2,4,4,55.0,13,13,0,8,8,0.6153846153846154,4.076923076923077,18,53,6.625,18.0,0,0,1,0,723,1,414
C02955,CLI02037,2026-01-18,1,24,72.1,1000.85,Loja física,353,0.07203876704800918,3,3,695.3533333333334,0,1,1,1,248.0,11,10,1,7,6,0.6363636363636364,8.909090909090908,23,98,12.5,21.0,0,1,1,0,573,1,355
C02956,CLI01881,2026-01-22,1,10,736.67,2180.36,Loja física,143,0.33786622392632404,2,2,919.4449999999999,0,1,0,1,128.0,4,4,0,3,3,0.75,6.5,22,26,8.666666666666666,22.0,0,0,0,0,749,1,145
C02957,CLI02692,2025-12-29,1,12,60.6,3459.5,Loja física,353,0.017516982222864578,2,3,951.3033333333333,1,1,1,0,94.0,11,11,0,6,6,0.5454545454545454,5.454545454545454,20,60,10.0,20.0,0,0,0,0,564,1,355
C02958,CLI01672,2025-12-02,1,18,65.62,3466.42,Site,533,0.01893019310989436,2,2,938.325,0,0,1,1,497.0,17,17,0,6,6,0.35294117647058826,2.411764705882353,15,41,6.833333333333333,15.0,0,0,0,1,824,1,534
C02960,CLI01129,2026-02-05,0,24,39.41,2896.81,Loja física,503,0.013604620254693955,2,3,1184.3666666666666,1,1,1,0,399.0,16,16,0,6,6,0.375,2.5,19,40,6.666666666666667,19.0,0,1,0,0,566,1,505
C02961,CLI01338,2025-10-01,1,10,402.04,1742.2,Loja física,293,0.23076569854207324,2,3,1903.21,0,1,2,0,332.0,9,9,0,7,7,0.7777777777777778,11.555555555555555,26,104,14.857142857142858,26.0,0,2,1,0,587,1,294
C02962,CLI02158,2025-12-13,0,12,176.69,2243.77,Televendas,353,0.07874693038947843,3,2,584.5,1,1,0,0,189.0,11,11,0,6,6,0.5454545454545454,2.8181818181818183,24,31,5.166666666666667,24.0,1,1,1,1,725,1,354
C02963,CLI01938,2025-11-01,0,12,219.48,3102.6,Televendas,353,0.0707406691162251,2,4,263.2775,0,2,2,0,38.0,11,11,0,2,2,0.18181818181818182,0.2727272727272727,2,3,1.5,2.0,1,0,0,0,729,1,354
C02965,CLI00034,2026-01-19,1,10,270.88,1852.26,Site,203,0.14624296804984183,1,2,729.5550000000001,0,0,2,0,780.0,6,6,0,4,4,0.6666666666666666,5.833333333333333,18,35,8.75,18.0,1,0,0,0,662,1,203
C02966,CLI01752,2025-07-19,1,6,81.55,1652.2,Loja física,173,0.04935843118266554,1,0,,0,0,0,0,,5,5,0,2,2,0.4,5.0,23,25,12.5,23.0,0,0,0,0,553,1,175
C02967,CLI00726,2026-02-06,0,12,214.4,1786.77,Loja física,173,0.11999306010286719,2,4,831.9625,1,0,1,2,489.0,5,5,0,2,2,0.4,4.6,22,23,11.5,22.0,0,0,0,0,824,1,174
C02968,CLI02380,2025-05-15,1,10,89.23,2698.88,Loja física,293,0.033061862698600904,1,1,870.7,1,0,0,0,781.0,9,9,0,2,2,0.2222222222222222,2.4444444444444446,21,22,11.0,21.0,0,1,0,0,584,1,293
C02969,CLI01838,2026-01-13,1,18,165.28,4817.99,Loja física,83,0.034304761944296276,2,1,1068.05,0,1,0,0,719.0,2,2,0,1,1,0.5,7.5,15,15,15.0,15.0,0,0,0,0,756,1,85
C02970,CLI00031,2026-01-21,0,18,35.15,2171.3,Site,233,0.016188458527149632,2,0,,0,0,0,0,,7,6,1,4,3,0.5714285714285714,8.714285714285714,23,61,12.666666666666666,23.0,0,0,1,0,854,1,236
C02971,CLI02000,2026-01-29,1,12,230.36,1971.49,Loja física,263,0.1168456345200838,3,8,827.93875,1,2,2,3,75.0,8,8,0,6,6,0.75,11.875,21,95,15.833333333333334,21.0,0,0,1,0,556,1,263
C02972,CLI00160,2026-01-11,0,12,65.52,2168.44,Loja física,353,0.03021526996366051,1,2,1166.605,1,0,1,0,27.0,11,11,0,2,2,0.18181818181818182,0.36363636363636365,2,4,2.0,2.0,0,0,0,0,851,1,353
C02973,CLI01862,2026-01-08,1,12,301.31,1676.36,Loja física,233,0.17974062850461717,3,3,405.62000000000006,1,1,1,0,100.0,7,7,0,6,6,0.8571428571428571,10.142857142857142,21,71,11.833333333333334,21.0,1,0,0,0,593,1,236
C02974,CLI00314,2025-12-17,1,18,115.51,3338.29,Loja física,533,0.034601547498869185,1,0,,0,0,0,0,,17,17,0,12,12,0.7058823529411765,11.117647058823529,26,189,15.75,26.0,0,1,1,1,628,1,534
C02975,CLI02200,2025-09-06,1,6,171.39,2375.7,Loja física,173,0.07214294734183609,2,1,375.54,0,0,0,1,37.0,5,4,1,4,3,0.8,15.2,23,76,17.666666666666668,20.0,1,0,0,0,708,1,174
C02976,CLI01604,2026-01-26,1,24,107.1,1992.02,Site,443,0.0537645204365418,3,3,980.2466666666666,0,2,0,1,255.0,14,14,0,11,11,0.7857142857142857,9.857142857142858,25,138,12.545454545454545,25.0,0,1,1,0,644,1,444
C02977,CLI01206,2026-01-27,1,24,62.45,4421.29,Loja física,563,0.014124836868877636,1,2,594.895,1,0,0,1,21.0,18,18,0,11,11,0.6111111111111112,7.333333333333333,26,132,12.0,26.0,2,0,1,0,646,1,566
C02978,CLI02339,2026-01-08,1,18,136.62,2769.27,Site,173,0.04933430109740112,2,4,950.5374999999999,1,2,1,0,158.0,5,5,0,2,2,0.4,2.4,7,12,6.0,7.0,0,0,0,0,650,1,174
C02979,CLI00995,2026-01-24,1,18,131.94,2203.79,Loja física,503,0.05986958830015564,2,1,516.64,0,0,0,1,236.0,16,15,1,9,8,0.5625,9.125,23,146,15.375,21.0,0,1,0,0,563,1,505
C02980,CLI01687,2026-01-17,0,12,188.76,5064.68,Loja física,173,0.03726987687277379,1,1,5311.92,0,1,0,0,723.0,5,5,0,1,1,0.2,0.4,2,2,2.0,2.0,0,0,1,0,619,1,174
C02981,CLI01136,2026-01-19,0,6,131.58,1863.43,Site,173,0.07061172139549111,2,3,903.2133333333333,0,1,1,1,41.0,5,5,0,2,2,0.4,3.6,16,18,9.0,16.0,0,0,1,0,607,1,174
C02982,CLI01087,2026-01-27,0,10,195.22,2508.51,Loja física,263,0.07782309020095594,4,4,678.805,2,0,0,2,78.0,8,8,0,2,2,0.25,3.5,17,28,14.0,17.0,0,0,0,0,739,1,266
C02983,CLI00839,2026-01-21,0,18,132.37,2124.12,Site,323,0.06231757151196731,3,3,587.7233333333334,1,1,1,0,388.0,10,10,0,6,6,0.6,3.4,26,34,5.666666666666667,26.0,0,0,1,0,618,1,326
C02984,CLI01998,2026-01-18,0,24,27.9,1640.16,Loja física,383,0.017010535557506583,3,8,980.855,5,1,1,1,374.0,12,12,0,6,6,0.5,2.8333333333333335,26,34,5.666666666666667,26.0,0,0,0,0,826,1,383
C02987,CLI00581,2025-04-28,0,6,422.01,3137.01,Loja física,173,0.13452618895062496,2,2,970.8249999999999,0,0,1,1,11.0,5,5,0,1,1,0.2,0.2,1,1,1.0,1.0,0,0,0,0,588,1,175
C02988,CLI00528,2026-01-31,1,18,206.46,1738.99,Loja física,353,0.11872408697002283,1,0,,0,0,0,0,,11,11,0,3,3,0.2727272727272727,4.181818181818182,25,46,15.333333333333334,25.0,0,0,0,0,606,1,354
C02989,CLI01932,2025-09-10,0,12,101.41,5136.38,Loja física,353,0.019743476923436348,1,0,,0,0,0,0,,11,11,0,1,1,0.09090909090909091,0.9090909090909091,10,10,10.0,10.0,0,0,0,0,732,1,355
C02990,CLI02233,2026-01-20,0,18,139.72,2914.2,Loja física,143,0.04794454738864869,4,4,2005.8899999999999,2,2,0,0,77.0,4,4,0,1,1,0.25,5.75,23,23,23.0,23.0,0,0,0,0,683,1,145
C02991,CLI00413,2026-01-19,0,18,94.28,1989.44,Loja física,293,0.047390220363519385,3,6,640.8816666666667,1,3,2,0,88.0,9,9,0,5,5,0.5555555555555556,6.333333333333333,25,57,11.4,25.0,0,0,0,0,622,1,295
C02992,CLI01315,2026-01-17,1,12,304.69,3301.22,Televendas,323,0.09229618141172052,3,2,531.63,0,2,0,0,98.0,10,10,0,4,4,0.4,4.1,15,41,10.25,15.0,1,0,0,0,543,1,324
C02993,CLI01286,2026-01-08,0,18,77.77,4279.41,Loja física,173,0.018173065913291785,3,2,795.05,0,0,0,2,317.0,5,5,0,0,0,0.0,0.0,0,0,,,0,0,0,0,601,1,175
C02994,CLI00614,2026-02-02,0,24,49.8,2312.6,Loja física,263,0.0215342039263167,1,3,664.1133333333333,2,1,0,0,349.0,8,8,0,0,0,0.0,0.0,0,0,,,0,0,0,0,779,1,264
C02995,CLI00641,2026-01-19,1,18,208.25,2500.06,Loja física,143,0.08329800084797966,1,0,,0,0,0,0,,4,4,0,3,3,0.75,3.75,12,15,5.0,12.0,0,1,0,0,535,1,145
C02996,CLI00369,2026-01-28,0,10,140.88,2408.94,Loja física,113,0.058482153976437766,2,4,2400.42,2,0,1,1,70.0,3,3,0,2,2,0.6666666666666666,10.333333333333334,17,31,15.5,17.0,0,0,1,0,854,1,114
C02997,CLI00524,2026-01-08,0,18,85.69,1482.09,Site,173,0.05781700166656546,1,1,673.58,0,0,0,1,229.0,5,5,0,1,1,0.2,3.4,17,17,17.0,17.0,0,1,0,1,769,1,175
C02998,CLI00076,2026-01-14,0,24,82.63,2646.59,Site,203,0.03122130741822496,3,4,612.9200000000001,1,1,1,1,82.0,6,6,0,0,0,0.0,0.0,0,0,,,0,0,0,0,780,1,204
C02999,CLI01839,2026-01-18,0,12,221.91,6136.51,Site,203,0.03616224857451548,1,2,426.27,0,1,0,1,738.0,6,6,0,4,4,0.6666666666666666,3.3333333333333335,15,20,5.0,15.0,0,0,0,1,634,1,206
C03000,CLI00137,2026-01-18,1,18,327.31,1691.11,Site,83,0.19354743334259747,4,2,1703.0,1,0,1,0,315.0,2,2,0,1,1,0.5,10.5,21,21,21.0,21.0,0,0,0,0,657,1,86
C03001,CLI01645,2026-01-27,1,12,161.06,1695.35,Site,113,0.09500103223523167,1,1,790.6,0,1,0,0,606.0,3,3,0,0,0,0.0,0.0,0,0,,,0,0,0,0,832,1,114
C03002,CLI00049,2025-12-16,0,12,173.88,3993.67,Loja física,353,0.04353890030974016,1,0,,0,0,0,0,,11,10,1,5,4,0.45454545454545453,6.909090909090909,26,76,13.25,26.0,3,0,0,0,563,1,356
C03004,CLI00057,2025-01-05,1,6,484.61,1452.56,Loja física,173,0.33362477281489233,1,2,1104.5749999999998,0,0,0,2,469.0,5,5,0,3,3,0.6,1.8,5,9,3.0,5.0,0,0,0,0,483,1,174
C03005,CLI01018,2025-06-18,0,10,131.8,1390.9,Loja física,293,0.09475878927313251,1,4,529.5675,2,0,1,1,177.0,9,9,0,4,4,0.4444444444444444,1.5555555555555556,10,14,3.5,10.0,0,0,1,0,681,1,295
C03006,CLI00665,2025-06-08,0,10,198.17,3497.84,Site,293,0.05665496420648171,1,3,741.3866666666667,0,2,0,1,20.0,9,9,0,5,5,0.5555555555555556,6.0,26,54,10.8,26.0,0,0,0,0,794,1,295
C03007,CLI00325,2025-02-20,0,6,377.94,1632.14,Loja física,173,0.23156101804992218,1,1,754.45,0,1,0,0,715.0,5,5,0,3,3,0.6,5.0,23,25,8.333333333333334,23.0,1,0,0,0,598,1,176
C03008,CLI02231,2026-02-04,1,12,101.09,3939.44,Loja física,293,0.025661007655910485,1,2,1166.54,0,1,1,0,566.0,9,9,0,3,3,0.3333333333333333,1.8888888888888888,13,17,5.666666666666667,13.0,0,0,0,0,772,1,293
C03009,CLI01057,2026-01-16,1,12,142.13,2587.07,Site,143,0.05493859849173002,3,2,614.9449999999999,0,0,1,1,701.0,4,4,0,3,3,0.75,5.25,18,21,7.0,18.0,1,1,0,0,658,1,143
C03010,CLI02420,2026-01-28,0,12,200.54,3054.31,Site,173,0.06565803733085378,1,1,603.67,0,0,1,0,891.0,5,5,0,1,1,0.2,0.4,2,2,2.0,2.0,0,0,0,0,1000,1,175
C03011,CLI02496,2026-01-24,0,12,233.93,5562.76,Loja física,83,0.04205286584357405,5,7,814.7785714285714,2,3,0,2,61.0,2,2,0,0,0,0.0,0.0,0,0,,,0,0,0,0,730,1,83
C03012,CLI00222,2026-01-11,1,12,60.16,2977.02,Televendas,143,0.020208127590677926,2,2,911.5,1,1,0,0,274.0,4,4,0,1,1,0.25,5.75,23,23,23.0,23.0,0,0,0,0,616,1,144
C03013,CLI01276,2026-02-05,0,24,98.47,4318.23,Loja física,383,0.02280332451027389,3,4,1355.5375,1,1,1,1,138.0,12,12,0,5,5,0.4166666666666667,3.5,25,42,8.4,25.0,0,0,0,0,693,1,384
C03014,CLI01067,2026-01-19,1,6,455.02,3244.98,Loja física,173,0.14022274405389246,2,2,1527.6950000000002,1,0,1,0,507.0,5,5,0,5,5,1.0,11.4,22,57,11.4,22.0,0,1,1,0,724,1,174
C03016,CLI00816,2026-01-14,0,24,61.93,2120.96,Loja física,563,0.02919904194327097,2,4,664.405,0,1,1,2,372.0,18,18,0,4,4,0.2222222222222222,1.6111111111111112,24,29,7.25,24.0,0,0,0,0,620,1,563
C03017,CLI01037,2026-02-05,0,12,157.36,2518.85,Loja física,173,0.062472953927387505,1,1,353.44,0,1,0,0,581.0,5,5,0,2,2,0.4,5.4,21,27,13.5,21.0,0,0,0,1,655,1,173
C03018,CLI02407,2025-12-16,0,12,140.92,2040.59,Loja física,353,0.06905845858305686,2,1,280.96,0,0,0,1,294.0,11,11,0,4,4,0.36363636363636365,3.090909090909091,22,34,8.5,22.0,0,0,0,0,615,1,353
C03019,CLI01735,2026-01-31,0,10,57.22,3145.69,Televendas,233,0.0181899678607873,1,0,,0,0,0,0,,7,7,0,2,2,0.2857142857142857,0.5714285714285714,2,4,2.0,2.0,0,0,0,0,773,1,234
C03020,CLI02306,2025-06-03,1,10,185.13,2132.23,Site,293,0.08682459209372347,2,2,480.765,2,0,0,0,431.0,9,9,0,5,5,0.5555555555555556,3.6666666666666665,18,33,6.6,18.0,0,0,0,0,679,1,293
C03021,CLI01214,2026-01-18,0,24,36.24,3018.94,Loja física,233,0.01200421339940509,2,7,974.2614285714286,2,1,3,1,117.0,7,7,0,3,3,0.42857142857142855,0.8571428571428571,2,6,2.0,2.0,0,1,0,0,732,1,234
C03022,CLI02698,2026-02-03,1,10,227.51,4719.26,Loja física,173,0.048208829350364246,5,2,798.675,2,0,0,0,116.0,5,5,0,1,1,0.2,2.0,10,10,10.0,10.0,0,0,0,0,726,1,173
C03023,CLI00560,2026-02-02,1,24,83.31,1721.06,Televendas,563,0.048406214774615645,3,4,497.7575,2,2,0,0,62.0,18,18,0,8,8,0.4444444444444444,4.722222222222222,20,85,10.625,20.0,0,0,2,0,643,1,566
C03024,CLI01779,2024-12-23,0,6,185.29,2277.22,Loja física,173,0.08136675420029686,1,1,2449.95,0,1,0,0,167.0,5,5,0,1,1,0.2,5.2,26,26,26.0,26.0,1,0,0,1,742,1,173
C03025,CLI01627,2026-01-21,0,10,186.02,2306.52,Loja física,83,0.08064963668210118,3,3,872.2700000000001,1,0,0,2,85.0,2,2,0,0,0,0.0,0.0,0,0,,,0,0,0,0,810,1,84
C03026,CLI02079,2025-09-02,1,12,366.39,1992.48,Loja física,353,0.18388641291255117,3,4,354.7475,1,1,1,1,490.0,11,10,1,11,10,1.0,16.818181818181817,26,185,16.2,26.0,0,0,0,0,597,1,354
C03027,CLI01593,2025-11-01,0,6,174.7,2657.26,Loja física,173,0.06574441341833316,2,4,493.02750000000003,2,1,0,1,328.0,5,5,0,0,0,0.0,0.0,0,0,,,0,0,0,0,889,1,175
C03028,CLI00466,2026-01-23,0,12,183.61,5526.14,Loja física,173,0.03322572356111137,1,1,1454.31,1,0,0,0,234.0,5,5,0,0,0,0.0,0.0,0,0,,,0,0,0,1,771,1,173
C03029,CLI00962,2026-01-19,0,12,81.92,3978.34,Site,173,0.020591502988683723,2,5,713.104,2,2,1,0,34.0,5,4,1,2,1,0.4,9.4,24,47,24.0,24.0,0,0,0,0,670,1,174
C03030,CLI01203,2025-10-06,1,10,938.54,2466.34,Loja física,293,0.3805395849720638,2,2,792.01,0,1,0,1,554.0,9,9,0,8,8,0.8888888888888888,15.88888888888889,26,143,17.875,26.0,0,0,0,1,514,1,296
C03031,CLI01862,2026-01-31,1,24,69.24,1542.21,Site,563,0.04489660941116968,3,3,405.62000000000006,1,1,1,0,123.0,18,18,0,12,12,0.6666666666666666,6.277777777777778,23,113,9.416666666666666,23.0,1,1,0,0,511,1,565
C03032,CLI01226,2026-01-27,0,24,146.21,2336.22,Site,83,0.06258400321887495,2,4,1934.7325,0,2,0,2,236.0,2,2,0,2,2,1.0,1.5,2,3,1.5,2.0,0,0,0,0,873,1,86
C03033,CLI00577,2026-01-27,1,12,312.41,1541.11,Loja física,263,0.202717521786245,2,4,1023.0775,1,2,1,0,58.0,8,7,1,7,6,0.875,13.875,23,111,14.666666666666666,23.0,0,1,0,0,577,1,264
C03034,CLI01228,2026-02-06,0,10,228.99,4421.21,Loja física,263,0.05179351354041088,4,2,1222.54,0,0,0,2,243.0,8,8,0,2,2,0.25,0.375,2,3,1.5,2.0,1,0,0,0,642,1,264
C03036,CLI01379,2026-01-30,0,24,170.09,5085.77,Loja física,113,0.03344429653720085,3,7,917.88,3,2,1,1,248.0,3,3,0,2,2,0.6666666666666666,1.0,2,3,1.5,2.0,0,0,0,0,846,1,115
C03037,CLI00964,2026-02-01,1,18,339.6,3321.76,Loja física,263,0.1022349597803574,1,2,1019.9000000000001,1,1,0,0,237.0,8,8,0,6,6,0.75,4.25,11,34,5.666666666666667,11.0,0,0,0,0,623,1,263
C03038,CLI01611,2026-01-16,0,24,53.6,4297.87,Loja física,413,0.01247129392001154,2,4,496.7125,1,0,2,1,285.0,13,13,0,5,5,0.38461538461538464,5.3076923076923075,25,69,13.8,25.0,2,1,0,0,665,1,413
C03039,CLI00799,2026-02-01,0,12,210.48,3900.53,Loja física,83,0.053961897485726294,1,0,,0,0,0,0,,2,2,0,0,0,0.0,0.0,0,0,,,0,0,0,0,748,1,83
C03040,CLI00966,2025-10-27,0,10,294.09,9103.61,Loja física,293,0.03230476701001031,1,1,633.68,0,1,0,0,225.0,9,9,0,2,2,0.2222222222222222,0.4444444444444444,2,4,2.0,2.0,0,0,1,1,771,1,296
C03041,CLI00975,2026-02-04,0,18,104.6,1669.88,Televendas,83,0.06263923156154932,1,2,2653.895,1,0,0,1,568.0,2,2,0,1,1,0.5,0.5,1,1,1.0,1.0,0,0,0,0,653,1,84
C03042,CLI00488,2025-09-17,0,12,47.33,3199.92,Loja física,353,0.01479099477486937,1,0,,0,0,0,0,,11,11,0,4,4,0.36363636363636365,4.181818181818182,22,46,11.5,22.0,0,0,0,0,703,1,356
C03043,CLI00445,2025-03-29,0,6,323.83,3197.03,Loja física,173,0.10129088560320046,1,0,,0,0,0,0,,5,5,0,3,3,0.6,2.6,11,13,4.333333333333333,11.0,0,0,0,0,684,1,173
C03045,CLI00872,2026-01-31,0,18,126.68,5374.05,Loja física,143,0.023572538402136193,3,4,867.6899999999999,1,1,0,2,46.0,4,4,0,2,2,0.5,6.75,25,27,13.5,25.0,0,0,0,0,738,1,143
C03046,CLI02409,2026-02-02,1,24,74.22,5434.51,Loja física,413,0.013657165043398575,1,2,1122.3899999999999,0,0,0,2,305.0,13,13,0,6,6,0.46153846153846156,7.0,26,91,15.166666666666666,26.0,0,0,0,0,609,1,413
C03048,CLI00296,2025-08-07,1,6,839.85,1753.6,Loja física,173,0.47892906021897813,2,5,938.2360000000001,1,1,0,3,267.0,5,5,0,5,5,1.0,12.2,26,61,12.2,26.0,1,0,2,0,336,1,174
C03049,CLI00781,2026-02-02,0,24,74.06,2448.26,Loja física,83,0.030250055141202322,4,5,494.45,1,1,2,1,153.0,2,2,0,2,2,1.0,1.0,1,2,1.0,1.0,0,1,0,0,662,1,85
C03050,CLI02386,2025-02-11,1,6,532.01,2773.54,Loja física,173,0.19181623484788393,1,2,1188.18,2,0,0,0,219.0,5,5,0,1,1,0.2,0.2,1,1,1.0,1.0,0,1,0,0,761,1,175
C03051,CLI00957,2025-09-12,0,12,199.64,1303.33,Loja física,353,0.15317686234491648,2,2,898.38,1,0,0,1,535.0,11,11,0,2,2,0.18181818181818182,0.2727272727272727,2,3,1.5,2.0,0,0,0,0,810,1,354
C03052,CLI00537,2025-10-20,0,10,205.18,2878.39,Loja física,293,0.071282904679352,3,6,908.8433333333332,2,3,0,1,194.0,9,9,0,7,7,0.7777777777777778,9.555555555555555,21,86,12.285714285714286,21.0,0,2,0,1,723,1,293
C03053,CLI00339,2026-01-24,1,12,74.06,12407.33,Televendas,83,0.005969052165131419,3,4,1204.2475,0,1,1,2,260.0,2,2,0,0,0,0.0,0.0,0,0,,,0,0,0,0,842,1,86
C03054,CLI01684,2026-02-04,1,10,202.66,1964.15,Loja física,203,0.10317949240129318,3,5,914.65,0,2,3,0,296.0,6,6,0,3,3,0.5,5.833333333333333,22,35,11.666666666666666,22.0,1,0,1,0,709,1,203
C03055,CLI01598,2025-07-03,1,12,100.4,2403.47,Loja física,353,0.04177293662912373,3,4,303.3,1,3,0,0,31.0,11,11,0,3,3,0.2727272727272727,2.272727272727273,22,25,8.333333333333334,22.0,0,0,0,0,758,1,356
C03056,CLI02297,2025-05-14,1,10,251.97,2986.64,Loja física,293,0.08436570862239842,2,2,528.885,0,2,0,0,331.0,9,9,0,9,9,1.0,11.88888888888889,23,107,11.88888888888889,23.0,0,0,1,0,592,1,294
C03057,CLI02353,2026-01-17,1,12,158.47,1118.3,Loja física,113,0.14170616113744075,4,5,994.208,1,1,2,1,86.0,3,3,0,2,2,0.6666666666666666,13.0,22,39,19.5,22.0,0,0,0,0,740,1,115
C03058,CLI00865,2025-07-12,0,10,385.13,2673.13,Loja física,293,0.1440745493111072,1,2,1395.355,2,0,0,0,538.0,9,9,0,7,7,0.7777777777777778,9.444444444444445,25,85,12.142857142857142,25.0,1,0,0,0,681,1,293
C03059,CLI02004,2026-02-04,1,18,77.86,1975.04,Loja física,443,0.03942198639014906,1,3,966.0033333333334,1,0,1,1,146.0,14,14,0,7,7,0.5,5.785714285714286,22,81,11.571428571428571,22.0,0,1,0,0,738,1,446
C03060,CLI00983,2026-01-28,1,10,170.4,2912.46,Televendas,83,0.058507241301168085,4,4,641.1274999999999,1,1,2,0,169.0,2,2,0,1,1,0.5,3.0,6,6,6.0,6.0,0,0,0,0,606,1,85
C03061,CLI02483,2026-01-16,0,12,122.83,2214.99,Site,233,0.05545397496151225,3,2,1048.885,0,1,0,1,61.0,7,7,0,1,1,0.14285714285714285,0.14285714285714285,1,1,1.0,1.0,0,0,0,0,654,1,234
C03062,CLI02366,2026-01-15,0,12,106.89,4747.13,Site,113,0.022516762759814877,3,1,200.05,0,0,0,1,45.0,3,3,0,2,2,0.6666666666666666,5.0,13,15,7.5,13.0,0,0,1,0,679,1,113
C03064,CLI01012,2026-02-02,1,6,444.54,4092.44,Televendas,173,0.10862468356286226,2,2,1025.5349999999999,0,2,0,0,195.0,5,5,0,4,4,0.8,13.4,26,67,16.75,26.0,0,0,0,0,562,1,174
C03065,CLI00986,2026-01-14,1,24,43.42,3127.56,Site,143,0.013883027024261725,2,4,498.7925,1,0,1,2,388.0,4,4,0,2,2,0.5,2.0,7,8,4.0,7.0,0,0,0,0,847,1,145
C03066,CLI02101,2025-08-13,0,12,127.18,6402.9,Loja física,353,0.019862874634931048,2,5,573.51,0,2,1,2,42.0,11,11,0,2,2,0.18181818181818182,0.2727272727272727,2,3,1.5,2.0,1,0,0,0,854,1,356
C03067,CLI01581,2026-02-05,1,6,501.18,3159.82,Loja física,173,0.15861030058674228,2,2,1060.1100000000001,0,1,0,1,6.0,5,5,0,2,2,0.4,0.6,2,3,1.5,2.0,0,0,0,0,868,1,174
C03068,CLI00935,2025-09-05,0,6,185.0,3044.32,Loja física,173,0.06076890734219793,2,0,,0,0,0,0,,5,5,0,4,4,0.8,12.0,26,60,15.0,26.0,0,0,0,0,726,1,173
C03070,CLI01420,2026-01-24,1,18,71.16,5318.16,Loja física,83,0.0133805677151496,2,0,,0,0,0,0,,2,2,0,1,1,0.5,10.0,20,20,20.0,20.0,0,0,2,0,752,1,85
C03071,CLI00226,2026-01-10,0,24,78.54,3746.7,Site,233,0.020962446953318923,2,2,1338.875,0,0,2,0,28.0,7,7,0,0,0,0.0,0.0,0,0,,,0,0,1,0,772,1,236
C03072,CLI01893,2026-02-04,1,12,129.01,5580.22,Loja física,353,0.023119160176480493,2,2,714.13,1,0,1,0,61.0,11,11,0,3,3,0.2727272727272727,3.090909090909091,24,34,11.333333333333334,24.0,0,0,0,0,727,1,354
C03073,CLI02153,2025-08-15,1,10,304.71,1504.25,Televendas,293,0.20256606282200432,1,2,722.05,0,0,1,1,332.0,9,9,0,5,5,0.5555555555555556,5.222222222222222,21,47,9.4,21.0,1,0,0,0,693,1,296
C03074,CLI01938,2026-01-28,1,18,115.19,3410.85,Loja física,473,0.03377164050016858,2,4,263.2775,0,2,2,0,126.0,15,15,0,10,10,0.6666666666666666,5.866666666666666,26,88,8.8,26.0,0,0,1,0,518,1,476
C03076,CLI00043,2026-01-16,0,12,310.13,3376.13,Site,233,0.09185961441058253,2,3,577.4366666666666,1,1,0,1,109.0,7,7,0,4,4,0.5714285714285714,4.571428571428571,15,32,8.0,15.0,0,2,0,1,728,1,234
C03078,CLI01381,2026-01-11,1,24,79.93,4047.84,Loja física,353,0.019746333847187637,1,2,1318.105,0,1,1,0,56.0,11,11,0,10,10,0.9090909090909091,13.181818181818182,26,145,14.5,26.0,0,0,1,0,786,1,354
C03080,CLI01976,2025-01-15,0,6,132.78,1363.07,Loja física,173,0.09741245864115564,1,1,689.65,0,0,0,1,348.0,5,5,0,1,1,0.2,0.4,2,2,2.0,2.0,0,0,0,0,769,1,175
C03081,CLI02233,2026-01-17,1,24,197.04,1182.51,Loja física,113,0.16662861202019433,4,4,2005.8899999999999,2,2,0,0,74.0,3,3,0,3,3,1.0,17.0,24,51,17.0,24.0,3,0,0,0,616,1,115
C03082,CLI02301,2026-01-28,1,24,198.94,5523.86,Loja física,203,0.036014670900421084,4,6,965.8183333333333,1,2,1,2,116.0,6,6,0,3,3,0.5,9.833333333333334,23,59,19.666666666666668,23.0,0,1,2,0,893,1,206
C03083,CLI01686,2026-01-30,0,12,188.87,2113.83,Site,353,0.08934966388025528,3,6,875.0433333333332,1,1,2,2,92.0,11,11,0,4,4,0.36363636363636365,0.6363636363636364,2,7,1.75,2.0,0,0,0,0,888,1,355
C03084,CLI02540,2025-11-23,0,6,261.63,3359.09,Loja física,173,0.0778871658693277,1,2,1472.825,1,1,0,0,116.0,5,5,0,2,2,0.4,2.4,11,12,6.0,11.0,0,1,1,0,738,1,175
C03085,CLI00640,2025-12-01,0,18,56.05,3120.75,Site,533,0.01796042617960426,1,3,1131.6866666666667,0,0,1,2,192.0,17,17,0,10,10,0.5882352941176471,1.5294117647058822,10,26,2.6,10.0,0,0,0,0,692,1,533
C03086,CLI02051,2026-01-14,0,18,154.79,1650.36,Televendas,203,0.09379165757774062,2,0,,0,0,0,0,,6,6,0,5,5,0.8333333333333334,7.166666666666667,26,43,8.6,26.0,0,1,0,0,581,1,205
C03087,CLI02660,2026-01-28,1,18,86.54,3046.89,Loja física,113,0.028402731966037504,1,1,152.08,1,0,0,0,763.0,3,3,0,0,0,0.0,0.0,0,0,,,0,0,0,0,863,1,116
C03088,CLI01208,2026-02-01,0,12,158.3,3638.67,Loja física,293,0.04350490701272718,1,1,1216.22,1,0,0,0,889.0,9,9,0,2,2,0.2222222222222222,0.3333333333333333,2,3,1.5,2.0,0,0,0,0,720,1,296
C03089,CLI02329,2026-01-30,1,24,165.92,5214.35,Loja física,383,0.0318198816726917,1,0,,0,0,0,0,,12,11,1,7,6,0.5833333333333334,6.416666666666667,23,77,9.0,22.0,1,0,0,0,696,1,384
C03090,CLI01180,2026-01-10,0,6,132.03,2530.27,Loja física,173,0.052180202112818,3,7,854.5414285714286,0,3,2,2,45.0,5,5,0,0,0,0.0,0.0,0,0,,,0,0,0,0,779,1,175
C03091,CLI01222,2026-01-19,1,18,166.32,2212.08,Loja física,323,0.07518715417163936,1,1,1855.68,0,0,0,1,279.0,10,10,0,5,5,0.5,6.4,25,64,12.8,25.0,0,1,0,0,695,1,323
C03092,CLI00644,2026-01-29,0,12,104.56,2877.54,Loja física,203,0.03633659306212946,1,2,1744.385,0,1,1,0,417.0,6,6,0,2,2,0.3333333333333333,1.0,4,6,3.0,4.0,0,0,0,0,779,1,203
C03093,CLI00085,2026-01-25,0,18,138.2,3140.47,Loja física,413,0.044006151945409445,4,5,1354.6,0,1,1,3,79.0,13,13,0,4,4,0.3076923076923077,2.1538461538461537,19,28,7.0,19.0,0,0,0,0,740,1,416
C03094,CLI00332,2025-11-11,0,12,178.47,3599.99,Loja física,353,0.04957513770871586,1,3,518.6566666666666,0,0,3,0,191.0,11,11,0,6,6,0.5454545454545454,9.363636363636363,26,103,17.166666666666668,26.0,0,0,0,0,711,1,354
C03095,CLI01853,2025-09-24,0,12,157.46,4296.91,Site,353,0.036644937873960594,2,7,883.5028571428572,1,2,2,2,84.0,11,11,0,1,1,0.09090909090909091,0.09090909090909091,1,1,1.0,1.0,0,0,0,0,709,1,356
C03096,CLI00558,2025-06-13,0,12,64.18,5452.57,Site,353,0.011770596250942218,2,1,1975.16,0,1,0,0,282.0,11,11,0,4,4,0.36363636363636365,1.1818181818181819,7,13,3.25,7.0,0,0,1,1,738,1,356
C03098,CLI00384,2026-01-10,0,24,118.02,2624.01,Loja física,143,0.04497696274023345,1,3,565.0133333333333,0,2,1,0,352.0,4,4,0,1,1,0.25,0.25,1,1,1.0,1.0,1,0,0,0,780,1,145
C03100,CLI00865,2026-01-29,1,10,472.23,1032.3,Site,113,0.4574542284219704,2,4,1472.675,2,2,0,0,121.0,3,3,0,3,3,1.0,19.666666666666668,23,59,19.666666666666668,23.0,0,0,0,0,429,1,116
C03102,CLI00413,2025-08-03,0,10,261.61,6057.15,Site,293,0.043190279256746164,3,4,596.4000000000001,1,1,2,0,180.0,9,9,0,5,5,0.5555555555555556,5.666666666666667,19,51,10.2,19.0,0,1,2,0,785,1,295
C03103,CLI02165,2025-06-13,1,12,151.74,2004.99,Loja física,353,0.07568117546720932,1,0,,0,0,0,0,,11,11,0,5,5,0.45454545454545453,6.818181818181818,22,75,15.0,22.0,0,0,1,0,785,1,356
C03104,CLI01293,2026-01-24,1,18,154.17,3203.44,Loja física,443,0.048126389131683434,2,1,959.11,0,1,0,0,282.0,14,14,0,10,10,0.7142857142857143,6.785714285714286,26,95,9.5,26.0,0,0,2,0,601,1,443
C03105,CLI00414,2026-01-29,0,24,100.92,3070.08,Loja física,443,0.03287210756722952,1,1,643.46,0,0,0,1,841.0,14,14,0,4,4,0.2857142857142857,2.2142857142857144,26,31,7.75,26.0,0,0,0,0,789,1,445
C03106,CLI01768,2025-10-17,0,12,55.38,4487.2,Loja física,353,0.012341772151898736,1,2,1098.3799999999999,0,0,2,0,130.0,11,11,0,3,3,0.2727272727272727,3.0,16,33,11.0,16.0,0,0,1,0,924,1,354
C03107,CLI01987,2026-01-12,0,18,103.43,2161.47,Site,503,0.04785169352338918,1,3,1445.3933333333334,1,0,1,1,22.0,16,16,0,4,4,0.25,2.9375,24,47,11.75,24.0,0,0,1,0,656,1,505
C03108,CLI02032,2026-02-04,0,18,130.1,3739.56,Loja física,323,0.034790189220122156,3,3,459.79333333333335,0,1,1,1,355.0,10,10,0,3,3,0.3,0.5,2,5,1.6666666666666667,2.0,0,0,0,0,795,1,325
C03109,CLI01561,2026-01-22,1,18,122.95,6148.49,Site,83,0.01999677969712889,2,1,744.04,0,0,0,1,710.0,2,2,0,2,2,1.0,17.5,18,35,17.5,18.0,0,0,0,0,634,1,84
C03110,CLI02707,2025-07-10,1,12,200.14,3908.66,Site,353,0.0512042490265206,1,2,1573.965,0,1,0,1,226.0,11,11,0,5,5,0.45454545454545453,4.090909090909091,17,45,9.0,17.0,0,1,0,0,891,1,355
C03112,CLI01195,2025-10-04,1,10,157.24,8266.98,Loja física,293,0.01902024681322563,1,1,908.9,1,0,0,0,464.0,9,9,0,2,2,0.2222222222222222,2.111111111111111,17,19,9.5,17.0,2,1,0,0,610,1,293
C03113,CLI02016,2025-07-25,0,10,384.09,2094.34,Loja física,293,0.18339429128030785,1,5,949.558,2,0,2,1,96.0,9,9,0,8,8,0.8888888888888888,17.444444444444443,26,157,19.625,26.0,0,0,1,0,603,1,293
C03114,CLI01818,2026-01-11,1,6,154.27,3331.71,Loja física,83,0.04630354982876661,4,4,648.315,1,2,0,1,225.0,2,2,0,0,0,0.0,0.0,0,0,,,0,0,0,0,710,1,86
C03115,CLI02363,2025-12-23,1,18,101.0,2973.73,Loja física,533,0.03396407878321166,1,2,1189.58,0,0,1,1,122.0,17,17,0,10,10,0.5882352941176471,8.588235294117647,24,146,14.6,24.0,0,3,0,0,631,1,534
C03116,CLI01343,2026-01-11,0,6,369.71,1922.82,Loja física,113,0.19227488792502678,1,2,1160.71,1,1,0,0,383.0,3,3,0,1,1,0.3333333333333333,0.6666666666666666,2,2,2.0,2.0,0,0,0,0,731,1,113
C03117,CLI02717,2025-10-13,0,10,179.01,2078.94,Loja física,293,0.08610638113654073,1,1,220.73,0,0,1,0,562.0,9,9,0,3,3,0.3333333333333333,0.6666666666666666,2,6,2.0,2.0,0,0,0,0,677,1,295
C03118,CLI00423,2025-10-23,1,12,47.71,2904.79,Loja física,353,0.016424595237521475,1,0,,0,0,0,0,,11,11,0,4,4,0.36363636363636365,4.636363636363637,20,51,12.75,20.0,0,0,0,0,940,1,354
C03119,CLI01444,2026-01-12,0,12,162.68,3270.42,Site,203,0.04974284648454939,4,2,703.865,1,0,1,0,526.0,6,6,0,4,4,0.6666666666666666,10.833333333333334,24,65,16.25,24.0,0,0,0,0,785,1,205
C03120,CLI02456,2026-02-02,0,10,267.33,1681.04,Loja física,293,0.15902655498976823,2,3,1096.5366666666666,0,2,1,0,25.0,9,9,0,3,3,0.3333333333333333,3.4444444444444446,26,31,10.333333333333334,26.0,0,0,0,0,597,1,293
C03121,CLI02669,2025-11-26,0,12,251.4,4947.8,Televendas,353,0.05081046121508549,1,3,775.71,1,1,0,1,425.0,11,11,0,2,2,0.18181818181818182,0.18181818181818182,1,2,1.0,1.0,0,0,0,0,704,1,356
C03122,CLI02187,2026-02-03,0,10,263.51,2159.34,Site,113,0.12203265812702029,2,1,545.07,0,1,0,0,265.0,3,3,0,2,2,0.6666666666666666,6.666666666666667,17,20,10.0,17.0,0,0,0,0,943,1,116
C03124,CLI01297,2025-12-21,0,12,147.98,3531.09,Site,353,0.041907739536517045,1,1,694.56,0,1,0,0,636.0,11,11,0,5,5,0.45454545454545453,2.090909090909091,12,23,4.6,12.0,0,0,0,0,678,1,353
C03125,CLI00258,2025-12-21,0,12,207.96,3149.76,Loja física,353,0.06602407802499238,3,5,1027.156,2,2,0,1,88.0,11,11,0,2,2,0.18181818181818182,0.18181818181818182,1,2,1.0,1.0,0,0,0,0,808,1,355
C03126,CLI00838,2025-07-19,0,12,39.64,3191.14,Loja física,353,0.012421893116566494,1,0,,0,0,0,0,,11,11,0,5,5,0.45454545454545453,1.0909090909090908,5,12,2.4,5.0,0,0,1,0,580,1,355
C03127,CLI00072,2026-01-22,0,12,66.31,3164.73,Site,323,0.02095281430011407,3,1,2240.53,0,1,0,0,143.0,10,10,0,3,3,0.3,0.3,1,3,1.0,1.0,0,0,0,0,663,1,326
C03128,CLI00782,2025-06-04,0,6,254.79,3421.04,Loja física,173,0.0744773519163763,1,0,,0,0,0,0,,5,5,0,1,1,0.2,0.2,1,1,1.0,1.0,0,0,0,0,784,1,175
C03130,CLI00584,2026-01-14,0,6,224.43,2525.91,Loja física,173,0.08885114671544117,1,0,,0,0,0,0,,5,5,0,2,2,0.4,5.8,18,29,14.5,18.0,0,0,0,0,868,1,176
C03131,CLI02685,2026-02-04,0,12,147.07,3038.23,Loja física,293,0.04840647350595577,3,5,728.766,2,1,0,2,2.0,9,9,0,2,2,0.2222222222222222,2.4444444444444446,20,22,11.0,20.0,0,0,0,0,650,1,296
C03132,CLI00783,2026-01-02,0,12,159.94,1081.07,Site,353,0.14794601644666858,1,5,489.946,4,0,1,0,22.0,11,11,0,5,5,0.45454545454545453,4.545454545454546,23,50,10.0,23.0,0,0,0,0,556,1,353
C03134,CLI00533,2026-01-28,0,12,111.19,5570.84,Televendas,113,0.019959288006835593,2,6,799.7866666666667,0,3,2,1,57.0,3,3,0,1,1,0.3333333333333333,0.6666666666666666,2,2,2.0,2.0,0,0,0,0,901,1,113
C03135,CLI01863,2026-01-14,0,12,430.61,5739.29,Loja física,353,0.07502844428492027,1,1,665.76,0,0,1,0,689.0,11,11,0,3,3,0.2727272727272727,0.36363636363636365,2,4,1.3333333333333333,2.0,0,0,0,0,623,1,354
C03136,CLI01156,2025-09-02,0,10,240.76,1934.3,Loja física,293,0.12446880008271725,3,6,739.6749999999998,3,1,0,2,67.0,9,9,0,4,4,0.4444444444444444,3.4444444444444446,25,31,7.75,25.0,1,1,0,0,737,1,294
C03137,CLI00939,2025-06-14,0,10,499.26,1976.28,Loja física,293,0.25262614609265893,1,1,462.32,1,0,0,0,172.0,9,9,0,2,2,0.2222222222222222,1.3333333333333333,10,12,6.0,10.0,2,1,0,0,813,1,295
C03138,CLI02494,2026-01-03,0,10,151.07,3896.78,Televendas,293,0.03876790580941187,3,3,1172.5666666666666,0,2,1,0,427.0,9,9,0,0,0,0.0,0.0,0,0,,,0,0,0,0,756,1,293
C03139,CLI01584,2026-02-03,1,24,230.48,2725.08,Loja física,593,0.08457733350947495,1,1,514.16,0,1,0,0,805.0,19,18,1,14,13,0.7368421052631579,7.7894736842105265,24,148,9.615384615384615,24.0,1,1,0,0,541,1,596
C03140,CLI00695,2025-11-05,0,6,426.92,3506.43,Loja física,173,0.12175346434978027,3,6,1359.8183333333334,2,2,1,1,114.0,5,5,0,2,2,0.4,4.4,21,22,11.0,21.0,0,0,0,0,657,1,176
C03141,CLI00705,2025-04-28,0,10,123.93,2464.98,Loja física,293,0.0502762699900202,2,2,430.5,0,2,0,0,77.0,9,9,0,1,1,0.1111111111111111,0.2222222222222222,2,2,2.0,2.0,0,0,0,0,876,1,295
C03142,CLI00239,2026-01-13,0,18,90.01,3343.12,Loja física,173,0.026923951279044726,3,1,689.51,0,0,1,0,53.0,5,5,0,2,2,0.4,0.8,2,4,2.0,2.0,0,0,0,0,839,1,174
C03143,CLI01719,2026-01-18,0,12,163.74,2037.48,Loja física,113,0.08036397903292303,3,3,1303.0366666666666,0,0,2,1,196.0,3,3,0,2,2,0.6666666666666666,2.6666666666666665,7,8,4.0,7.0,0,0,0,0,671,1,115
C03144,CLI02639,2026-01-28,0,12,240.35,1351.44,Loja física,233,0.1778473332149411,1,1,318.02,1,0,0,0,306.0,7,7,0,4,4,0.5714285714285714,2.142857142857143,6,15,3.75,6.0,0,1,0,0,696,1,234
C03145,CLI00098,2026-01-18,0,18,84.04,2887.84,Loja física,503,0.029101335254030695,2,6,869.1783333333333,2,2,1,1,107.0,16,16,0,5,5,0.3125,1.8125,15,29,5.8,15.0,0,0,0,0,824,1,504
C03146,CLI02312,2025-10-18,0,12,122.04,3401.42,Loja física,353,0.035879132832758086,2,5,791.718,4,0,0,1,161.0,11,11,0,3,3,0.2727272727272727,0.5454545454545454,2,6,2.0,2.0,0,0,1,0,787,1,356
C03147,CLI01819,2026-01-08,1,12,413.64,3238.51,Loja física,83,0.12772540458420692,1,0,,0,0,0,0,,2,2,0,0,0,0.0,0.0,0,0,,,0,0,0,0,843,1,84
C03148,CLI02477,2026-02-01,1,10,78.95,1233.18,Loja física,203,0.06402147293987902,1,4,770.4375,1,1,0,2,60.0,6,6,0,1,1,0.16666666666666666,0.3333333333333333,2,2,2.0,2.0,0,0,0,0,540,1,205
C03149,CLI02713,2025-08-07,1,12,115.07,5601.4,Loja física,353,0.020543078516085264,2,3,772.3866666666667,1,1,0,1,89.0,11,11,0,1,1,0.09090909090909091,0.09090909090909091,1,1,1.0,1.0,0,1,0,0,705,1,353
C03150,CLI00819,2026-01-17,0,18,122.15,3024.66,Loja física,173,0.040384704396527214,1,0,,0,0,0,0,,5,5,0,1,1,0.2,0.2,1,1,1.0,1.0,0,0,0,1,513,1,174
C03151,CLI02234,2025-12-03,0,12,153.65,2370.62,Loja física,353,0.06481426799740153,2,1,112.45,0,1,0,0,585.0,11,11,0,4,4,0.36363636363636365,3.272727272727273,23,36,9.0,23.0,1,0,0,1,699,1,356
C03152,CLI02738,2024-12-18,0,6,226.64,4442.84,Loja física,173,0.051012415481988996,1,0,,0,0,0,0,,5,5,0,2,2,0.4,1.4,6,7,3.5,6.0,0,0,0,0,695,1,176
C03154,CLI01273,2025-12-13,0,10,159.52,3935.92,Loja física,293,0.0405292790503872,2,2,596.63,0,0,1,1,426.0,9,9,0,4,4,0.4444444444444444,3.0,22,27,6.75,22.0,0,0,0,0,829,1,296
C03155,CLI00478,2025-04-26,0,10,141.09,2953.29,Site,293,0.04777383866806172,1,2,921.3050000000001,1,1,0,0,235.0,9,9,0,4,4,0.4444444444444444,2.4444444444444446,17,22,5.5,17.0,0,1,0,0,583,1,295
C03156,CLI02095,2025-06-25,0,6,330.8,3177.04,Loja física,173,0.10412207589454335,4,5,1476.5320000000002,0,2,0,3,6.0,5,5,0,2,2,0.4,2.0,8,10,5.0,8.0,0,0,0,0,602,1,173
C03157,CLI02009,2026-01-24,1,18,142.78,1489.94,Loja física,113,0.09582936225619823,3,4,1261.3825000000002,2,1,1,0,101.0,3,3,0,2,2,0.6666666666666666,11.666666666666666,18,35,17.5,18.0,0,0,0,0,727,1,116
C03158,CLI00983,2026-01-22,1,18,86.81,2808.08,Loja física,83,0.030914361414204724,4,4,641.1274999999999,1,1,2,0,163.0,2,2,0,0,0,0.0,0.0,0,0,,,0,1,1,0,659,1,86
C03161,CLI02610,2025-08-02,1,12,88.69,2523.36,Loja física,353,0.03514758100310696,1,1,1262.37,0,0,0,1,853.0,11,11,0,5,5,0.45454545454545453,4.2727272727272725,21,47,9.4,21.0,1,1,0,0,705,1,355
C03162,CLI00556,2025-05-29,1,6,158.99,3365.39,Loja física,173,0.04724266726887523,1,4,754.96,3,0,0,1,13.0,5,5,0,5,5,1.0,9.0,20,45,9.0,20.0,0,0,0,0,535,1,174
C03163,CLI01426,2025-09-22,1,12,240.54,4700.74,Loja física,353,0.051170666746086786,1,1,384.33,0,0,0,1,525.0,11,11,0,1,1,0.09090909090909091,0.18181818181818182,2,2,2.0,2.0,0,0,0,0,745,1,354
C03164,CLI02555,2026-01-25,1,12,86.41,1275.03,Televendas,203,0.06777095440891587,1,1,380.31,0,0,0,1,666.0,6,6,0,1,1,0.16666666666666666,3.1666666666666665,19,19,19.0,19.0,0,1,1,0,739,1,203
C03165,CLI02022,2025-12-30,1,6,1003.78,3050.09,Site,173,0.3290984856184571,2,1,1650.26,0,0,1,0,631.0,5,5,0,4,4,0.8,16.8,26,84,21.0,26.0,0,0,0,0,504,1,176
C03168,CLI00935,2026-01-21,0,18,91.67,3919.59,Loja física,83,0.02338765023892805,3,0,,0,0,0,0,,2,2,0,1,1,0.5,4.0,8,8,8.0,8.0,0,0,0,0,736,1,85
C03169,CLI00036,2026-01-16,1,18,61.75,6239.01,Loja física,473,0.009897403594480535,1,1,183.8,1,0,0,0,509.0,15,15,0,4,4,0.26666666666666666,1.2,15,18,4.5,15.0,0,2,1,0,616,1,475
C03170,CLI02657,2025-09-05,1,10,959.8,4188.12,Loja física,293,0.22917203900556812,2,5,836.8879999999999,1,3,0,1,44.0,9,9,0,4,4,0.4444444444444444,1.2222222222222223,7,11,2.75,7.0,0,0,0,0,766,1,295
C03171,CLI02065,2026-01-30,0,18,46.72,2110.18,Loja física,383,0.02214029134955312,1,0,,0,0,0,0,,12,12,0,2,2,0.16666666666666666,1.3333333333333333,14,16,8.0,14.0,0,0,1,0,743,1,385
C03172,CLI00318,2026-01-25,1,24,40.25,1364.27,Site,413,0.02950295762568993,3,2,1493.145,0,1,0,1,154.0,13,13,0,3,3,0.23076923076923078,1.3076923076923077,14,17,5.666666666666667,14.0,2,0,1,0,668,1,413
C03173,CLI01675,2026-01-27,1,10,94.95,4014.74,Televendas,83,0.023650348465903148,2,5,654.1020000000001,0,0,4,1,263.0,2,2,0,1,1,0.5,0.5,1,1,1.0,1.0,0,0,0,0,452,1,83
C03174,CLI00238,2026-01-11,1,24,97.94,1635.1,Loja física,173,0.05989847715736041,3,1,938.36,0,1,0,0,331.0,5,5,0,2,2,0.4,8.0,21,40,20.0,21.0,0,1,1,0,742,1,175
C03175,CLI01385,2026-01-24,0,18,101.76,2862.03,Loja física,473,0.035555182859718454,4,5,1241.2400000000002,1,2,1,1,113.0,15,15,0,6,6,0.4,3.7333333333333334,22,56,9.333333333333334,22.0,0,0,0,0,716,1,475
C03176,CLI02475,2025-09-18,0,12,145.18,2003.5,Televendas,353,0.07246318941851759,2,6,737.1416666666668,0,3,3,0,114.0,11,11,0,3,3,0.2727272727272727,2.090909090909091,19,23,7.666666666666667,19.0,0,0,1,0,795,1,355
C03178,CLI01243,2026-02-05,0,12,124.59,2448.2,Loja física,83,0.050890450126623646,1,0,,0,0,0,0,,2,2,0,1,1,0.5,0.5,1,1,1.0,1.0,0,0,0,0,760,1,85
C03180,CLI02513,2026-01-17,1,24,65.57,1920.89,Loja física,353,0.034135218570558436,2,1,2020.66,0,0,1,0,457.0,11,11,0,2,2,0.18181818181818182,2.727272727272727,20,30,15.0,20.0,0,1,1,0,726,1,355
C03181,CLI00205,2025-09-18,1,6,479.02,1274.53,Loja física,173,0.37584050591198326,4,10,842.7620000000001,1,3,4,2,221.0,5,5,0,4,4,0.8,8.6,16,43,10.75,16.0,1,0,0,0,552,1,175
C03182,CLI02367,2026-01-28,0,12,143.34,3177.48,Loja física,323,0.04511122021224367,1,0,,0,0,0,0,,10,10,0,2,2,0.2,2.0,19,20,10.0,19.0,0,1,0,0,791,1,326
C03183,CLI02534,2026-01-28,0,24,61.61,1596.88,Televendas,83,0.038581483893592505,1,0,,0,0,0,0,,2,2,0,1,1,0.5,0.5,1,1,1.0,1.0,0,1,0,0,648,1,85
C03184,CLI02320,2025-10-04,1,12,268.72,1725.97,Loja física,353,0.15569216150918036,2,1,231.71,0,1,0,0,118.0,11,11,0,9,9,0.8181818181818182,8.636363636363637,21,95,10.555555555555555,21.0,0,0,0,0,522,1,356
C03185,CLI01129,2025-06-27,1,10,86.92,3439.32,Loja física,293,0.02527243757486945,2,3,1184.3666666666666,1,1,1,0,176.0,9,8,1,8,7,0.8888888888888888,12.555555555555555,24,113,12.857142857142858,24.0,2,2,1,0,568,1,295
C03186,CLI01413,2025-05-20,0,6,143.11,3852.28,Televendas,173,0.03714942839045968,2,2,539.475,0,1,0,1,140.0,5,5,0,0,0,0.0,0.0,0,0,,,1,0,0,0,810,1,176
C03187,CLI00968,2026-01-08,1,12,135.56,3800.6,Site,263,0.03566805241277693,1,0,,0,0,0,0,,8,8,0,5,5,0.625,8.625,25,69,13.8,25.0,0,1,0,0,827,1,264
C03188,CLI02421,2026-01-26,1,18,97.27,2838.03,Loja física,293,0.03427377441394206,1,0,,0,0,0,0,,9,9,0,4,4,0.4444444444444444,5.444444444444445,25,49,12.25,25.0,1,1,0,0,621,1,293
C03189,CLI00560,2025-07-23,0,12,227.75,3233.07,Loja física,353,0.07044388151199943,3,3,273.73,2,1,0,0,40.0,11,11,0,5,5,0.45454545454545453,1.1818181818181819,7,13,2.6,7.0,0,0,0,0,660,1,353
C03190,CLI00283,2026-01-09,0,24,141.08,1764.69,Loja física,383,0.07994605284780897,1,0,,0,0,0,0,,12,12,0,5,5,0.4166666666666667,2.4166666666666665,17,29,5.8,17.0,0,0,1,0,710,1,383
C03191,CLI02743,2025-12-31,1,12,469.62,4070.3,Loja física,353,0.11537724492052183,2,7,1151.8242857142857,4,1,2,0,198.0,11,11,0,10,10,0.9090909090909091,12.0,25,132,13.2,25.0,0,0,0,0,542,1,353
C03192,CLI01774,2026-01-10,0,24,63.75,4939.18,Loja física,293,0.012907000757210711,1,3,855.02,1,0,0,2,167.0,9,9,0,2,2,0.2222222222222222,0.5555555555555556,4,5,2.5,4.0,0,0,0,0,912,1,296
C03193,CLI00243,2026-01-30,0,12,191.3,4130.16,Loja física,83,0.04631781819590525,1,0,,0,0,0,0,,2,2,0,0,0,0.0,0.0,0,0,,,0,0,0,0,796,1,85
C03194,CLI01261,2026-01-29,0,12,72.44,4868.53,Loja física,173,0.014879234594425833,3,4,734.55,1,0,1,2,95.0,5,5,0,1,1,0.2,0.4,2,2,2.0,2.0,0,0,0,0,643,1,174
C03195,CLI01170,2026-01-23,0,18,140.87,5110.52,Loja física,233,0.02756470965772563,1,1,200.28,0,0,0,1,788.0,7,7,0,2,2,0.2857142857142857,0.42857142857142855,2,3,1.5,2.0,0,0,0,0,810,1,234
C03196,CLI02561,2025-12-15,0,18,52.73,2314.65,Loja física,533,0.02278098200591882,1,1,1387.93,0,0,1,0,616.0,17,17,0,4,4,0.23529411764705882,0.7647058823529411,10,13,3.25,10.0,0,1,0,1,665,1,535
C03197,CLI00801,2026-01-24,0,10,80.77,2863.74,Loja física,173,0.02820437609559527,1,2,589.45,1,0,0,1,120.0,5,5,0,1,1,0.2,0.4,2,2,2.0,2.0,0,0,0,0,871,1,174
C03198,CLI02617,2026-01-24,0,18,169.41,1836.34,Loja física,113,0.09225415772678262,2,1,643.3,0,1,0,0,160.0,3,3,0,1,1,0.3333333333333333,2.6666666666666665,8,8,8.0,8.0,0,0,0,0,797,1,113
C03199,CLI00027,2025-11-03,0,12,126.51,4661.45,Site,353,0.027139623936757878,3,3,1616.1833333333334,2,1,0,0,198.0,11,11,0,4,4,0.36363636363636365,2.5454545454545454,22,28,7.0,22.0,0,1,0,0,637,1,356
C03200,CLI00098,2025-06-08,0,10,155.1,3921.37,Loja física,293,0.03955250333429388,2,4,1068.26,2,2,0,0,54.0,9,9,0,6,6,0.6666666666666666,8.11111111111111,22,73,12.166666666666666,22.0,1,0,0,0,613,1,294
C03202,CLI00731,2025-12-26,0,6,474.76,2224.03,Loja física,173,0.21346834350256064,3,6,1006.7333333333335,1,1,2,2,48.0,5,5,0,4,4,0.8,18.0,26,90,22.5,26.0,2,1,1,0,553,1,175
C03203,CLI00897,2026-01-20,0,18,92.46,2359.64,Loja física,413,0.03918394331338679,2,1,740.14,0,1,0,0,552.0,13,13,0,5,5,0.38461538461538464,4.538461538461538,22,59,11.8,22.0,2,0,0,0,596,1,414
C03204,CLI01657,2025-04-17,1,10,522.15,2627.72,Televendas,293,0.19870838597719698,1,0,,0,0,0,0,,9,9,0,6,6,0.6666666666666666,12.444444444444445,26,112,18.666666666666668,26.0,0,0,0,1,552,1,296
C03205,CLI01762,2025-12-24,1,18,224.06,3130.6,Loja física,533,0.0715709448667987,1,0,,0,0,0,0,,17,17,0,11,11,0.6470588235294118,7.882352941176471,19,134,12.181818181818182,19.0,0,1,0,0,697,1,535
C03206,CLI00164,2025-05-11,1,10,203.85,2783.44,Televendas,293,0.07323671428160837,3,6,468.97333333333336,0,2,1,3,137.0,9,9,0,5,5,0.5555555555555556,7.888888888888889,24,71,14.2,24.0,0,0,0,0,621,1,294
C03207,CLI00650,2026-01-22,1,6,499.64,3413.34,Loja física,173,0.1463786203542571,1,1,1135.69,0,0,0,1,208.0,5,5,0,5,5,1.0,10.4,23,52,10.4,23.0,0,0,0,0,522,1,176
C03208,CLI01656,2025-04-20,0,10,282.3,3142.72,Site,293,0.08982664698095918,3,1,422.35,0,0,1,0,136.0,9,9,0,2,2,0.2222222222222222,0.3333333333333333,2,3,1.5,2.0,0,0,0,0,759,1,293
C03209,CLI01543,2026-01-11,0,10,396.84,4837.21,Loja física,233,0.08203902662898654,2,2,2106.06,2,0,0,0,274.0,7,7,0,3,3,0.42857142857142855,7.428571428571429,24,52,17.333333333333332,24.0,0,0,2,0,780,1,236
C03210,CLI01131,2025-08-07,1,10,305.21,3017.16,Site,293,0.10115804266263638,2,4,1314.0549999999998,1,1,1,1,194.0,9,9,0,7,7,0.7777777777777778,10.0,25,90,12.857142857142858,25.0,1,2,0,1,630,1,294
C03211,CLI00366,2026-01-10,0,24,111.93,3783.3,Loja física,533,0.029585282689715327,1,1,282.47,0,0,0,1,784.0,17,17,0,4,4,0.23529411764705882,2.176470588235294,22,37,9.25,22.0,0,1,0,0,905,1,534
C03212,CLI00515,2026-01-10,0,12,299.43,2990.35,Loja física,353,0.10013209156118849,3,6,1595.8633333333335,1,2,0,3,95.0,11,11,0,3,3,0.2727272727272727,0.36363636363636365,2,4,1.3333333333333333,2.0,0,0,0,0,682,1,354
C03213,CLI00085,2026-01-26,0,24,81.3,2423.03,Loja física,563,0.033553030709483574,4,5,1354.6,0,1,1,3,80.0,18,18,0,10,10,0.5555555555555556,6.166666666666667,24,111,11.1,24.0,0,0,0,0,747,1,563
C03214,CLI01023,2026-01-13,0,10,160.46,2868.58,Televendas,293,0.0559370838533351,1,1,900.9,0,0,1,0,396.0,9,9,0,4,4,0.4444444444444444,6.333333333333333,26,57,14.25,26.0,0,0,0,0,721,1,295
C03215,CLI00651,2025-10-30,0,10,186.96,1379.41,Loja física,293,0.13553620750900747,2,5,920.3979999999999,3,1,1,0,368.0,9,9,0,3,3,0.3333333333333333,0.4444444444444444,2,4,1.3333333333333333,2.0,0,0,0,0,920,1,294
C03216,CLI00996,2025-07-22,0,12,72.82,2300.02,Televendas,353,0.03166059425570212,1,1,580.43,0,0,1,0,637.0,11,11,0,2,2,0.18181818181818182,0.9090909090909091,6,10,5.0,6.0,0,0,0,0,801,1,354
C03217,CLI00137,2025-07-12,0,6,217.14,2165.89,Loja física,173,0.10025439888452323,3,2,1703.0,1,0,1,0,125.0,5,5,0,2,2,0.4,0.6,2,3,1.5,2.0,0,0,0,0,826,1,173
C03218,CLI02788,2025-09-11,0,12,87.3,1501.16,Site,353,0.05815502677929068,1,2,3055.37,0,0,0,2,305.0,11,11,0,7,7,0.6363636363636364,8.090909090909092,22,89,12.714285714285714,22.0,0,1,0,0,563,1,353
C03219,CLI01917,2026-01-26,1,18,105.08,2877.95,Loja física,473,0.03651210062718255,2,1,390.41,0,0,0,1,394.0,15,15,0,7,7,0.4666666666666667,3.4,23,51,7.285714285714286,23.0,0,0,0,0,531,1,475
C03220,CLI01228,2025-06-29,0,12,86.45,2477.75,Loja física,353,0.034890525678539,3,2,1222.54,0,0,0,2,21.0,11,11,0,5,5,0.45454545454545453,0.6363636363636364,2,7,1.4,2.0,0,0,1,0,634,1,353
C03221,CLI02557,2025-06-16,0,10,168.82,2313.47,Loja física,293,0.07297263418155411,1,2,775.6700000000001,1,0,1,0,196.0,9,9,0,7,7,0.7777777777777778,12.222222222222221,26,110,15.714285714285714,26.0,0,0,0,0,756,1,296
C03222,CLI00226,2026-01-25,1,10,262.81,3578.12,Loja física,113,0.07344918560584889,2,2,1338.875,0,0,2,0,43.0,3,3,0,2,2,0.6666666666666666,1.3333333333333333,2,4,2.0,2.0,0,0,0,0,646,1,114
C03223,CLI00360,2026-01-12,1,6,270.81,2649.39,Site,143,0.10221598179203516,2,5,663.146,1,0,1,3,183.0,4,3,1,2,1,0.5,8.75,23,35,12.0,12.0,0,0,0,0,575,1,145
C03224,CLI02638,2026-01-30,0,18,88.61,1678.1,Loja física,533,0.05280376616411418,1,2,1617.3449999999998,0,2,0,0,513.0,17,17,0,8,8,0.47058823529411764,4.9411764705882355,26,84,10.5,26.0,0,1,0,0,509,1,535
C03225,CLI02274,2026-02-03,0,12,102.75,3769.1,Site,263,0.027261149876628372,3,2,696.7049999999999,0,1,0,1,139.0,8,8,0,3,3,0.375,3.125,19,25,8.333333333333334,19.0,0,0,0,0,645,1,265
C03226,CLI00432,2026-01-28,0,18,80.09,2331.15,Loja física,83,0.03435643351993651,2,2,681.03,2,0,0,0,27.0,2,2,0,0,0,0.0,0.0,0,0,,,0,0,0,0,664,1,86
C03227,CLI01852,2026-01-25,0,18,58.55,1627.87,Loja física,83,0.035967245541720164,4,8,714.8612499999999,3,3,0,2,22.0,2,2,0,0,0,0.0,0.0,0,0,,,0,0,0,0,747,1,84
C03228,CLI00682,2026-01-11,0,12,188.12,3207.27,Loja física,293,0.05865424488739645,2,3,381.5,0,1,1,1,103.0,9,9,0,2,2,0.2222222222222222,3.0,26,27,13.5,26.0,0,2,0,0,919,1,294
C03229,CLI02604,2026-01-20,1,10,104.93,1804.63,Loja física,233,0.05814488288458022,4,8,1058.71375,2,3,0,3,20.0,7,7,0,5,5,0.7142857142857143,10.142857142857142,26,71,14.2,26.0,0,0,0,0,555,1,235
C03230,CLI00837,2025-04-19,0,6,241.73,1721.81,Loja física,173,0.14039295857266482,2,2,1082.08,0,0,0,2,145.0,5,5,0,2,2,0.4,0.6,2,3,1.5,2.0,0,0,1,1,683,1,175
C03231,CLI00894,2025-08-10,1,12,258.24,4437.48,Site,353,0.05819519186565349,2,5,1614.1680000000001,1,0,2,2,246.0,11,11,0,9,9,0.8181818181818182,12.0,25,132,14.666666666666666,25.0,3,1,0,0,504,1,356
C03232,CLI00793,2026-01-12,1,24,184.08,900.0,Televendas,203,0.20453333333333334,2,3,1948.93,1,2,0,0,850.0,6,5,1,6,5,1.0,12.0,23,72,9.8,20.0,0,0,1,1,672,1,204
C03233,CLI01573,2026-01-14,1,12,82.39,2701.12,Loja física,263,0.030502162066105912,4,4,636.78,3,0,0,1,296.0,8,8,0,3,3,0.375,7.125,26,57,19.0,26.0,0,0,0,0,747,1,263
C03235,CLI01328,2026-01-19,0,24,79.82,2564.54,Site,563,0.031124490161978366,2,2,480.86,0,0,1,1,354.0,18,18,0,5,5,0.2777777777777778,1.7222222222222223,20,31,6.2,20.0,0,0,0,0,636,1,565
C03237,CLI02362,2026-02-02,1,6,188.03,4505.31,Loja física,83,0.04173519691208818,1,0,,0,0,0,0,,2,2,0,2,2,1.0,4.5,7,9,4.5,7.0,0,0,0,0,794,1,85
C03239,CLI02517,2026-02-05,0,12,138.1,5766.3,Loja física,113,0.02394949967917035,2,1,610.56,1,0,0,0,80.0,3,3,0,0,0,0.0,0.0,0,0,,,0,0,0,0,953,1,116
C03241,CLI02500,2026-01-09,1,24,115.35,4141.58,Loja física,533,0.027851689451851708,2,0,,0,0,0,0,,17,17,0,6,6,0.35294117647058826,2.588235294117647,23,44,7.333333333333333,23.0,0,0,0,0,704,1,534
C03242,CLI00370,2025-10-01,0,12,249.65,2132.86,Loja física,353,0.11704940783736391,3,3,1118.2866666666666,1,1,1,0,104.0,11,11,0,6,6,0.5454545454545454,6.454545454545454,26,71,11.833333333333334,26.0,1,0,1,0,711,1,354
C03243,CLI00404,2026-02-03,1,10,222.72,2476.63,Loja física,203,0.08992865304869924,1,0,,0,0,0,0,,6,6,0,3,3,0.5,2.1666666666666665,10,13,4.333333333333333,10.0,0,0,0,0,594,1,206
C03244,CLI01814,2026-01-11,1,12,316.79,3985.28,Loja física,353,0.07949002328569134,2,1,557.12,1,0,0,0,695.0,11,11,0,2,2,0.18181818181818182,0.18181818181818182,1,2,1.0,1.0,1,0,0,0,632,1,355
C03245,CLI00153,2026-02-02,0,24,55.81,3655.77,Televendas,563,0.015266277692524421,2,2,750.74,0,0,0,2,229.0,18,18,0,12,12,0.6666666666666666,8.11111111111111,26,146,12.166666666666666,26.0,0,0,1,0,637,1,566
C03246,CLI02773,2025-05-21,0,10,141.66,1653.56,Loja física,293,0.08566970657248603,4,6,571.1783333333334,1,2,2,1,203.0,9,9,0,1,1,0.1111111111111111,0.2222222222222222,2,2,2.0,2.0,0,0,1,0,723,1,293
C03247,CLI00463,2025-05-10,1,10,134.78,2276.11,Loja física,293,0.05921506429829841,1,3,1466.0166666666667,0,3,0,0,73.0,9,9,0,5,5,0.5555555555555556,7.111111111111111,18,64,12.8,18.0,0,0,1,0,583,1,293
C03248,CLI01516,2026-02-05,0,18,157.33,2424.0,Loja física,443,0.06490511551155116,2,2,805.5849999999999,1,1,0,0,291.0,14,14,0,10,10,0.7142857142857143,8.214285714285714,26,115,11.5,26.0,0,1,0,0,551,1,445
C03249,CLI01806,2025-08-27,1,10,295.13,2913.82,Loja física,293,0.10128628398459753,1,0,,0,0,0,0,,9,9,0,7,7,0.7777777777777778,14.333333333333334,24,129,18.428571428571427,24.0,0,2,0,0,608,1,295
C03250,CLI02657,2026-02-06,0,12,36.99,3401.34,Loja física,233,0.010875125685759142,3,6,1019.8866666666667,1,4,0,1,142.0,7,7,0,4,4,0.5714285714285714,6.142857142857143,26,43,10.75,26.0,2,0,0,0,761,1,234
C03251,CLI01408,2025-07-31,0,12,148.82,5768.25,Site,353,0.02579985264161574,2,2,420.47999999999996,1,0,0,1,378.0,11,11,0,4,4,0.36363636363636365,0.45454545454545453,2,5,1.25,2.0,0,0,0,0,824,1,355
C03252,CLI01798,2026-01-21,0,18,98.13,2797.0,Loja física,353,0.03508401859134787,1,2,1831.27,0,1,0,1,254.0,11,11,0,3,3,0.2727272727272727,2.1818181818181817,22,24,8.0,22.0,0,0,0,0,525,1,354
C03253,CLI02270,2025-09-14,0,10,84.35,3390.85,Loja física,293,0.024875768612589763,1,1,1401.91,0,0,0,1,590.0,9,9,0,2,2,0.2222222222222222,0.4444444444444444,2,4,2.0,2.0,0,0,0,0,740,1,295
C03254,CLI01229,2025-06-30,0,12,170.55,2480.39,Loja física,353,0.06875934832828709,3,3,890.19,0,1,2,0,63.0,11,11,0,2,2,0.18181818181818182,0.2727272727272727,2,3,1.5,2.0,0,0,1,0,871,1,355
C03255,CLI00268,2026-01-12,1,10,174.28,915.81,Loja física,233,0.19030148174839762,2,0,,0,0,0,0,,7,7,0,2,2,0.2857142857142857,1.0,4,7,3.5,4.0,2,0,0,0,677,1,235
C03256,CLI02698,2025-09-10,1,12,387.84,4803.79,Site,353,0.08073625200102419,4,1,634.56,1,0,0,0,173.0,11,11,0,7,7,0.6363636363636364,8.363636363636363,22,92,13.142857142857142,22.0,0,0,0,0,629,1,353
C03257,CLI01500,2025-08-12,0,12,134.67,1391.82,Loja física,353,0.09675820149157219,2,3,999.7966666666667,0,0,1,2,89.0,11,11,0,1,1,0.09090909090909091,0.9090909090909091,10,10,10.0,10.0,0,0,0,0,664,1,354
C03258,CLI01446,2026-01-23,0,12,171.27,5751.74,Loja física,83,0.02977707615434634,2,5,1019.9440000000001,2,2,0,1,202.0,2,2,0,0,0,0.0,0.0,0,0,,,0,0,0,0,746,1,84
C03259,CLI01257,2026-01-20,0,12,189.5,5536.9,Televendas,353,0.034224927305893195,3,1,647.22,0,1,0,0,770.0,11,11,0,3,3,0.2727272727272727,0.36363636363636365,2,4,1.3333333333333333,2.0,1,0,1,0,717,1,355
C03260,CLI02771,2026-02-05,0,24,119.83,2977.1,Loja física,173,0.040250579422928354,1,1,488.71,0,0,0,1,738.0,5,5,0,0,0,0.0,0.0,0,0,,,1,0,0,0,742,1,174
C03261,CLI00629,2025-06-15,1,10,74.69,2615.62,Site,293,0.028555371193063214,1,0,,0,0,0,0,,9,9,0,3,3,0.3333333333333333,4.222222222222222,16,38,12.666666666666666,16.0,0,1,3,1,647,1,293
C03262,CLI00086,2026-01-09,0,12,153.61,2510.77,Site,143,0.06118043468736683,2,1,1331.5,1,0,0,0,318.0,4,4,0,4,4,1.0,8.0,22,32,8.0,22.0,0,0,0,0,777,1,144
C03263,CLI01176,2026-01-16,0,6,195.6,2566.12,Televendas,173,0.07622402693560706,1,1,1712.14,0,0,0,1,569.0,5,5,0,2,2,0.4,5.4,26,27,13.5,26.0,0,0,0,0,729,1,173
C03264,CLI02349,2025-07-21,1,12,445.28,1758.04,Site,353,0.2532820641168574,1,2,1012.6299999999999,0,1,1,0,100.0,11,11,0,8,8,0.7272727272727273,6.909090909090909,20,76,9.5,20.0,0,1,0,0,453,1,354
C03266,CLI00666,2026-02-04,0,12,142.35,5401.34,Loja física,353,0.02635457127305446,2,2,970.055,0,0,1,1,508.0,11,11,0,6,6,0.5454545454545454,7.090909090909091,26,78,13.0,26.0,1,1,0,0,855,1,356
C03267,CLI00402,2026-01-21,1,12,180.7,1915.54,Loja física,323,0.09433371268676195,2,6,1246.2316666666666,3,1,1,1,44.0,10,10,0,8,8,0.8,5.1,20,51,6.375,20.0,0,1,0,0,701,1,324
C03268,CLI02261,2026-01-25,0,18,165.77,3499.47,Loja física,293,0.04737003031887686,2,4,710.1,1,0,1,2,56.0,9,9,0,1,1,0.1111111111111111,0.2222222222222222,2,2,2.0,2.0,0,0,0,0,601,1,293
C03269,CLI00883,2026-01-27,1,18,92.47,2763.11,Site,83,0.03346591340916576,2,3,379.43,3,0,0,0,181.0,2,2,0,2,2,1.0,17.0,20,34,17.0,20.0,0,0,0,0,644,1,86
C03270,CLI00088,2026-01-08,1,24,118.13,2035.61,Televendas,83,0.058031744784118766,4,4,826.7149999999999,1,2,0,1,179.0,2,2,0,1,1,0.5,11.0,22,22,22.0,22.0,0,0,0,0,489,1,84
C03271,CLI02434,2025-07-01,0,12,179.77,3196.77,Loja física,353,0.05623488708915562,2,5,732.694,1,1,1,2,43.0,11,11,0,4,4,0.36363636363636365,2.909090909090909,23,32,8.0,23.0,0,1,1,0,709,1,353
C03273,CLI00352,2026-02-04,1,12,167.12,4302.54,Loja física,83,0.03884217229822384,1,0,,0,0,0,0,,2,2,0,2,2,1.0,12.0,12,24,12.0,12.0,0,0,0,0,699,1,84
C03274,CLI00212,2025-01-31,0,6,190.29,2777.17,Loja física,173,0.068519392042979,1,1,228.66,1,0,0,0,23.0,5,5,0,0,0,0.0,0.0,0,0,,,2,0,0,0,696,1,173
C03276,CLI00558,2026-01-27,1,10,800.92,5542.6,Loja física,83,0.1445025800165987,3,2,1252.595,1,1,0,0,84.0,2,2,0,2,2,1.0,11.5,21,23,11.5,21.0,0,0,0,0,450,1,85
C03278,CLI01087,2026-01-20,0,12,212.55,2277.45,Televendas,293,0.09332806428242114,4,4,678.805,2,0,0,2,71.0,9,9,0,4,4,0.4444444444444444,1.3333333333333333,7,12,3.0,7.0,0,0,0,0,859,1,295
C03280,CLI02653,2025-08-27,1,10,483.9,2786.83,Site,293,0.1736381480032869,1,2,594.135,1,1,0,0,513.0,9,9,0,4,4,0.4444444444444444,5.666666666666667,24,51,12.75,24.0,3,0,0,0,738,1,294
C03282,CLI01629,2026-01-26,1,24,46.45,2091.49,Loja física,203,0.02220904713864279,2,2,760.375,0,0,1,1,671.0,6,6,0,5,5,0.8333333333333334,10.666666666666666,25,64,12.8,25.0,2,0,0,0,637,1,206
C03283,CLI00105,2026-01-20,1,10,824.11,2800.23,Site,143,0.29430082528935125,1,0,,0,0,0,0,,4,4,0,4,4,1.0,23.0,26,92,23.0,26.0,1,0,0,0,658,1,143
C03284,CLI01303,2025-08-16,0,6,244.02,4197.78,Site,173,0.05813072624101311,3,8,1486.625,4,2,0,2,52.0,5,5,0,2,2,0.4,0.8,2,4,2.0,2.0,0,1,1,1,751,1,175
C03286,CLI00021,2026-01-15,1,18,81.56,3272.49,Loja física,503,0.024922918022667755,3,2,410.72,1,0,0,1,543.0,16,16,0,5,5,0.3125,4.0625,26,65,13.0,26.0,0,1,0,0,719,1,504
C03287,CLI00825,2026-01-22,1,12,182.67,2161.76,Site,233,0.08450059211013247,2,2,1782.65,1,0,1,0,56.0,7,7,0,3,3,0.42857142857142855,4.428571428571429,19,31,10.333333333333334,19.0,0,1,0,0,772,1,233
C03288,CLI02419,2026-01-16,0,12,155.93,3276.93,Loja física,143,0.04758417177052913,2,4,978.9425,1,1,0,2,193.0,4,4,0,1,1,0.25,0.25,1,1,1.0,1.0,0,1,0,0,872,1,145
C03289,CLI00922,2026-02-03,1,12,88.36,3989.28,Loja física,143,0.022149360285565314,3,1,805.81,0,1,0,0,186.0,4,4,0,1,1,0.25,6.5,26,26,26.0,26.0,0,0,1,0,628,1,143
C03290,CLI02553,2026-02-02,0,12,74.92,3480.7,Loja física,173,0.02152440601028529,3,6,673.72,1,1,1,3,116.0,5,5,0,0,0,0.0,0.0,0,0,,,0,0,1,0,791,1,174
C03291,CLI00685,2026-02-02,0,18,41.85,2404.25,Loja física,203,0.017406675678486014,1,2,645.275,1,1,0,0,154.0,6,6,0,4,4,0.6666666666666666,3.6666666666666665,10,22,5.5,10.0,0,0,0,0,731,1,203
C03292,CLI01550,2026-01-17,0,12,87.49,3586.39,Televendas,233,0.02439500444736908,1,1,514.35,0,0,0,1,860.0,7,7,0,2,2,0.2857142857142857,1.7142857142857142,10,12,6.0,10.0,0,0,0,0,667,1,233
C03293,CLI02351,2026-01-13,1,12,195.3,4323.22,Loja física,113,0.045174661479175246,1,0,,0,0,0,0,,3,3,0,1,1,0.3333333333333333,0.3333333333333333,1,1,1.0,1.0,0,1,0,0,601,1,116
C03294,CLI01891,2025-03-18,0,6,303.3,2897.9,Loja física,173,0.1046619966182408,1,1,1713.02,1,0,0,0,773.0,5,5,0,3,3,0.6,1.2,2,6,2.0,2.0,0,0,0,0,653,1,173
C03295,CLI01693,2025-12-20,0,10,219.32,5269.05,Loja física,293,0.04162420170618992,2,2,799.5150000000001,1,1,0,0,230.0,9,9,0,5,5,0.5555555555555556,1.4444444444444444,8,13,2.6,8.0,0,0,0,0,772,1,296
C03296,CLI01410,2026-01-30,0,12,107.48,3089.74,Site,293,0.03478609850667047,2,4,1337.9675,0,1,3,0,329.0,9,9,0,3,3,0.3333333333333333,0.5555555555555556,2,5,1.6666666666666667,2.0,0,1,0,0,902,1,293
C03297,CLI02436,2025-04-23,0,10,89.9,2796.1,Televendas,293,0.03215192589678481,1,3,527.13,1,1,0,1,375.0,9,9,0,4,4,0.4444444444444444,7.333333333333333,22,66,16.5,22.0,3,0,0,0,616,1,293
C03298,CLI02318,2026-01-16,0,24,65.21,4664.64,Loja física,413,0.013979642587638058,2,2,356.29999999999995,0,0,2,0,262.0,13,13,0,1,1,0.07692307692307693,0.15384615384615385,2,2,2.0,2.0,0,0,0,1,765,1,414
C03299,CLI01228,2025-08-12,1,10,349.64,2833.52,Site,293,0.12339422343939693,3,2,1222.54,0,0,0,2,65.0,9,9,0,8,8,0.8888888888888888,11.333333333333334,18,102,12.75,18.0,1,0,0,0,418,1,294
C03300,CLI01496,2026-01-27,0,18,72.34,3994.33,Loja física,203,0.018110671877386197,1,1,1133.99,0,0,0,1,505.0,6,6,0,2,2,0.3333333333333333,1.8333333333333333,6,11,5.5,6.0,1,0,0,0,725,1,205
C03301,CLI00588,2025-01-15,1,6,634.91,989.16,Loja física,173,0.6418678474665372,1,4,838.2225,3,1,0,0,110.0,5,5,0,5,5,1.0,17.2,26,86,17.2,26.0,0,1,1,0,386,1,176
C03302,CLI02510,2026-02-03,0,18,147.14,4912.5,Loja física,173,0.02995216284987277,2,1,2761.44,0,1,0,0,839.0,5,5,0,0,0,0.0,0.0,0,0,,,0,0,1,0,518,1,176
C03306,CLI02775,2025-08-04,1,6,625.42,1991.8,Loja física,173,0.31399738929611404,2,4,833.9000000000001,1,2,1,0,182.0,5,5,0,5,5,1.0,11.0,18,55,11.0,18.0,0,0,0,0,600,1,175
C03307,CLI01723,2025-06-03,0,10,76.63,3957.4,Loja física,293,0.01936372365694648,1,1,799.48,0,0,1,0,123.0,9,9,0,4,4,0.4444444444444444,0.7777777777777778,2,7,1.75,2.0,1,0,1,0,876,1,296
C03308,CLI01764,2026-01-31,0,18,194.79,5324.5,Loja física,533,0.036583716780918395,1,3,1411.5166666666667,0,0,1,2,367.0,17,17,0,6,6,0.35294117647058826,1.0,10,17,2.8333333333333335,10.0,0,0,0,0,792,1,535
C03309,CLI00437,2025-12-06,0,12,111.44,1796.55,Site,353,0.062030001948178454,2,5,1014.55,0,0,3,2,359.0,11,11,0,4,4,0.36363636363636365,4.181818181818182,26,46,11.5,26.0,0,0,0,0,618,1,355
C03310,CLI01552,2026-01-13,0,12,203.96,3681.39,Loja física,83,0.055402986371995366,2,5,622.994,0,1,2,2,150.0,2,2,0,0,0,0.0,0.0,0,0,,,1,0,0,0,780,1,86
C03311,CLI02564,2026-01-21,0,10,190.02,3237.47,Site,203,0.05869398017587808,3,7,977.767142857143,4,2,1,0,0.0,6,6,0,0,0,0.0,0.0,0,0,,,0,0,0,0,819,1,206
C03312,CLI01357,2026-01-17,1,18,111.46,3196.44,Site,533,0.03487004292275156,1,2,655.5699999999999,1,1,0,0,373.0,17,17,0,9,9,0.5294117647058824,7.705882352941177,26,131,14.555555555555555,26.0,1,0,0,0,692,1,533
C03313,CLI02196,2025-12-08,0,12,408.56,5833.31,Loja física,353,0.07003913729940633,2,2,1001.87,1,0,1,0,279.0,11,10,1,5,4,0.45454545454545453,2.909090909090909,23,32,2.25,4.0,1,0,0,0,785,1,355
C03314,CLI01594,2026-01-17,1,24,43.38,2412.26,Loja física,563,0.017983136146186563,2,3,522.2066666666666,1,1,1,0,645.0,18,18,0,9,9,0.5,7.166666666666667,26,129,14.333333333333334,26.0,0,0,1,0,718,1,563
C03315,CLI00059,2025-09-20,0,12,136.92,3775.74,Televendas,353,0.03626309014921578,1,0,,0,0,0,0,,11,11,0,1,1,0.09090909090909091,2.272727272727273,25,25,25.0,25.0,1,0,1,0,652,1,356
C03316,CLI01373,2026-01-14,0,18,120.3,6486.25,Loja física,233,0.018546926190017344,2,2,437.59,1,0,1,0,119.0,7,7,0,1,1,0.14285714285714285,0.14285714285714285,1,1,1.0,1.0,0,0,2,0,711,1,234
C03317,CLI00441,2025-10-10,1,12,128.07,1931.13,Site,353,0.06631868387938668,1,0,,0,0,0,0,,11,11,0,6,6,0.5454545454545454,5.7272727272727275,26,63,10.5,26.0,1,0,0,1,637,1,356
C03318,CLI02424,2026-01-23,0,18,175.88,2280.08,Loja física,293,0.07713764429318269,1,3,1540.5766666666666,2,1,0,0,161.0,9,9,0,3,3,0.3333333333333333,1.2222222222222223,6,11,3.6666666666666665,6.0,0,0,0,0,746,1,294
C03319,CLI00426,2026-01-08,0,18,189.94,3775.9,Loja física,443,0.05030323896289626,3,1,316.84,0,0,0,1,721.0,14,14,0,5,5,0.35714285714285715,3.7142857142857144,26,52,10.4,26.0,2,0,2,0,650,1,445
C03320,CLI02757,2026-01-11,1,24,97.55,6166.3,Loja física,443,0.015819859559217032,1,2,1461.48,2,0,0,0,33.0,14,14,0,12,12,0.8571428571428571,13.214285714285714,25,185,15.416666666666666,25.0,0,0,0,0,588,1,446
C03321,CLI01605,2026-01-24,0,18,69.54,2048.54,Site,353,0.033946127485916806,2,4,1125.53,1,0,1,2,264.0,11,11,0,4,4,0.36363636363636365,3.5454545454545454,18,39,9.75,18.0,0,0,0,0,673,1,353
C03322,CLI01100,2026-01-30,0,10,142.47,3599.45,Loja física,203,0.03958104710441873,5,6,782.315,1,2,3,0,97.0,6,6,0,3,3,0.5,0.8333333333333334,2,5,1.6666666666666667,2.0,0,0,0,0,777,1,206
C03324,CLI00167,2026-01-11,0,18,143.53,2343.13,Loja física,323,0.06125567083345781,1,0,,0,0,0,0,,10,10,0,3,3,0.3,2.7,24,27,9.0,24.0,0,0,0,0,802,1,325
C03325,CLI01988,2026-01-19,0,24,98.64,2180.19,Loja física,203,0.04524376315825685,2,2,1436.225,0,0,2,0,722.0,6,6,0,2,2,0.3333333333333333,2.6666666666666665,10,16,8.0,10.0,0,1,0,1,829,1,206
C03326,CLI02746,2026-02-03,0,24,168.0,3857.94,Loja física,353,0.04354655593399586,5,8,825.5425,2,3,1,2,19.0,11,11,0,1,1,0.09090909090909091,0.18181818181818182,2,2,2.0,2.0,0,0,0,0,641,1,355
C03327,CLI01180,2025-12-31,0,12,169.11,3258.89,Loja física,353,0.051891901843879366,3,7,854.5414285714286,0,3,2,2,35.0,11,11,0,2,2,0.18181818181818182,0.2727272727272727,2,3,1.5,2.0,0,0,0,0,900,1,355
C03328,CLI01329,2025-12-08,1,18,191.39,3109.58,Loja física,533,0.0615485049427897,1,0,,0,0,0,0,,17,17,0,3,3,0.17647058823529413,0.4117647058823529,4,7,2.3333333333333335,4.0,0,0,0,0,802,1,534
C03329,CLI00113,2025-06-26,0,10,179.74,5508.92,Loja física,293,0.03262708480065058,1,1,2371.49,0,0,1,0,742.0,9,9,0,1,1,0.1111111111111111,0.2222222222222222,2,2,2.0,2.0,0,0,1,0,806,1,295
C03331,CLI00233,2026-01-22,1,24,97.99,2008.43,Loja física,83,0.048789352877620824,1,0,,0,0,0,0,,2,2,0,2,2,1.0,11.0,13,22,11.0,13.0,0,0,0,0,677,1,83
C03332,CLI02765,2026-02-03,1,24,89.84,1927.51,Site,563,0.04660935611228995,3,3,1412.6499999999999,0,0,3,0,376.0,18,18,0,5,5,0.2777777777777778,0.3333333333333333,2,6,1.2,2.0,1,0,0,1,782,1,566
C03333,CLI00842,2025-05-18,1,10,296.47,2907.0,Loja física,293,0.10198486412108704,2,1,270.68,1,0,0,0,420.0,9,9,0,5,5,0.5555555555555556,4.888888888888889,26,44,8.8,26.0,0,1,0,0,648,1,296
C03334,CLI01114,2026-01-18,0,18,196.85,1865.96,Televendas,113,0.10549529464725932,3,3,884.9466666666667,1,0,0,2,549.0,3,3,0,2,2,0.6666666666666666,1.6666666666666667,4,5,2.5,4.0,1,0,0,0,750,1,114
C03336,CLI02429,2026-01-17,0,18,349.8,2996.75,Site,503,0.11672645365812964,1,0,,0,0,0,0,,16,16,0,7,7,0.4375,2.75,22,44,6.285714285714286,22.0,0,0,0,0,517,1,505
C03337,CLI01137,2025-08-27,0,12,178.8,3118.86,Site,353,0.05732863931051731,2,1,156.36,1,0,0,0,64.0,11,11,0,2,2,0.18181818181818182,2.1818181818181817,23,24,12.0,23.0,1,0,0,0,803,1,355
C03338,CLI02597,2026-01-12,0,18,777.78,2519.47,Site,533,0.308707783779922,3,4,891.2675,1,2,1,0,207.0,17,17,0,6,6,0.35294117647058826,1.9411764705882353,16,33,5.5,16.0,1,0,1,0,782,1,534
C03339,CLI01602,2025-12-14,0,12,240.43,3655.64,Loja física,353,0.06576960532218709,1,2,517.72,1,0,1,0,586.0,11,11,0,5,5,0.45454545454545453,2.8181818181818183,25,31,6.2,25.0,0,0,1,0,759,1,356
C03340,CLI02634,2026-02-02,0,12,97.5,3378.71,Site,293,0.028857167380449935,3,5,1598.5659999999998,3,1,0,1,123.0,9,9,0,3,3,0.3333333333333333,3.111111111111111,25,28,9.333333333333334,25.0,0,0,0,0,710,1,296
C03341,CLI00214,2026-02-03,0,18,97.49,4050.31,Loja física,353,0.02406976256138419,4,5,840.5380000000001,1,1,2,1,129.0,11,11,0,5,5,0.45454545454545453,4.909090909090909,21,54,10.8,21.0,2,0,0,0,720,1,353
C03342,CLI00197,2026-01-25,1,12,350.12,4129.37,Televendas,203,0.08478775212683776,1,0,,0,0,0,0,,6,6,0,5,5,0.8333333333333334,5.333333333333333,13,32,6.4,13.0,1,3,0,0,649,1,204
C03343,CLI00715,2026-02-05,0,10,210.04,1756.84,Televendas,173,0.11955556567473419,3,5,301.91400000000004,0,2,2,1,222.0,5,5,0,4,4,0.8,4.6,20,23,5.75,20.0,0,0,0,0,775,1,173
C03344,CLI01888,2026-02-02,0,10,98.45,3832.57,Loja física,113,0.02568772390328161,2,1,269.56,0,1,0,0,781.0,3,3,0,1,1,0.3333333333333333,0.6666666666666666,2,2,2.0,2.0,0,0,0,0,934,1,115
C03345,CLI01350,2026-01-25,1,18,42.6,2150.73,Loja física,383,0.019807228243433627,2,3,771.3000000000001,1,0,1,1,265.0,12,12,0,8,8,0.6666666666666666,5.25,26,63,7.875,26.0,0,0,1,0,709,1,383
C03346,CLI00208,2025-12-27,0,10,168.26,1788.16,Site,293,0.09409672512526843,1,1,591.59,0,0,0,1,534.0,9,9,0,4,4,0.4444444444444444,4.666666666666667,23,42,10.5,23.0,0,1,1,0,731,1,293
C03349,CLI02219,2026-01-18,1,10,289.87,2372.87,Loja física,173,0.12216008462326214,2,3,810.8566666666667,0,0,2,1,503.0,5,5,0,2,2,0.4,1.6,6,8,4.0,6.0,0,0,0,0,624,1,174
C03350,CLI02321,2026-01-29,0,12,140.04,4744.8,Loja física,263,0.0295144157814871,4,7,945.5257142857143,2,1,2,2,124.0,8,8,0,5,5,0.625,6.125,20,49,9.8,20.0,0,1,0,0,823,1,266
C03351,CLI02238,2026-01-10,0,12,109.78,6257.68,Loja física,173,0.017543242863169738,3,5,653.824,2,0,1,2,66.0,5,5,0,2,2,0.4,4.6,21,23,11.5,21.0,0,0,0,0,674,1,176
C03352,CLI02222,2025-09-01,1,10,439.82,2085.63,Site,293,0.2108811246481878,2,3,510.4266666666667,1,0,1,1,59.0,9,9,0,8,8,0.8888888888888888,12.11111111111111,24,109,13.625,24.0,0,0,0,0,561,1,296
C03353,CLI01212,2024-12-20,1,6,545.49,4084.22,Televendas,173,0.13356038607126944,1,1,357.7,0,0,0,1,824.0,5,5,0,4,4,0.8,12.8,24,64,16.0,24.0,2,0,0,0,709,1,173
C03354,CLI01333,2025-08-07,1,12,193.27,3048.07,Loja física,353,0.0634073364456853,1,1,3447.03,0,1,0,0,225.0,11,11,0,4,4,0.36363636363636365,3.727272727272727,15,41,10.25,15.0,0,0,0,0,690,1,356
C03355,CLI00969,2026-01-21,0,12,145.01,1591.47,Loja física,173,0.09111701760008042,2,1,572.65,0,1,0,0,877.0,5,5,0,3,3,0.6,7.0,19,35,11.666666666666666,19.0,0,1,0,0,845,1,176
C03356,CLI00144,2026-02-05,0,12,134.49,2996.88,Site,233,0.044876671738608154,1,2,541.005,0,0,2,0,338.0,7,7,0,2,2,0.2857142857142857,0.2857142857142857,1,2,1.0,1.0,0,0,0,1,637,1,234
C03357,CLI00046,2026-01-08,1,24,157.18,4862.69,Loja física,383,0.03232367269967858,1,0,,0,0,0,0,,12,12,0,8,8,0.6666666666666666,5.666666666666667,23,68,8.5,23.0,1,1,1,0,597,1,386
C03358,CLI01389,2026-01-03,0,10,129.83,2247.34,Loja física,293,0.0577705198145363,3,3,1322.3233333333333,0,0,1,2,19.0,9,9,0,4,4,0.4444444444444444,1.3333333333333333,6,12,3.0,6.0,0,0,1,0,652,1,293
C03359,CLI02052,2025-07-26,0,12,161.17,3321.09,Loja física,353,0.04852924792763821,3,0,,0,0,0,0,,11,11,0,3,3,0.2727272727272727,2.8181818181818183,11,31,10.333333333333334,11.0,2,1,0,0,767,1,354
C03360,CLI00560,2026-01-20,0,10,500.72,4518.23,Loja física,263,0.11082215823452991,3,4,497.7575,2,2,0,0,49.0,8,8,0,3,3,0.375,0.5,2,4,1.3333333333333333,2.0,0,0,0,0,746,1,266
C03361,CLI01880,2026-01-19,0,10,96.45,3007.44,Televendas,83,0.03207046524618945,4,7,657.6528571428571,3,1,2,1,368.0,2,2,0,1,1,0.5,0.5,1,1,1.0,1.0,1,0,0,0,710,1,86
C03362,CLI02258,2025-03-20,0,6,277.61,4782.3,Loja física,173,0.05804947410241934,1,1,340.01,0,0,0,1,108.0,5,5,0,3,3,0.6,0.6,1,3,1.0,1.0,0,1,0,0,891,1,175
C03363,CLI01177,2026-02-06,0,18,152.31,2814.86,Site,533,0.054109262982883696,3,4,681.98,0,2,0,2,217.0,17,17,0,8,8,0.47058823529411764,4.411764705882353,24,75,9.375,24.0,1,0,0,1,659,1,535
C03364,CLI02001,2026-01-11,0,18,68.78,2200.35,Loja física,353,0.03125866339445997,1,0,,0,0,0,0,,11,11,0,5,5,0.45454545454545453,0.7272727272727273,2,8,1.6,2.0,1,0,0,1,753,1,356
C03365,CLI00390,2025-04-17,0,10,74.91,1225.55,Loja física,293,0.06112357716943413,1,0,,0,0,0,0,,9,9,0,5,5,0.5555555555555556,3.111111111111111,9,28,5.6,9.0,0,1,0,0,602,1,296
C03366,CLI02373,2026-01-27,1,12,86.97,2711.84,Televendas,173,0.03207047613428521,4,3,1261.68,2,0,0,1,745.0,5,5,0,0,0,0.0,0.0,0,0,,,0,0,0,0,846,1,174
C03367,CLI02627,2026-01-08,1,18,234.4,1982.33,Loja física,413,0.118244691852517,2,0,,0,0,0,0,,13,13,0,12,12,0.9230769230769231,15.538461538461538,25,202,16.833333333333332,25.0,0,0,0,0,710,1,414
C03368,CLI01773,2025-09-05,0,12,75.2,4060.63,Loja física,353,0.018519293804163395,3,4,637.95,2,1,0,1,164.0,11,11,0,6,6,0.5454545454545454,4.0,20,44,7.333333333333333,20.0,0,1,0,0,766,1,353
C03369,CLI00627,2026-02-03,1,12,317.59,2367.83,Site,353,0.13412702770046836,3,3,408.36666666666673,0,1,0,2,48.0,11,11,0,8,8,0.7272727272727273,2.272727272727273,8,25,3.125,8.0,1,0,1,0,784,1,353
C03370,CLI00236,2026-01-29,1,12,258.28,2501.73,Loja física,353,0.10324055753418633,3,7,1090.757142857143,3,2,1,1,37.0,11,11,0,2,2,0.18181818181818182,2.3636363636363638,25,26,13.0,25.0,0,0,0,0,824,1,355
C03371,CLI01587,2025-12-17,0,12,100.7,2142.76,Loja física,353,0.04699546379435868,2,2,1241.64,0,1,0,1,16.0,11,11,0,5,5,0.45454545454545453,5.454545454545454,24,60,12.0,24.0,0,0,1,0,521,1,353
C03372,CLI02055,2026-01-19,0,18,110.18,3191.32,Site,353,0.034524898787962346,1,2,676.765,0,0,1,1,71.0,11,11,0,6,6,0.5454545454545454,5.636363636363637,25,62,10.333333333333334,25.0,0,1,0,0,764,1,353
C03373,CLI00545,2026-01-30,1,12,363.76,1686.26,Site,293,0.21571999573019582,1,0,,0,0,0,0,,9,9,0,9,9,1.0,11.222222222222221,23,101,11.222222222222221,23.0,0,1,0,0,585,1,293
C03374,CLI00627,2025-09-11,1,10,350.0,1438.74,Loja física,293,0.24326841541904723,3,2,423.32500000000005,0,1,0,1,192.0,9,9,0,8,8,0.8888888888888888,13.222222222222221,21,119,14.875,21.0,0,1,0,0,550,1,293
C03376,CLI00950,2025-12-12,0,12,159.85,3519.73,Site,353,0.0454154153869757,1,3,777.1466666666665,0,1,2,0,302.0,11,11,0,2,2,0.18181818181818182,0.2727272727272727,2,3,1.5,2.0,0,0,0,1,820,1,355
C03378,CLI01626,2025-12-11,1,10,369.11,2244.85,Loja física,293,0.16442523999376352,1,1,740.3,0,1,0,0,159.0,9,9,0,9,9,1.0,11.444444444444445,25,103,11.444444444444445,25.0,0,0,0,1,515,1,296
C03379,CLI01960,2026-01-29,0,10,421.33,3038.03,Loja física,113,0.13868526643910692,1,1,304.52,0,0,1,0,315.0,3,3,0,0,0,0.0,0.0,0,0,,,1,0,0,0,567,1,115
C03380,CLI02447,2026-01-20,1,12,100.44,2793.66,Loja física,173,0.03595283606451752,3,4,371.325,2,1,1,0,224.0,5,5,0,3,3,0.6,6.2,24,31,10.333333333333334,24.0,0,0,0,0,642,1,176
C03381,CLI02024,2026-01-30,0,18,55.72,4496.27,Televendas,233,0.012392494222989277,1,1,652.38,0,1,0,0,527.0,7,7,0,3,3,0.42857142857142855,2.7142857142857144,16,19,6.333333333333333,16.0,0,0,0,0,947,1,235
C03382,CLI01185,2026-01-18,1,10,157.16,4887.05,Site,263,0.032158459602418636,2,1,277.79,0,1,0,0,516.0,8,8,0,4,4,0.5,8.25,26,66,16.5,26.0,1,0,0,0,668,1,263
C03383,CLI01646,2026-01-16,0,24,63.42,3469.47,Loja física,203,0.018279449022473176,3,1,141.35,0,1,0,0,1043.0,6,6,0,1,1,0.16666666666666666,0.3333333333333333,2,2,2.0,2.0,0,1,1,1,803,1,204
C03384,CLI00310,2026-01-16,0,18,126.58,3075.72,Loja física,293,0.041154591445255094,2,4,1200.4825,3,1,0,0,225.0,9,9,0,7,7,0.7777777777777778,6.777777777777778,18,61,8.714285714285714,18.0,0,0,0,0,789,1,294
C03385,CLI00443,2025-07-24,1,6,282.1,3502.74,Loja física,173,0.0805369510725889,1,2,1504.1,0,1,0,1,776.0,5,5,0,3,3,0.6,4.4,18,22,7.333333333333333,18.0,0,0,0,0,637,1,176
C03386,CLI00814,2025-10-08,1,12,180.61,1736.35,Loja física,353,0.10401704725429782,1,1,866.88,0,1,0,0,359.0,11,11,0,11,11,1.0,8.181818181818182,19,90,8.181818181818182,19.0,1,0,0,1,580,1,353
C03387,CLI01124,2026-01-26,1,12,102.82,5801.93,Loja física,203,0.017721689162054695,3,6,855.5583333333333,3,1,2,0,157.0,6,6,0,2,2,0.3333333333333333,5.0,26,30,15.0,26.0,0,0,0,0,606,1,204
C03388,CLI01910,2026-01-13,1,18,152.69,4172.16,Televendas,413,0.036597350053689214,2,2,1251.7,0,1,0,1,512.0,13,13,0,6,6,0.46153846153846156,5.0,24,65,10.833333333333334,24.0,0,0,1,1,737,1,416
C03389,CLI02587,2026-02-03,1,10,250.37,1409.05,Loja física,233,0.17768709414144282,1,1,775.89,0,0,0,1,878.0,7,7,0,7,7,1.0,6.142857142857143,20,43,6.142857142857143,20.0,1,1,0,0,485,1,235
C03390,CLI02051,2026-01-10,1,10,95.12,3484.48,Site,113,0.027298190834787402,2,0,,0,0,0,0,,3,3,0,2,2,0.6666666666666666,5.666666666666667,10,17,8.5,10.0,0,0,0,0,578,1,116
C03391,CLI01085,2026-01-08,0,12,147.17,2863.45,Televendas,233,0.05139604323455971,2,2,1123.3400000000001,1,1,0,0,14.0,7,7,0,3,3,0.42857142857142855,4.142857142857143,26,29,9.666666666666666,26.0,1,0,0,0,741,1,233
C03392,CLI02563,2025-08-22,0,12,131.3,1464.06,Loja física,353,0.08968211685313444,3,2,1323.02,0,1,0,1,775.0,11,11,0,4,4,0.36363636363636365,0.6363636363636364,2,7,1.75,2.0,0,0,0,0,795,1,353
C03393,CLI01036,2026-01-08,0,24,150.84,1695.59,Loja física,113,0.08896018495037127,1,3,545.2566666666667,2,0,1,0,326.0,3,3,0,1,1,0.3333333333333333,0.3333333333333333,1,1,1.0,1.0,0,0,0,0,509,1,116
C03394,CLI01651,2025-02-22,0,6,823.49,2703.11,Loja física,173,0.30464538993973606,1,1,1036.87,1,0,0,0,758.0,5,5,0,5,5,1.0,18.8,25,94,18.8,25.0,2,1,0,0,522,1,175
C03396,CLI01767,2026-01-11,1,6,562.26,3150.87,Site,173,0.17844595302249855,1,0,,0,0,0,0,,5,5,0,5,5,1.0,16.2,25,81,16.2,25.0,0,0,2,1,687,1,173
C03397,CLI00437,2026-01-11,0,24,59.33,1836.79,Loja física,173,0.03230091627241002,2,5,1014.55,0,0,3,2,395.0,5,5,0,3,3,0.6,4.2,18,21,7.0,18.0,0,0,2,0,627,1,174
C03398,CLI00431,2026-01-14,0,12,99.04,2068.65,Site,83,0.04787663452009765,1,1,161.28,0,0,1,0,591.0,2,2,0,0,0,0.0,0.0,0,0,,,0,0,0,0,760,1,83
C03400,CLI02411,2026-02-04,1,12,56.82,3451.2,Loja física,113,0.01646383866481224,2,1,215.21,0,1,0,0,816.0,3,3,0,1,1,0.3333333333333333,6.666666666666667,20,20,20.0,20.0,0,0,0,0,661,1,114
